task_id,segment_id,department,min_duration_hrs,preferred_window,claimed_criticality,defect_count,avg_severity,max_severity,failure_probability_30d,risk_score,risk_normalized,evidence_score,claim_ratio,inflated_claim,claim_status,claimed_priority,auction_score,priority_score,auction_rank,segment_group,normalized_window
TASK-00466,SEG-039,S&T,3.72,07:00-11:00,5,1.0,0.0,0.0,1.0,100.0,1.0,0.6,1.0,False,SUPPORTED,1.0,0.86,86.0,14,0,07:00-11:00
TASK-00459,SEG-039,S&T,5.42,07:00-11:00,5,1.0,0.0,0.0,1.0,100.0,1.0,0.6,1.0,False,SUPPORTED,1.0,0.86,86.0,13,0,07:00-11:00
TASK-00019,SEG-002,Engineering,4.37,07:00-11:00,5,1.0,0.0,0.0,1.0,100.0,1.0,0.6,1.0,False,SUPPORTED,1.0,0.86,86.0,9,0,07:00-11:00
TASK-00014,SEG-002,Engineering,7.35,07:00-11:00,5,1.0,0.0,0.0,1.0,100.0,1.0,0.6,1.0,False,SUPPORTED,1.0,0.86,86.0,4,0,07:00-11:00
TASK-00017,SEG-002,Engineering,4.23,07:00-11:00,5,1.0,0.0,0.0,1.0,100.0,1.0,0.6,1.0,False,SUPPORTED,1.0,0.86,86.0,7,0,07:00-11:00
TASK-00016,SEG-002,Engineering,4.8,07:00-11:00,5,1.0,0.0,0.0,1.0,100.0,1.0,0.6,1.0,False,SUPPORTED,1.0,0.86,86.0,6,0,07:00-11:00
TASK-00015,SEG-002,Engineering,4.3,07:00-11:00,5,1.0,0.0,0.0,1.0,100.0,1.0,0.6,1.0,False,SUPPORTED,1.0,0.86,86.0,5,0,07:00-11:00
TASK-00022,SEG-002,Engineering,4.19,07:00-11:00,5,1.0,0.0,0.0,1.0,100.0,1.0,0.6,1.0,False,SUPPORTED,1.0,0.86,86.0,12,0,07:00-11:00
TASK-00021,SEG-002,Engineering,3.52,07:00-11:00,5,1.0,0.0,0.0,1.0,100.0,1.0,0.6,1.0,False,SUPPORTED,1.0,0.86,86.0,11,0,07:00-11:00
TASK-00020,SEG-002,Engineering,2.05,07:00-11:00,5,1.0,0.0,0.0,1.0,100.0,1.0,0.6,1.0,False,SUPPORTED,1.0,0.86,86.0,10,0,07:00-11:00
TASK-00012,SEG-002,Engineering,7.2,07:00-11:00,5,1.0,0.0,0.0,1.0,100.0,1.0,0.6,1.0,False,SUPPORTED,1.0,0.86,86.0,2,0,07:00-11:00
TASK-00018,SEG-002,Engineering,5.06,07:00-11:00,5,1.0,0.0,0.0,1.0,100.0,1.0,0.6,1.0,False,SUPPORTED,1.0,0.86,86.0,8,0,07:00-11:00
TASK-00013,SEG-002,Engineering,5.38,07:00-11:00,5,1.0,0.0,0.0,1.0,100.0,1.0,0.6,1.0,False,SUPPORTED,1.0,0.86,86.0,3,0,07:00-11:00
TASK-00011,SEG-002,Engineering,4.81,07:00-11:00,5,1.0,0.0,0.0,1.0,100.0,1.0,0.6,1.0,False,SUPPORTED,1.0,0.86,86.0,1,0,07:00-11:00
TASK-00458,SEG-039,S&T,6.24,07:00-11:00,4,1.0,0.0,0.0,1.0,100.0,1.0,0.6,0.8,False,SUPPORTED,0.8,0.7999999999999999,80.0,15,0,07:00-11:00
TASK-00463,SEG-039,S&T,1.81,07:00-11:00,4,1.0,0.0,0.0,1.0,100.0,1.0,0.6,0.8,False,SUPPORTED,0.8,0.7999999999999999,80.0,17,0,07:00-11:00
TASK-00461,SEG-039,S&T,7.25,07:00-11:00,4,1.0,0.0,0.0,1.0,100.0,1.0,0.6,0.8,False,SUPPORTED,0.8,0.7999999999999999,80.0,16,0,07:00-11:00
TASK-00464,SEG-039,S&T,3.78,07:00-11:00,3,1.0,0.0,0.0,1.0,100.0,1.0,0.6,0.6,False,SUPPORTED,0.6,0.7400000000000001,74.0,18,0,07:00-11:00
TASK-00460,SEG-039,S&T,2.41,07:00-11:00,1,1.0,0.0,0.0,1.0,100.0,1.0,0.6,0.2,False,SUPPORTED,0.2,0.62,62.0,20,0,07:00-11:00
TASK-00467,SEG-039,S&T,5.36,07:00-11:00,1,1.0,0.0,0.0,1.0,100.0,1.0,0.6,0.2,False,SUPPORTED,0.2,0.62,62.0,23,0,07:00-11:00
TASK-00462,SEG-039,S&T,1.57,07:00-11:00,1,1.0,0.0,0.0,1.0,100.0,1.0,0.6,0.2,False,SUPPORTED,0.2,0.62,62.0,21,0,07:00-11:00
TASK-00465,SEG-039,S&T,4.43,07:00-11:00,1,1.0,0.0,0.0,1.0,100.0,1.0,0.6,0.2,False,SUPPORTED,0.2,0.62,62.0,22,0,07:00-11:00
TASK-00457,SEG-039,S&T,5.33,07:00-11:00,1,1.0,0.0,0.0,1.0,100.0,1.0,0.6,0.2,False,SUPPORTED,0.2,0.62,62.0,19,0,07:00-11:00
TASK-00512,SEG-043,Engineering,6.62,07:00-11:00,4,2.0,0.0,0.0,0.2911532,29.115318,0.29115318,0.174691914,0.8,False,SUPPORTED,0.8,0.40304578589999995,40.3,24,0,07:00-11:00
TASK-00507,SEG-043,Engineering,4.13,07:00-11:00,3,2.0,0.0,0.0,0.2911532,29.115318,0.29115318,0.174691914,0.6,False,SUPPORTED,0.6,0.3430457859,34.3,25,0,07:00-11:00
TASK-00510,SEG-043,Engineering,4.56,07:00-11:00,2,2.0,0.0,0.0,0.2911532,29.115318,0.29115318,0.174691914,0.4,False,SUPPORTED,0.4,0.28304578589999996,28.3,28,0,07:00-11:00
TASK-00509,SEG-043,Engineering,3.45,07:00-11:00,2,2.0,0.0,0.0,0.2911532,29.115318,0.29115318,0.174691914,0.4,False,SUPPORTED,0.4,0.28304578589999996,28.3,27,0,07:00-11:00
TASK-00508,SEG-043,Engineering,6.22,07:00-11:00,2,2.0,0.0,0.0,0.2911532,29.115318,0.29115318,0.174691914,0.4,False,SUPPORTED,0.4,0.28304578589999996,28.3,26,0,07:00-11:00
TASK-00160,SEG-014,Engineering,6.35,07:00-11:00,4,1.0,0.0,0.0,0.0062129498,0.621295,0.00621295,0.00372776994,0.8,False,SUPPORTED,0.8,0.24347925194899997,24.35,29,0,07:00-11:00
TASK-00162,SEG-014,Engineering,2.17,07:00-11:00,4,1.0,0.0,0.0,0.0062129498,0.621295,0.00621295,0.00372776994,0.8,False,SUPPORTED,0.8,0.24347925194899997,24.35,30,0,07:00-11:00
TASK-00343,SEG-028,S&T,7.98,07:00-11:00,4,0.0,0.0,0.0,0.004336059,0.4336059,0.004336059,0.0026016354,0.8,False,SUPPORTED,0.8,0.24242819304,24.24,32,0,07:00-11:00
TASK-00341,SEG-028,S&T,3.39,07:00-11:00,4,0.0,0.0,0.0,0.004336059,0.4336059,0.004336059,0.0026016354,0.8,False,SUPPORTED,0.8,0.24242819304,24.24,31,0,07:00-11:00
TASK-00240,SEG-020,Engineering,4.99,07:00-11:00,4,1.0,0.0,0.0,0.004031539,0.4031539,0.004031539,0.0024189233999999996,0.8,False,SUPPORTED,0.8,0.24225766184,24.23,36,0,07:00-11:00
TASK-00237,SEG-020,Engineering,6.19,07:00-11:00,4,1.0,0.0,0.0,0.004031539,0.4031539,0.004031539,0.0024189233999999996,0.8,False,SUPPORTED,0.8,0.24225766184,24.23,35,0,07:00-11:00
TASK-00236,SEG-020,Engineering,7.12,07:00-11:00,4,1.0,0.0,0.0,0.004031539,0.4031539,0.004031539,0.0024189233999999996,0.8,False,SUPPORTED,0.8,0.24225766184,24.23,34,0,07:00-11:00
TASK-00234,SEG-020,Engineering,6.27,07:00-11:00,4,1.0,0.0,0.0,0.004031539,0.4031539,0.004031539,0.0024189233999999996,0.8,False,SUPPORTED,0.8,0.24225766184,24.23,33,0,07:00-11:00
TASK-00137,SEG-012,Electrical,5.73,07:00-11:00,4,0.0,0.0,0.0,0.0026769638,0.26769638,0.0026769638,0.00160617828,0.8,False,SUPPORTED,0.8,0.241499099728,24.15,37,0,07:00-11:00
TASK-00210,SEG-018,Electrical,5.66,07:00-11:00,4,0.0,0.0,0.0,0.0021221638,0.21221638,0.0021221638,0.00127329828,0.8,False,SUPPORTED,0.8,0.241188411728,24.12,39,0,07:00-11:00
TASK-00213,SEG-018,Electrical,2.5,07:00-11:00,4,0.0,0.0,0.0,0.0021221638,0.21221638,0.0021221638,0.00127329828,0.8,False,SUPPORTED,0.8,0.241188411728,24.12,41,0,07:00-11:00
TASK-00207,SEG-018,Electrical,4.3,07:00-11:00,4,0.0,0.0,0.0,0.0021221638,0.21221638,0.0021221638,0.00127329828,0.8,False,SUPPORTED,0.8,0.241188411728,24.12,38,0,07:00-11:00
TASK-00215,SEG-018,Electrical,6.28,07:00-11:00,4,0.0,0.0,0.0,0.0021221638,0.21221638,0.0021221638,0.00127329828,0.8,False,SUPPORTED,0.8,0.241188411728,24.12,42,0,07:00-11:00
TASK-00212,SEG-018,Electrical,2.32,07:00-11:00,4,0.0,0.0,0.0,0.0021221638,0.21221638,0.0021221638,0.00127329828,0.8,False,SUPPORTED,0.8,0.241188411728,24.12,40,0,07:00-11:00
TASK-00360,SEG-030,Electrical,2.16,07:00-11:00,4,0.0,0.0,0.0,0.0018312335,0.18312335,0.0018312335,0.0010987401,0.8,False,SUPPORTED,0.8,0.24102549076,24.1,43,0,07:00-11:00
TASK-00402,SEG-034,S&T,5.94,07:00-11:00,4,0.0,0.0,0.0,0.0017865896,0.17865896,0.0017865896,0.00107195376,0.8,False,SUPPORTED,0.8,0.24100049017599998,24.1,44,0,07:00-11:00
TASK-00391,SEG-033,S&T,2.97,07:00-11:00,4,0.0,0.0,0.0,0.0013402104,0.13402104,0.0013402104,0.00080412624,0.8,False,SUPPORTED,0.8,0.240750517824,24.08,45,0,07:00-11:00
TASK-00395,SEG-033,S&T,3.78,07:00-11:00,4,0.0,0.0,0.0,0.0013402104,0.13402104,0.0013402104,0.00080412624,0.8,False,SUPPORTED,0.8,0.240750517824,24.08,46,0,07:00-11:00
TASK-00106,SEG-009,S&T,3.42,07:00-11:00,4,1.0,0.0,0.0,0.0011402369,0.114023685,0.00114023685,0.0006841421249999999,0.8,False,SUPPORTED,0.8,0.24063853264875001,24.06,48,0,07:00-11:00
TASK-00105,SEG-009,S&T,8.0,07:00-11:00,4,1.0,0.0,0.0,0.0011402369,0.114023685,0.00114023685,0.0006841421249999999,0.8,False,SUPPORTED,0.8,0.24063853264875001,24.06,47,0,07:00-11:00
TASK-00377,SEG-031,Engineering,5.22,07:00-11:00,4,1.0,0.0,0.0,0.0010365844,0.10365844,0.0010365844,0.00062195064,0.8,False,SUPPORTED,0.8,0.240580487264,24.06,54,0,07:00-11:00
TASK-00416,SEG-035,Electrical,3.59,07:00-11:00,4,0.0,0.0,0.0,0.0009829998,0.09829998,0.0009829997999999999,0.00058979988,0.8,False,SUPPORTED,0.8,0.24055047988799996,24.06,55,0,07:00-11:00
TASK-00108,SEG-009,S&T,6.54,07:00-11:00,4,1.0,0.0,0.0,0.0011402369,0.114023685,0.00114023685,0.0006841421249999999,0.8,False,SUPPORTED,0.8,0.24063853264875001,24.06,50,0,07:00-11:00
TASK-00110,SEG-009,S&T,2.13,07:00-11:00,4,1.0,0.0,0.0,0.0011402369,0.114023685,0.00114023685,0.0006841421249999999,0.8,False,SUPPORTED,0.8,0.24063853264875001,24.06,51,0,07:00-11:00
TASK-00107,SEG-009,S&T,1.55,07:00-11:00,4,1.0,0.0,0.0,0.0011402369,0.114023685,0.00114023685,0.0006841421249999999,0.8,False,SUPPORTED,0.8,0.24063853264875001,24.06,49,0,07:00-11:00
TASK-00370,SEG-031,Engineering,6.57,07:00-11:00,4,1.0,0.0,0.0,0.0010365844,0.10365844,0.0010365844,0.00062195064,0.8,False,SUPPORTED,0.8,0.240580487264,24.06,52,0,07:00-11:00
TASK-00372,SEG-031,Engineering,5.05,07:00-11:00,4,1.0,0.0,0.0,0.0010365844,0.10365844,0.0010365844,0.00062195064,0.8,False,SUPPORTED,0.8,0.240580487264,24.06,53,0,07:00-11:00
TASK-00085,SEG-007,Engineering,6.09,07:00-11:00,4,2.0,0.0,0.0,0.00095802546,0.095802546,0.00095802546,0.000574815276,0.8,False,SUPPORTED,0.8,0.2405364942576,24.05,58,0,07:00-11:00
TASK-00204,SEG-017,Electrical,3.82,07:00-11:00,4,0.0,0.0,0.0,0.00095802546,0.095802546,0.00095802546,0.000574815276,0.8,False,SUPPORTED,0.8,0.2405364942576,24.05,65,0,07:00-11:00
TASK-00475,SEG-040,S&T,6.39,07:00-11:00,4,1.0,0.0,0.0,0.0008919239,0.08919239,0.0008919239,0.00053515434,0.8,False,SUPPORTED,0.8,0.240499477384,24.05,67,0,07:00-11:00
TASK-00471,SEG-040,S&T,2.13,07:00-11:00,4,1.0,0.0,0.0,0.0008919239,0.08919239,0.0008919239,0.00053515434,0.8,False,SUPPORTED,0.8,0.240499477384,24.05,66,0,07:00-11:00
TASK-00476,SEG-040,S&T,2.98,07:00-11:00,4,1.0,0.0,0.0,0.0008919239,0.08919239,0.0008919239,0.00053515434,0.8,False,SUPPORTED,0.8,0.240499477384,24.05,68,0,07:00-11:00
TASK-00112,SEG-010,S&T,2.36,07:00-11:00,4,0.0,0.0,0.0,0.00092047453,0.09204745,0.0009204745000000001,0.000552284709,0.8,False,SUPPORTED,0.8,0.24051546572764998,24.05,59,0,07:00-11:00
TASK-00122,SEG-010,S&T,4.15,07:00-11:00,4,0.0,0.0,0.0,0.00092047453,0.09204745,0.0009204745000000001,0.000552284709,0.8,False,SUPPORTED,0.8,0.24051546572764998,24.05,60,0,07:00-11:00
TASK-00502,SEG-042,Electrical,4.88,07:00-11:00,4,1.0,0.0,0.0,0.0008919239,0.08919239,0.0008919239,0.00053515434,0.8,False,SUPPORTED,0.8,0.240499477384,24.05,70,0,07:00-11:00
TASK-00193,SEG-016,S&T,7.61,07:00-11:00,4,0.0,0.0,0.0,0.0008919239,0.08919239,0.0008919239,0.00053515434,0.8,False,SUPPORTED,0.8,0.240499477384,24.05,64,0,07:00-11:00
TASK-00191,SEG-016,S&T,1.75,07:00-11:00,4,0.0,0.0,0.0,0.0008919239,0.08919239,0.0008919239,0.00053515434,0.8,False,SUPPORTED,0.8,0.240499477384,24.05,62,0,07:00-11:00
TASK-00192,SEG-016,S&T,5.5,07:00-11:00,4,0.0,0.0,0.0,0.0008919239,0.08919239,0.0008919239,0.00053515434,0.8,False,SUPPORTED,0.8,0.240499477384,24.05,63,0,07:00-11:00
TASK-00184,SEG-016,S&T,5.91,07:00-11:00,4,0.0,0.0,0.0,0.0008919239,0.08919239,0.0008919239,0.00053515434,0.8,False,SUPPORTED,0.8,0.240499477384,24.05,61,0,07:00-11:00
TASK-00550,SEG-046,S&T,4.8,07:00-11:00,4,0.0,0.0,0.0,0.0009598136,0.09598136,0.0009598136,0.00057588816,0.8,False,SUPPORTED,0.8,0.240537495616,24.05,71,0,07:00-11:00
TASK-00080,SEG-007,Engineering,7.15,07:00-11:00,4,2.0,0.0,0.0,0.00095802546,0.095802546,0.00095802546,0.000574815276,0.8,False,SUPPORTED,0.8,0.2405364942576,24.05,57,0,07:00-11:00
TASK-00075,SEG-007,Engineering,6.84,07:00-11:00,4,2.0,0.0,0.0,0.00095802546,0.095802546,0.00095802546,0.000574815276,0.8,False,SUPPORTED,0.8,0.2405364942576,24.05,56,0,07:00-11:00
TASK-00479,SEG-040,S&T,7.67,07:00-11:00,4,1.0,0.0,0.0,0.0008919239,0.08919239,0.0008919239,0.00053515434,0.8,False,SUPPORTED,0.8,0.240499477384,24.05,69,0,07:00-11:00
TASK-00156,SEG-013,Engineering,4.08,07:00-11:00,4,0.0,0.0,0.0,0.0007721782,0.07721782,0.0007721782000000001,0.00046330692,0.8,False,SUPPORTED,0.8,0.24043241979199997,24.04,72,0,07:00-11:00
TASK-00278,SEG-024,Electrical,4.4,07:00-11:00,4,2.0,0.0,0.0,0.00074899197,0.0748992,0.000748992,0.000449395191,0.8,False,SUPPORTED,0.8,0.24041943551235,24.04,73,0,07:00-11:00
TASK-00283,SEG-024,Electrical,3.74,07:00-11:00,4,2.0,0.0,0.0,0.00074899197,0.0748992,0.000748992,0.000449395191,0.8,False,SUPPORTED,0.8,0.24041943551235,24.04,74,0,07:00-11:00
TASK-00323,SEG-027,S&T,1.8,07:00-11:00,4,0.0,0.0,0.0,0.00050771236,0.050771236,0.00050771236,0.000304627416,0.8,False,SUPPORTED,0.8,0.2402843189216,24.03,94,0,07:00-11:00
TASK-00318,SEG-027,S&T,3.24,07:00-11:00,4,0.0,0.0,0.0,0.00050771236,0.050771236,0.00050771236,0.000304627416,0.8,False,SUPPORTED,0.8,0.2402843189216,24.03,92,0,07:00-11:00
TASK-00422,SEG-036,Electrical,1.51,07:00-11:00,4,0.0,0.0,0.0,0.00048089027,0.048089027,0.00048089027,0.00028853416199999996,0.8,False,SUPPORTED,0.8,0.2402692985512,24.03,95,0,07:00-11:00
TASK-00559,SEG-047,Electrical,6.86,07:00-11:00,4,1.0,0.0,0.0,0.00050771236,0.050771236,0.00050771236,0.000304627416,0.8,False,SUPPORTED,0.8,0.2402843189216,24.03,102,0,07:00-11:00
TASK-00557,SEG-047,Electrical,3.93,07:00-11:00,4,1.0,0.0,0.0,0.00050771236,0.050771236,0.00050771236,0.000304627416,0.8,False,SUPPORTED,0.8,0.2402843189216,24.03,101,0,07:00-11:00
TASK-00317,SEG-027,S&T,7.47,07:00-11:00,4,0.0,0.0,0.0,0.00050771236,0.050771236,0.00050771236,0.000304627416,0.8,False,SUPPORTED,0.8,0.2402843189216,24.03,91,0,07:00-11:00
TASK-00430,SEG-036,Electrical,4.44,07:00-11:00,4,0.0,0.0,0.0,0.00048089027,0.048089027,0.00048089027,0.00028853416199999996,0.8,False,SUPPORTED,0.8,0.2402692985512,24.03,97,0,07:00-11:00
TASK-00320,SEG-027,S&T,4.13,07:00-11:00,4,0.0,0.0,0.0,0.00050771236,0.050771236,0.00050771236,0.000304627416,0.8,False,SUPPORTED,0.8,0.2402843189216,24.03,93,0,07:00-11:00
TASK-00316,SEG-027,S&T,1.61,07:00-11:00,4,0.0,0.0,0.0,0.00050771236,0.050771236,0.00050771236,0.000304627416,0.8,False,SUPPORTED,0.8,0.2402843189216,24.03,90,0,07:00-11:00
TASK-00446,SEG-038,Engineering,3.11,07:00-11:00,4,3.0,0.0,0.0,0.0004594326,0.04594326,0.0004594326,0.00027565955999999997,0.8,False,SUPPORTED,0.8,0.240257282256,24.03,99,0,07:00-11:00
TASK-00423,SEG-036,Electrical,4.94,07:00-11:00,4,0.0,0.0,0.0,0.00048089027,0.048089027,0.00048089027,0.00028853416199999996,0.8,False,SUPPORTED,0.8,0.2402692985512,24.03,96,0,07:00-11:00
TASK-00244,SEG-021,S&T,5.42,07:00-11:00,4,1.0,0.0,0.0,0.00050771236,0.050771236,0.00050771236,0.000304627416,0.8,False,SUPPORTED,0.8,0.2402843189216,24.03,85,0,07:00-11:00
TASK-00225,SEG-019,Engineering,4.31,07:00-11:00,4,1.0,0.0,0.0,0.0005059242,0.050592422,0.00050592422,0.000303554526,0.8,False,SUPPORTED,0.8,0.2402833175581,24.03,84,0,07:00-11:00
TASK-00223,SEG-019,Engineering,4.17,07:00-11:00,4,1.0,0.0,0.0,0.0005059242,0.050592422,0.00050592422,0.000303554526,0.8,False,SUPPORTED,0.8,0.2402833175581,24.03,83,0,07:00-11:00
TASK-00123,SEG-011,Electrical,7.06,07:00-11:00,4,0.0,0.0,0.0,0.00050771236,0.050771236,0.00050771236,0.000304627416,0.8,False,SUPPORTED,0.8,0.2402843189216,24.03,75,0,07:00-11:00
TASK-00587,SEG-049,Engineering,5.01,07:00-11:00,4,0.0,0.0,0.0,0.0005059242,0.050592422,0.00050592422,0.000303554526,0.8,False,SUPPORTED,0.8,0.2402833175581,24.03,104,0,07:00-11:00
TASK-00569,SEG-047,Electrical,5.21,07:00-11:00,4,1.0,0.0,0.0,0.00050771236,0.050771236,0.00050771236,0.000304627416,0.8,False,SUPPORTED,0.8,0.2402843189216,24.03,103,0,07:00-11:00
TASK-00135,SEG-011,Electrical,2.32,07:00-11:00,4,0.0,0.0,0.0,0.00050771236,0.050771236,0.00050771236,0.000304627416,0.8,False,SUPPORTED,0.8,0.2402843189216,24.03,78,0,07:00-11:00
TASK-00175,SEG-015,S&T,5.37,07:00-11:00,4,1.0,0.0,0.0,0.00050771236,0.050771236,0.00050771236,0.000304627416,0.8,False,SUPPORTED,0.8,0.2402843189216,24.03,81,0,07:00-11:00
TASK-00128,SEG-011,Electrical,7.08,07:00-11:00,4,0.0,0.0,0.0,0.00050771236,0.050771236,0.00050771236,0.000304627416,0.8,False,SUPPORTED,0.8,0.2402843189216,24.03,76,0,07:00-11:00
TASK-00432,SEG-036,Electrical,4.08,07:00-11:00,4,0.0,0.0,0.0,0.00048089027,0.048089027,0.00048089027,0.00028853416199999996,0.8,False,SUPPORTED,0.8,0.2402692985512,24.03,98,0,07:00-11:00
TASK-00245,SEG-021,S&T,4.88,07:00-11:00,4,1.0,0.0,0.0,0.00050771236,0.050771236,0.00050771236,0.000304627416,0.8,False,SUPPORTED,0.8,0.2402843189216,24.03,86,0,07:00-11:00
TASK-00269,SEG-023,Electrical,5.71,07:00-11:00,4,0.0,0.0,0.0,0.00050771236,0.050771236,0.00050771236,0.000304627416,0.8,False,SUPPORTED,0.8,0.2402843189216,24.03,89,0,07:00-11:00
TASK-00249,SEG-021,S&T,7.79,07:00-11:00,4,1.0,0.0,0.0,0.00050771236,0.050771236,0.00050771236,0.000304627416,0.8,False,SUPPORTED,0.8,0.2402843189216,24.03,88,0,07:00-11:00
TASK-00247,SEG-021,S&T,3.45,07:00-11:00,4,1.0,0.0,0.0,0.00050771236,0.050771236,0.00050771236,0.000304627416,0.8,False,SUPPORTED,0.8,0.2402843189216,24.03,87,0,07:00-11:00
TASK-00177,SEG-015,S&T,5.86,07:00-11:00,4,1.0,0.0,0.0,0.00050771236,0.050771236,0.00050771236,0.000304627416,0.8,False,SUPPORTED,0.8,0.2402843189216,24.03,82,0,07:00-11:00
TASK-00173,SEG-015,S&T,5.91,07:00-11:00,4,1.0,0.0,0.0,0.00050771236,0.050771236,0.00050771236,0.000304627416,0.8,False,SUPPORTED,0.8,0.2402843189216,24.03,79,0,07:00-11:00
TASK-00174,SEG-015,S&T,2.03,07:00-11:00,4,1.0,0.0,0.0,0.00050771236,0.050771236,0.00050771236,0.000304627416,0.8,False,SUPPORTED,0.8,0.2402843189216,24.03,80,0,07:00-11:00
TASK-00541,SEG-045,S&T,2.36,07:00-11:00,4,0.0,0.0,0.0,0.00050771236,0.050771236,0.00050771236,0.000304627416,0.8,False,SUPPORTED,0.8,0.2402843189216,24.03,100,0,07:00-11:00
TASK-00130,SEG-011,Electrical,3.6,07:00-11:00,4,0.0,0.0,0.0,0.00050771236,0.050771236,0.00050771236,0.000304627416,0.8,False,SUPPORTED,0.8,0.2402843189216,24.03,77,0,07:00-11:00
TASK-00257,SEG-022,S&T,2.29,07:00-11:00,4,0.0,0.0,0.0,0.00039690733,0.039690733,0.00039690733,0.00023814439799999998,0.8,False,SUPPORTED,0.8,0.2402222681048,24.02,112,0,07:00-11:00
TASK-00255,SEG-022,S&T,4.65,07:00-11:00,4,0.0,0.0,0.0,0.00039690733,0.039690733,0.00039690733,0.00023814439799999998,0.8,False,SUPPORTED,0.8,0.2402222681048,24.02,111,0,07:00-11:00
TASK-00261,SEG-022,S&T,3.01,07:00-11:00,4,0.0,0.0,0.0,0.00039690733,0.039690733,0.00039690733,0.00023814439799999998,0.8,False,SUPPORTED,0.8,0.2402222681048,24.02,113,0,07:00-11:00
TASK-00062,SEG-006,Electrical,7.62,07:00-11:00,4,0.0,0.0,0.0,0.00039690733,0.039690733,0.00039690733,0.00023814439799999998,0.8,False,SUPPORTED,0.8,0.2402222681048,24.02,105,0,07:00-11:00
TASK-00311,SEG-026,Engineering,6.26,07:00-11:00,4,0.0,0.0,0.0,0.00039690733,0.039690733,0.00039690733,0.00023814439799999998,0.8,False,SUPPORTED,0.8,0.2402222681048,24.02,114,0,07:00-11:00
TASK-00312,SEG-026,Engineering,7.94,07:00-11:00,4,0.0,0.0,0.0,0.00039690733,0.039690733,0.00039690733,0.00023814439799999998,0.8,False,SUPPORTED,0.8,0.2402222681048,24.02,115,0,07:00-11:00
TASK-00089,SEG-008,Engineering,4.4,07:00-11:00,4,1.0,0.0,0.0,0.00039690733,0.039690733,0.00039690733,0.00023814439799999998,0.8,False,SUPPORTED,0.8,0.2402222681048,24.02,108,0,07:00-11:00
TASK-00098,SEG-008,Engineering,4.32,07:00-11:00,4,1.0,0.0,0.0,0.00039690733,0.039690733,0.00039690733,0.00023814439799999998,0.8,False,SUPPORTED,0.8,0.2402222681048,24.02,109,0,07:00-11:00
TASK-00071,SEG-006,Electrical,2.47,07:00-11:00,4,0.0,0.0,0.0,0.00039690733,0.039690733,0.00039690733,0.00023814439799999998,0.8,False,SUPPORTED,0.8,0.2402222681048,24.02,106,0,07:00-11:00
TASK-00099,SEG-008,Engineering,6.01,07:00-11:00,4,1.0,0.0,0.0,0.00039690733,0.039690733,0.00039690733,0.00023814439799999998,0.8,False,SUPPORTED,0.8,0.2402222681048,24.02,110,0,07:00-11:00
TASK-00086,SEG-008,Engineering,3.99,07:00-11:00,4,1.0,0.0,0.0,0.00039690733,0.039690733,0.00039690733,0.00023814439799999998,0.8,False,SUPPORTED,0.8,0.2402222681048,24.02,107,0,07:00-11:00
TASK-00598,SEG-050,Engineering,4.97,07:00-11:00,4,0.0,0.0,0.0,0.00039690733,0.039690733,0.00039690733,0.00023814439799999998,0.8,False,SUPPORTED,0.8,0.2402222681048,24.02,116,0,07:00-11:00
TASK-00599,SEG-050,Engineering,2.44,07:00-11:00,4,0.0,0.0,0.0,0.00039690733,0.039690733,0.00039690733,0.00023814439799999998,0.8,False,SUPPORTED,0.8,0.2402222681048,24.02,117,0,07:00-11:00
TASK-00600,SEG-050,Engineering,5.1,07:00-11:00,4,0.0,0.0,0.0,0.00039690733,0.039690733,0.00039690733,0.00023814439799999998,0.8,False,SUPPORTED,0.8,0.2402222681048,24.02,118,0,07:00-11:00
TASK-00601,SEG-050,Engineering,5.06,07:00-11:00,4,0.0,0.0,0.0,0.00039690733,0.039690733,0.00039690733,0.00023814439799999998,0.8,False,SUPPORTED,0.8,0.2402222681048,24.02,119,0,07:00-11:00
TASK-00602,SEG-050,Engineering,4.18,07:00-11:00,4,0.0,0.0,0.0,0.00039690733,0.039690733,0.00039690733,0.00023814439799999998,0.8,False,SUPPORTED,0.8,0.2402222681048,24.02,120,0,07:00-11:00
TASK-00494,SEG-041,Electrical,7.47,07:00-11:00,4,1.0,0.0,0.0,0.0,0.0,0.0,0.0,0.8,False,SUPPORTED,0.8,0.24,24.0,126,0,07:00-11:00
TASK-00489,SEG-041,Electrical,2.37,07:00-11:00,4,1.0,0.0,0.0,0.0,0.0,0.0,0.0,0.8,False,SUPPORTED,0.8,0.24,24.0,123,0,07:00-11:00
TASK-00490,SEG-041,Electrical,5.43,07:00-11:00,4,1.0,0.0,0.0,0.0,0.0,0.0,0.0,0.8,False,SUPPORTED,0.8,0.24,24.0,124,0,07:00-11:00
TASK-00493,SEG-041,Electrical,2.75,07:00-11:00,4,1.0,0.0,0.0,0.0,0.0,0.0,0.0,0.8,False,SUPPORTED,0.8,0.24,24.0,125,0,07:00-11:00
TASK-00484,SEG-041,Electrical,5.16,07:00-11:00,4,1.0,0.0,0.0,0.0,0.0,0.0,0.0,0.8,False,SUPPORTED,0.8,0.24,24.0,122,0,07:00-11:00
TASK-00378,SEG-032,Engineering,7.47,07:00-11:00,4,4.0,0.0,0.0,0.0,0.0,0.0,0.0,0.8,False,SUPPORTED,0.8,0.24,24.0,121,0,07:00-11:00
TASK-00513,SEG-043,Engineering,1.85,07:00-11:00,5,2.0,0.0,0.0,0.2911532,29.115318,0.29115318,0.174691914,1.0,True,INFLATED,1.0,0.23152289295,23.15,128,0,07:00-11:00
TASK-00515,SEG-043,Engineering,2.39,07:00-11:00,5,2.0,0.0,0.0,0.2911532,29.115318,0.29115318,0.174691914,1.0,True,INFLATED,1.0,0.23152289295,23.15,130,0,07:00-11:00
TASK-00517,SEG-043,Engineering,5.62,07:00-11:00,5,2.0,0.0,0.0,0.2911532,29.115318,0.29115318,0.174691914,1.0,True,INFLATED,1.0,0.23152289295,23.15,131,0,07:00-11:00
TASK-00511,SEG-043,Engineering,7.35,07:00-11:00,5,2.0,0.0,0.0,0.2911532,29.115318,0.29115318,0.174691914,1.0,True,INFLATED,1.0,0.23152289295,23.15,127,0,07:00-11:00
TASK-00514,SEG-043,Engineering,4.75,07:00-11:00,5,2.0,0.0,0.0,0.2911532,29.115318,0.29115318,0.174691914,1.0,True,INFLATED,1.0,0.23152289295,23.15,129,0,07:00-11:00
TASK-00516,SEG-043,Engineering,3.56,07:00-11:00,1,2.0,0.0,0.0,0.2911532,29.115318,0.29115318,0.174691914,0.2,False,SUPPORTED,0.2,0.2230457859,22.3,132,0,07:00-11:00
TASK-00518,SEG-043,Engineering,6.47,07:00-11:00,1,2.0,0.0,0.0,0.2911532,29.115318,0.29115318,0.174691914,0.2,False,SUPPORTED,0.2,0.2230457859,22.3,133,0,07:00-11:00
TASK-00164,SEG-014,Engineering,7.51,07:00-11:00,3,1.0,0.0,0.0,0.0062129498,0.621295,0.00621295,0.00372776994,0.6,False,SUPPORTED,0.6,0.18347925194899997,18.35,135,0,07:00-11:00
TASK-00165,SEG-014,Engineering,4.36,07:00-11:00,3,1.0,0.0,0.0,0.0062129498,0.621295,0.00621295,0.00372776994,0.6,False,SUPPORTED,0.6,0.18347925194899997,18.35,136,0,07:00-11:00
TASK-00163,SEG-014,Engineering,7.68,07:00-11:00,3,1.0,0.0,0.0,0.0062129498,0.621295,0.00621295,0.00372776994,0.6,False,SUPPORTED,0.6,0.18347925194899997,18.35,134,0,07:00-11:00
TASK-00335,SEG-028,S&T,4.89,07:00-11:00,3,0.0,0.0,0.0,0.004336059,0.4336059,0.004336059,0.0026016354,0.6,False,SUPPORTED,0.6,0.18242819304,18.24,139,0,07:00-11:00
TASK-00330,SEG-028,S&T,6.69,07:00-11:00,3,0.0,0.0,0.0,0.004336059,0.4336059,0.004336059,0.0026016354,0.6,False,SUPPORTED,0.6,0.18242819304,18.24,137,0,07:00-11:00
TASK-00331,SEG-028,S&T,3.56,07:00-11:00,3,0.0,0.0,0.0,0.004336059,0.4336059,0.004336059,0.0026016354,0.6,False,SUPPORTED,0.6,0.18242819304,18.24,138,0,07:00-11:00
TASK-00238,SEG-020,Engineering,7.21,07:00-11:00,3,1.0,0.0,0.0,0.004031539,0.4031539,0.004031539,0.0024189233999999996,0.6,False,SUPPORTED,0.6,0.18225766184,18.23,141,0,07:00-11:00
TASK-00235,SEG-020,Engineering,3.07,07:00-11:00,3,1.0,0.0,0.0,0.004031539,0.4031539,0.004031539,0.0024189233999999996,0.6,False,SUPPORTED,0.6,0.18225766184,18.23,140,0,07:00-11:00
TASK-00242,SEG-020,Engineering,4.01,07:00-11:00,3,1.0,0.0,0.0,0.004031539,0.4031539,0.004031539,0.0024189233999999996,0.6,False,SUPPORTED,0.6,0.18225766184,18.23,142,0,07:00-11:00
TASK-00144,SEG-012,Electrical,7.01,07:00-11:00,3,0.0,0.0,0.0,0.0026769638,0.26769638,0.0026769638,0.00160617828,0.6,False,SUPPORTED,0.6,0.181499099728,18.15,144,0,07:00-11:00
TASK-00140,SEG-012,Electrical,2.09,07:00-11:00,3,0.0,0.0,0.0,0.0026769638,0.26769638,0.0026769638,0.00160617828,0.6,False,SUPPORTED,0.6,0.181499099728,18.15,143,0,07:00-11:00
TASK-00214,SEG-018,Electrical,2.4,07:00-11:00,3,0.0,0.0,0.0,0.0021221638,0.21221638,0.0021221638,0.00127329828,0.6,False,SUPPORTED,0.6,0.18118841172800002,18.12,145,0,07:00-11:00
TASK-00219,SEG-018,Electrical,5.02,07:00-11:00,3,0.0,0.0,0.0,0.0021221638,0.21221638,0.0021221638,0.00127329828,0.6,False,SUPPORTED,0.6,0.18118841172800002,18.12,146,0,07:00-11:00
TASK-00407,SEG-034,S&T,6.04,07:00-11:00,3,0.0,0.0,0.0,0.0017865896,0.17865896,0.0017865896,0.00107195376,0.6,False,SUPPORTED,0.6,0.18100049017599998,18.1,149,0,07:00-11:00
TASK-00405,SEG-034,S&T,5.66,07:00-11:00,3,0.0,0.0,0.0,0.0017865896,0.17865896,0.0017865896,0.00107195376,0.6,False,SUPPORTED,0.6,0.18100049017599998,18.1,147,0,07:00-11:00
TASK-00406,SEG-034,S&T,4.99,07:00-11:00,3,0.0,0.0,0.0,0.0017865896,0.17865896,0.0017865896,0.00107195376,0.6,False,SUPPORTED,0.6,0.18100049017599998,18.1,148,0,07:00-11:00
TASK-00394,SEG-033,S&T,7.95,07:00-11:00,3,0.0,0.0,0.0,0.0013402104,0.13402104,0.0013402104,0.00080412624,0.6,False,SUPPORTED,0.6,0.180750517824,18.08,150,0,07:00-11:00
TASK-00373,SEG-031,Engineering,7.19,07:00-11:00,3,1.0,0.0,0.0,0.0010365844,0.10365844,0.0010365844,0.00062195064,0.6,False,SUPPORTED,0.6,0.180580487264,18.06,157,0,07:00-11:00
TASK-00354,SEG-029,Electrical,4.64,07:00-11:00,3,0.0,0.0,0.0,0.0011402369,0.114023685,0.00114023685,0.0006841421249999999,0.6,False,SUPPORTED,0.6,0.18063853264875002,18.06,154,0,07:00-11:00
TASK-00420,SEG-035,Electrical,3.08,07:00-11:00,3,0.0,0.0,0.0,0.0009829998,0.09829998,0.0009829997999999999,0.00058979988,0.6,False,SUPPORTED,0.6,0.18055047988799997,18.06,158,0,07:00-11:00
TASK-00344,SEG-029,Electrical,6.68,07:00-11:00,3,0.0,0.0,0.0,0.0011402369,0.114023685,0.00114023685,0.0006841421249999999,0.6,False,SUPPORTED,0.6,0.18063853264875002,18.06,152,0,07:00-11:00
TASK-00366,SEG-031,Engineering,2.58,07:00-11:00,3,1.0,0.0,0.0,0.0010365844,0.10365844,0.0010365844,0.00062195064,0.6,False,SUPPORTED,0.6,0.180580487264,18.06,155,0,07:00-11:00
TASK-00367,SEG-031,Engineering,7.69,07:00-11:00,3,1.0,0.0,0.0,0.0010365844,0.10365844,0.0010365844,0.00062195064,0.6,False,SUPPORTED,0.6,0.180580487264,18.06,156,0,07:00-11:00
TASK-00109,SEG-009,S&T,3.13,07:00-11:00,3,1.0,0.0,0.0,0.0011402369,0.114023685,0.00114023685,0.0006841421249999999,0.6,False,SUPPORTED,0.6,0.18063853264875002,18.06,151,0,07:00-11:00
TASK-00351,SEG-029,Electrical,3.93,07:00-11:00,3,0.0,0.0,0.0,0.0011402369,0.114023685,0.00114023685,0.0006841421249999999,0.6,False,SUPPORTED,0.6,0.18063853264875002,18.06,153,0,07:00-11:00
TASK-00205,SEG-017,Electrical,4.34,07:00-11:00,3,0.0,0.0,0.0,0.00095802546,0.095802546,0.00095802546,0.000574815276,0.6,False,SUPPORTED,0.6,0.1805364942576,18.05,172,0,07:00-11:00
TASK-00547,SEG-046,S&T,6.22,07:00-11:00,3,0.0,0.0,0.0,0.0009598136,0.09598136,0.0009598136,0.00057588816,0.6,False,SUPPORTED,0.6,0.180537495616,18.05,179,0,07:00-11:00
TASK-00186,SEG-016,S&T,1.84,07:00-11:00,3,0.0,0.0,0.0,0.0008919239,0.08919239,0.0008919239,0.00053515434,0.6,False,SUPPORTED,0.6,0.180499477384,18.05,170,0,07:00-11:00
TASK-00183,SEG-016,S&T,4.97,07:00-11:00,3,0.0,0.0,0.0,0.0008919239,0.08919239,0.0008919239,0.00053515434,0.6,False,SUPPORTED,0.6,0.180499477384,18.05,168,0,07:00-11:00
TASK-00185,SEG-016,S&T,4.93,07:00-11:00,3,0.0,0.0,0.0,0.0008919239,0.08919239,0.0008919239,0.00053515434,0.6,False,SUPPORTED,0.6,0.180499477384,18.05,169,0,07:00-11:00
TASK-00116,SEG-010,S&T,5.87,07:00-11:00,3,0.0,0.0,0.0,0.00092047453,0.09204745,0.0009204745000000001,0.000552284709,0.6,False,SUPPORTED,0.6,0.18051546572764998,18.05,166,0,07:00-11:00
TASK-00113,SEG-010,S&T,3.17,07:00-11:00,3,0.0,0.0,0.0,0.00092047453,0.09204745,0.0009204745000000001,0.000552284709,0.6,False,SUPPORTED,0.6,0.18051546572764998,18.05,163,0,07:00-11:00
TASK-00114,SEG-010,S&T,4.54,07:00-11:00,3,0.0,0.0,0.0,0.00092047453,0.09204745,0.0009204745000000001,0.000552284709,0.6,False,SUPPORTED,0.6,0.18051546572764998,18.05,164,0,07:00-11:00
TASK-00473,SEG-040,S&T,5.04,07:00-11:00,3,1.0,0.0,0.0,0.0008919239,0.08919239,0.0008919239,0.00053515434,0.6,False,SUPPORTED,0.6,0.180499477384,18.05,174,0,07:00-11:00
TASK-00474,SEG-040,S&T,3.21,07:00-11:00,3,1.0,0.0,0.0,0.0008919239,0.08919239,0.0008919239,0.00053515434,0.6,False,SUPPORTED,0.6,0.180499477384,18.05,175,0,07:00-11:00
TASK-00121,SEG-010,S&T,6.32,07:00-11:00,3,0.0,0.0,0.0,0.00092047453,0.09204745,0.0009204745000000001,0.000552284709,0.6,False,SUPPORTED,0.6,0.18051546572764998,18.05,167,0,07:00-11:00
TASK-00549,SEG-046,S&T,7.15,07:00-11:00,3,0.0,0.0,0.0,0.0009598136,0.09598136,0.0009598136,0.00057588816,0.6,False,SUPPORTED,0.6,0.180537495616,18.05,181,0,07:00-11:00
TASK-00115,SEG-010,S&T,3.88,07:00-11:00,3,0.0,0.0,0.0,0.00092047453,0.09204745,0.0009204745000000001,0.000552284709,0.6,False,SUPPORTED,0.6,0.18051546572764998,18.05,165,0,07:00-11:00
TASK-00548,SEG-046,S&T,7.3,07:00-11:00,3,0.0,0.0,0.0,0.0009598136,0.09598136,0.0009598136,0.00057588816,0.6,False,SUPPORTED,0.6,0.180537495616,18.05,180,0,07:00-11:00
TASK-00468,SEG-040,S&T,2.52,07:00-11:00,3,1.0,0.0,0.0,0.0008919239,0.08919239,0.0008919239,0.00053515434,0.6,False,SUPPORTED,0.6,0.180499477384,18.05,173,0,07:00-11:00
TASK-00500,SEG-042,Electrical,3.14,07:00-11:00,3,1.0,0.0,0.0,0.0008919239,0.08919239,0.0008919239,0.00053515434,0.6,False,SUPPORTED,0.6,0.180499477384,18.05,177,0,07:00-11:00
TASK-00506,SEG-042,Electrical,3.58,07:00-11:00,3,1.0,0.0,0.0,0.0008919239,0.08919239,0.0008919239,0.00053515434,0.6,False,SUPPORTED,0.6,0.180499477384,18.05,178,0,07:00-11:00
TASK-00496,SEG-042,Electrical,5.31,07:00-11:00,3,1.0,0.0,0.0,0.0008919239,0.08919239,0.0008919239,0.00053515434,0.6,False,SUPPORTED,0.6,0.180499477384,18.05,176,0,07:00-11:00
TASK-00079,SEG-007,Engineering,2.07,07:00-11:00,3,2.0,0.0,0.0,0.00095802546,0.095802546,0.00095802546,0.000574815276,0.6,False,SUPPORTED,0.6,0.1805364942576,18.05,161,0,07:00-11:00
TASK-00082,SEG-007,Engineering,2.29,07:00-11:00,3,2.0,0.0,0.0,0.00095802546,0.095802546,0.00095802546,0.000574815276,0.6,False,SUPPORTED,0.6,0.1805364942576,18.05,162,0,07:00-11:00
TASK-00076,SEG-007,Engineering,2.68,07:00-11:00,3,2.0,0.0,0.0,0.00095802546,0.095802546,0.00095802546,0.000574815276,0.6,False,SUPPORTED,0.6,0.1805364942576,18.05,160,0,07:00-11:00
TASK-00073,SEG-007,Engineering,4.75,07:00-11:00,3,2.0,0.0,0.0,0.00095802546,0.095802546,0.00095802546,0.000574815276,0.6,False,SUPPORTED,0.6,0.1805364942576,18.05,159,0,07:00-11:00
TASK-00556,SEG-046,S&T,2.24,07:00-11:00,3,0.0,0.0,0.0,0.0009598136,0.09598136,0.0009598136,0.00057588816,0.6,False,SUPPORTED,0.6,0.180537495616,18.05,182,0,07:00-11:00
TASK-00203,SEG-017,Electrical,4.09,07:00-11:00,3,0.0,0.0,0.0,0.00095802546,0.095802546,0.00095802546,0.000574815276,0.6,False,SUPPORTED,0.6,0.1805364942576,18.05,171,0,07:00-11:00
TASK-00155,SEG-013,Engineering,2.34,07:00-11:00,3,0.0,0.0,0.0,0.0007721782,0.07721782,0.0007721782000000001,0.00046330692,0.6,False,SUPPORTED,0.6,0.18043241979199998,18.04,183,0,07:00-11:00
TASK-00572,SEG-048,Electrical,2.83,07:00-11:00,3,2.0,0.0,0.0,0.0007775426,0.07775426,0.0007775426000000001,0.00046652556,0.6,False,SUPPORTED,0.6,0.18043542385599998,18.04,193,0,07:00-11:00
TASK-00285,SEG-024,Electrical,7.95,07:00-11:00,3,2.0,0.0,0.0,0.00074899197,0.0748992,0.000748992,0.000449395191,0.6,False,SUPPORTED,0.6,0.18041943551235,18.04,189,0,07:00-11:00
TASK-00277,SEG-024,Electrical,6.87,07:00-11:00,3,2.0,0.0,0.0,0.00074899197,0.0748992,0.000748992,0.000449395191,0.6,False,SUPPORTED,0.6,0.18041943551235,18.04,186,0,07:00-11:00
TASK-00158,SEG-013,Engineering,1.64,07:00-11:00,3,0.0,0.0,0.0,0.0007721782,0.07721782,0.0007721782000000001,0.00046330692,0.6,False,SUPPORTED,0.6,0.18043241979199998,18.04,184,0,07:00-11:00
TASK-00288,SEG-024,Electrical,6.42,07:00-11:00,3,2.0,0.0,0.0,0.00074899197,0.0748992,0.000748992,0.000449395191,0.6,False,SUPPORTED,0.6,0.18041943551235,18.04,190,0,07:00-11:00
TASK-00289,SEG-024,Electrical,3.97,07:00-11:00,3,2.0,0.0,0.0,0.00074899197,0.0748992,0.000748992,0.000449395191,0.6,False,SUPPORTED,0.6,0.18041943551235,18.04,191,0,07:00-11:00
TASK-00290,SEG-024,Electrical,1.71,07:00-11:00,3,2.0,0.0,0.0,0.00074899197,0.0748992,0.000748992,0.000449395191,0.6,False,SUPPORTED,0.6,0.18041943551235,18.04,192,0,07:00-11:00
TASK-00284,SEG-024,Electrical,1.71,07:00-11:00,3,2.0,0.0,0.0,0.00074899197,0.0748992,0.000748992,0.000449395191,0.6,False,SUPPORTED,0.6,0.18041943551235,18.04,188,0,07:00-11:00
TASK-00282,SEG-024,Electrical,4.07,07:00-11:00,3,2.0,0.0,0.0,0.00074899197,0.0748992,0.000748992,0.000449395191,0.6,False,SUPPORTED,0.6,0.18041943551235,18.04,187,0,07:00-11:00
TASK-00159,SEG-013,Engineering,4.34,07:00-11:00,3,0.0,0.0,0.0,0.0007721782,0.07721782,0.0007721782000000001,0.00046330692,0.6,False,SUPPORTED,0.6,0.18043241979199998,18.04,185,0,07:00-11:00
TASK-00578,SEG-048,Electrical,2.28,07:00-11:00,3,2.0,0.0,0.0,0.0007775426,0.07775426,0.0007775426000000001,0.00046652556,0.6,False,SUPPORTED,0.6,0.18043542385599998,18.04,194,0,07:00-11:00
TASK-00535,SEG-045,S&T,3.0,07:00-11:00,3,0.0,0.0,0.0,0.00050771236,0.050771236,0.00050771236,0.000304627416,0.6,False,SUPPORTED,0.6,0.1802843189216,18.03,223,0,07:00-11:00
TASK-00539,SEG-045,S&T,6.8,07:00-11:00,3,0.0,0.0,0.0,0.00050771236,0.050771236,0.00050771236,0.000304627416,0.6,False,SUPPORTED,0.6,0.1802843189216,18.03,225,0,07:00-11:00
TASK-00537,SEG-045,S&T,2.12,07:00-11:00,3,0.0,0.0,0.0,0.00050771236,0.050771236,0.00050771236,0.000304627416,0.6,False,SUPPORTED,0.6,0.1802843189216,18.03,224,0,07:00-11:00
TASK-00267,SEG-023,Electrical,5.19,07:00-11:00,3,0.0,0.0,0.0,0.00050771236,0.050771236,0.00050771236,0.000304627416,0.6,False,SUPPORTED,0.6,0.1802843189216,18.03,209,0,07:00-11:00
TASK-00435,SEG-037,Engineering,6.85,07:00-11:00,3,0.0,0.0,0.0,0.0005059242,0.050592422,0.00050592422,0.000303554526,0.6,False,SUPPORTED,0.6,0.1802833175581,18.03,215,0,07:00-11:00
TASK-00425,SEG-036,Electrical,7.83,07:00-11:00,3,0.0,0.0,0.0,0.00048089027,0.048089027,0.00048089027,0.00028853416199999996,0.6,False,SUPPORTED,0.6,0.1802692985512,18.03,214,0,07:00-11:00
TASK-00424,SEG-036,Electrical,1.79,07:00-11:00,3,0.0,0.0,0.0,0.00048089027,0.048089027,0.00048089027,0.00028853416199999996,0.6,False,SUPPORTED,0.6,0.1802692985512,18.03,213,0,07:00-11:00
TASK-00449,SEG-038,Engineering,7.66,07:00-11:00,3,3.0,0.0,0.0,0.0004594326,0.04594326,0.0004594326,0.00027565955999999997,0.6,False,SUPPORTED,0.6,0.180257282256,18.03,219,0,07:00-11:00
TASK-00444,SEG-037,Engineering,2.67,07:00-11:00,3,0.0,0.0,0.0,0.0005059242,0.050592422,0.00050592422,0.000303554526,0.6,False,SUPPORTED,0.6,0.1802833175581,18.03,217,0,07:00-11:00
TASK-00445,SEG-037,Engineering,6.76,07:00-11:00,3,0.0,0.0,0.0,0.0005059242,0.050592422,0.00050592422,0.000303554526,0.6,False,SUPPORTED,0.6,0.1802833175581,18.03,218,0,07:00-11:00
TASK-00276,SEG-023,Electrical,2.5,07:00-11:00,3,0.0,0.0,0.0,0.00050771236,0.050771236,0.00050771236,0.000304627416,0.6,False,SUPPORTED,0.6,0.1802843189216,18.03,212,0,07:00-11:00
TASK-00270,SEG-023,Electrical,5.88,07:00-11:00,3,0.0,0.0,0.0,0.00050771236,0.050771236,0.00050771236,0.000304627416,0.6,False,SUPPORTED,0.6,0.1802843189216,18.03,210,0,07:00-11:00
TASK-00275,SEG-023,Electrical,5.65,07:00-11:00,3,0.0,0.0,0.0,0.00050771236,0.050771236,0.00050771236,0.000304627416,0.6,False,SUPPORTED,0.6,0.1802843189216,18.03,211,0,07:00-11:00
TASK-00437,SEG-037,Engineering,7.38,07:00-11:00,3,0.0,0.0,0.0,0.0005059242,0.050592422,0.00050592422,0.000303554526,0.6,False,SUPPORTED,0.6,0.1802833175581,18.03,216,0,07:00-11:00
TASK-00252,SEG-021,S&T,4.37,07:00-11:00,3,1.0,0.0,0.0,0.00050771236,0.050771236,0.00050771236,0.000304627416,0.6,False,SUPPORTED,0.6,0.1802843189216,18.03,208,0,07:00-11:00
TASK-00453,SEG-038,Engineering,5.31,07:00-11:00,3,3.0,0.0,0.0,0.0004594326,0.04594326,0.0004594326,0.00027565955999999997,0.6,False,SUPPORTED,0.6,0.180257282256,18.03,220,0,07:00-11:00
TASK-00248,SEG-021,S&T,3.5,07:00-11:00,3,1.0,0.0,0.0,0.00050771236,0.050771236,0.00050771236,0.000304627416,0.6,False,SUPPORTED,0.6,0.1802843189216,18.03,207,0,07:00-11:00
TASK-00455,SEG-038,Engineering,7.84,07:00-11:00,3,3.0,0.0,0.0,0.0004594326,0.04594326,0.0004594326,0.00027565955999999997,0.6,False,SUPPORTED,0.6,0.180257282256,18.03,221,0,07:00-11:00
TASK-00222,SEG-019,Engineering,7.25,07:00-11:00,3,1.0,0.0,0.0,0.0005059242,0.050592422,0.00050592422,0.000303554526,0.6,False,SUPPORTED,0.6,0.1802833175581,18.03,203,0,07:00-11:00
TASK-00228,SEG-019,Engineering,4.97,07:00-11:00,3,1.0,0.0,0.0,0.0005059242,0.050592422,0.00050592422,0.000303554526,0.6,False,SUPPORTED,0.6,0.1802833175581,18.03,204,0,07:00-11:00
TASK-00229,SEG-019,Engineering,5.78,07:00-11:00,3,1.0,0.0,0.0,0.0005059242,0.050592422,0.00050592422,0.000303554526,0.6,False,SUPPORTED,0.6,0.1802833175581,18.03,205,0,07:00-11:00
TASK-00131,SEG-011,Electrical,4.6,07:00-11:00,3,0.0,0.0,0.0,0.00050771236,0.050771236,0.00050771236,0.000304627416,0.6,False,SUPPORTED,0.6,0.1802843189216,18.03,198,0,07:00-11:00
TASK-00456,SEG-038,Engineering,3.56,07:00-11:00,3,3.0,0.0,0.0,0.0004594326,0.04594326,0.0004594326,0.00027565955999999997,0.6,False,SUPPORTED,0.6,0.180257282256,18.03,222,0,07:00-11:00
TASK-00132,SEG-011,Electrical,1.78,07:00-11:00,3,0.0,0.0,0.0,0.00050771236,0.050771236,0.00050771236,0.000304627416,0.6,False,SUPPORTED,0.6,0.1802843189216,18.03,199,0,07:00-11:00
TASK-00180,SEG-015,S&T,3.69,07:00-11:00,3,1.0,0.0,0.0,0.00050771236,0.050771236,0.00050771236,0.000304627416,0.6,False,SUPPORTED,0.6,0.1802843189216,18.03,202,0,07:00-11:00
TASK-00124,SEG-011,Electrical,4.09,07:00-11:00,3,0.0,0.0,0.0,0.00050771236,0.050771236,0.00050771236,0.000304627416,0.6,False,SUPPORTED,0.6,0.1802843189216,18.03,195,0,07:00-11:00
TASK-00129,SEG-011,Electrical,5.8,07:00-11:00,3,0.0,0.0,0.0,0.00050771236,0.050771236,0.00050771236,0.000304627416,0.6,False,SUPPORTED,0.6,0.1802843189216,18.03,197,0,07:00-11:00
TASK-00126,SEG-011,Electrical,7.93,07:00-11:00,3,0.0,0.0,0.0,0.00050771236,0.050771236,0.00050771236,0.000304627416,0.6,False,SUPPORTED,0.6,0.1802843189216,18.03,196,0,07:00-11:00
TASK-00585,SEG-049,Engineering,5.85,07:00-11:00,3,0.0,0.0,0.0,0.0005059242,0.050592422,0.00050592422,0.000303554526,0.6,False,SUPPORTED,0.6,0.1802833175581,18.03,229,0,07:00-11:00
TASK-00570,SEG-047,Electrical,6.75,07:00-11:00,3,1.0,0.0,0.0,0.00050771236,0.050771236,0.00050771236,0.000304627416,0.6,False,SUPPORTED,0.6,0.1802843189216,18.03,228,0,07:00-11:00
TASK-00231,SEG-019,Engineering,4.21,07:00-11:00,3,1.0,0.0,0.0,0.0005059242,0.050592422,0.00050592422,0.000303554526,0.6,False,SUPPORTED,0.6,0.1802833175581,18.03,206,0,07:00-11:00
TASK-00176,SEG-015,S&T,5.86,07:00-11:00,3,1.0,0.0,0.0,0.00050771236,0.050771236,0.00050771236,0.000304627416,0.6,False,SUPPORTED,0.6,0.1802843189216,18.03,201,0,07:00-11:00
TASK-00561,SEG-047,Electrical,1.53,07:00-11:00,3,1.0,0.0,0.0,0.00050771236,0.050771236,0.00050771236,0.000304627416,0.6,False,SUPPORTED,0.6,0.1802843189216,18.03,226,0,07:00-11:00
TASK-00563,SEG-047,Electrical,4.02,07:00-11:00,3,1.0,0.0,0.0,0.00050771236,0.050771236,0.00050771236,0.000304627416,0.6,False,SUPPORTED,0.6,0.1802843189216,18.03,227,0,07:00-11:00
TASK-00134,SEG-011,Electrical,6.13,07:00-11:00,3,0.0,0.0,0.0,0.00050771236,0.050771236,0.00050771236,0.000304627416,0.6,False,SUPPORTED,0.6,0.1802843189216,18.03,200,0,07:00-11:00
TASK-00065,SEG-006,Electrical,3.97,07:00-11:00,3,0.0,0.0,0.0,0.00039690733,0.039690733,0.00039690733,0.00023814439799999998,0.6,False,SUPPORTED,0.6,0.1802222681048,18.02,230,0,07:00-11:00
TASK-00597,SEG-050,Engineering,6.47,07:00-11:00,3,0.0,0.0,0.0,0.00039690733,0.039690733,0.00039690733,0.00023814439799999998,0.6,False,SUPPORTED,0.6,0.1802222681048,18.02,237,0,07:00-11:00
TASK-00091,SEG-008,Engineering,7.06,07:00-11:00,3,1.0,0.0,0.0,0.00039690733,0.039690733,0.00039690733,0.00023814439799999998,0.6,False,SUPPORTED,0.6,0.1802222681048,18.02,232,0,07:00-11:00
TASK-00070,SEG-006,Electrical,5.33,07:00-11:00,3,0.0,0.0,0.0,0.00039690733,0.039690733,0.00039690733,0.00023814439799999998,0.6,False,SUPPORTED,0.6,0.1802222681048,18.02,231,0,07:00-11:00
TASK-00308,SEG-026,Engineering,5.1,07:00-11:00,3,0.0,0.0,0.0,0.00039690733,0.039690733,0.00039690733,0.00023814439799999998,0.6,False,SUPPORTED,0.6,0.1802222681048,18.02,236,0,07:00-11:00
TASK-00305,SEG-026,Engineering,3.97,07:00-11:00,3,0.0,0.0,0.0,0.00039690733,0.039690733,0.00039690733,0.00023814439799999998,0.6,False,SUPPORTED,0.6,0.1802222681048,18.02,235,0,07:00-11:00
TASK-00260,SEG-022,S&T,2.21,07:00-11:00,3,0.0,0.0,0.0,0.00039690733,0.039690733,0.00039690733,0.00023814439799999998,0.6,False,SUPPORTED,0.6,0.1802222681048,18.02,233,0,07:00-11:00
TASK-00266,SEG-022,S&T,2.71,07:00-11:00,3,0.0,0.0,0.0,0.00039690733,0.039690733,0.00039690733,0.00023814439799999998,0.6,False,SUPPORTED,0.6,0.1802222681048,18.02,234,0,07:00-11:00
TASK-00520,SEG-044,Engineering,7.3,07:00-11:00,3,2.0,0.0,0.0,0.00025212765,0.025212765,0.00025212765,0.00015127659,0.6,False,SUPPORTED,0.6,0.180141191484,18.01,242,0,07:00-11:00
TASK-00531,SEG-044,Engineering,4.74,07:00-11:00,3,2.0,0.0,0.0,0.00025212765,0.025212765,0.00025212765,0.00015127659,0.6,False,SUPPORTED,0.6,0.180141191484,18.01,243,0,07:00-11:00
TASK-00519,SEG-044,Engineering,4.29,07:00-11:00,3,2.0,0.0,0.0,0.00025212765,0.025212765,0.00025212765,0.00015127659,0.6,False,SUPPORTED,0.6,0.180141191484,18.01,241,0,07:00-11:00
TASK-00298,SEG-025,Engineering,7.02,07:00-11:00,3,1.0,0.0,0.0,0.00026106834,0.026106834,0.00026106834,0.000156641004,0.6,False,SUPPORTED,0.6,0.18014619827040002,18.01,240,0,07:00-11:00
TASK-00295,SEG-025,Engineering,4.89,07:00-11:00,3,1.0,0.0,0.0,0.00026106834,0.026106834,0.00026106834,0.000156641004,0.6,False,SUPPORTED,0.6,0.18014619827040002,18.01,238,0,07:00-11:00
TASK-00296,SEG-025,Engineering,5.91,07:00-11:00,3,1.0,0.0,0.0,0.00026106834,0.026106834,0.00026106834,0.000156641004,0.6,False,SUPPORTED,0.6,0.18014619827040002,18.01,239,0,07:00-11:00
TASK-00485,SEG-041,Electrical,3.22,07:00-11:00,3,1.0,0.0,0.0,0.0,0.0,0.0,0.0,0.6,False,SUPPORTED,0.6,0.18,18.0,244,0,07:00-11:00
TASK-00488,SEG-041,Electrical,3.7,07:00-11:00,3,1.0,0.0,0.0,0.0,0.0,0.0,0.0,0.6,False,SUPPORTED,0.6,0.18,18.0,245,0,07:00-11:00
TASK-00166,SEG-014,Engineering,4.8,07:00-11:00,5,1.0,0.0,0.0,0.0062129498,0.621295,0.00621295,0.00372776994,1.0,True,INFLATED,1.0,0.1517396259745,15.17,247,0,07:00-11:00
TASK-00161,SEG-014,Engineering,4.81,07:00-11:00,5,1.0,0.0,0.0,0.0062129498,0.621295,0.00621295,0.00372776994,1.0,True,INFLATED,1.0,0.1517396259745,15.17,246,0,07:00-11:00
TASK-00337,SEG-028,S&T,3.14,07:00-11:00,5,0.0,0.0,0.0,0.004336059,0.4336059,0.004336059,0.0026016354,1.0,True,INFLATED,1.0,0.15121409651999998,15.12,250,0,07:00-11:00
TASK-00340,SEG-028,S&T,3.58,07:00-11:00,5,0.0,0.0,0.0,0.004336059,0.4336059,0.004336059,0.0026016354,1.0,True,INFLATED,1.0,0.15121409651999998,15.12,251,0,07:00-11:00
TASK-00336,SEG-028,S&T,2.45,07:00-11:00,5,0.0,0.0,0.0,0.004336059,0.4336059,0.004336059,0.0026016354,1.0,True,INFLATED,1.0,0.15121409651999998,15.12,249,0,07:00-11:00
TASK-00334,SEG-028,S&T,1.58,07:00-11:00,5,0.0,0.0,0.0,0.004336059,0.4336059,0.004336059,0.0026016354,1.0,True,INFLATED,1.0,0.15121409651999998,15.12,248,0,07:00-11:00
TASK-00232,SEG-020,Engineering,3.09,07:00-11:00,5,1.0,0.0,0.0,0.004031539,0.4031539,0.004031539,0.0024189233999999996,1.0,True,INFLATED,1.0,0.15112883092,15.11,252,0,07:00-11:00
TASK-00141,SEG-012,Electrical,5.12,07:00-11:00,5,0.0,0.0,0.0,0.0026769638,0.26769638,0.0026769638,0.00160617828,1.0,True,INFLATED,1.0,0.150749549864,15.07,253,0,07:00-11:00
TASK-00145,SEG-012,Electrical,6.99,07:00-11:00,5,0.0,0.0,0.0,0.0026769638,0.26769638,0.0026769638,0.00160617828,1.0,True,INFLATED,1.0,0.150749549864,15.07,254,0,07:00-11:00
TASK-00146,SEG-012,Electrical,7.54,07:00-11:00,5,0.0,0.0,0.0,0.0026769638,0.26769638,0.0026769638,0.00160617828,1.0,True,INFLATED,1.0,0.150749549864,15.07,255,0,07:00-11:00
TASK-00149,SEG-012,Electrical,4.45,07:00-11:00,5,0.0,0.0,0.0,0.0026769638,0.26769638,0.0026769638,0.00160617828,1.0,True,INFLATED,1.0,0.150749549864,15.07,256,0,07:00-11:00
TASK-00208,SEG-018,Electrical,3.63,07:00-11:00,5,0.0,0.0,0.0,0.0021221638,0.21221638,0.0021221638,0.00127329828,1.0,True,INFLATED,1.0,0.15059420586399996,15.06,257,0,07:00-11:00
TASK-00364,SEG-030,Electrical,2.27,07:00-11:00,5,0.0,0.0,0.0,0.0018312335,0.18312335,0.0018312335,0.0010987401,1.0,True,INFLATED,1.0,0.15051274538,15.05,263,0,07:00-11:00
TASK-00362,SEG-030,Electrical,4.05,07:00-11:00,5,0.0,0.0,0.0,0.0018312335,0.18312335,0.0018312335,0.0010987401,1.0,True,INFLATED,1.0,0.15051274538,15.05,262,0,07:00-11:00
TASK-00361,SEG-030,Electrical,3.21,07:00-11:00,5,0.0,0.0,0.0,0.0018312335,0.18312335,0.0018312335,0.0010987401,1.0,True,INFLATED,1.0,0.15051274538,15.05,261,0,07:00-11:00
TASK-00404,SEG-034,S&T,3.36,07:00-11:00,5,0.0,0.0,0.0,0.0017865896,0.17865896,0.0017865896,0.00107195376,1.0,True,INFLATED,1.0,0.15050024508799997,15.05,265,0,07:00-11:00
TASK-00409,SEG-034,S&T,1.58,07:00-11:00,5,0.0,0.0,0.0,0.0017865896,0.17865896,0.0017865896,0.00107195376,1.0,True,INFLATED,1.0,0.15050024508799997,15.05,266,0,07:00-11:00
TASK-00358,SEG-030,Electrical,5.66,07:00-11:00,5,0.0,0.0,0.0,0.0018312335,0.18312335,0.0018312335,0.0010987401,1.0,True,INFLATED,1.0,0.15051274538,15.05,260,0,07:00-11:00
TASK-00356,SEG-030,Electrical,6.7,07:00-11:00,5,0.0,0.0,0.0,0.0018312335,0.18312335,0.0018312335,0.0010987401,1.0,True,INFLATED,1.0,0.15051274538,15.05,259,0,07:00-11:00
TASK-00355,SEG-030,Electrical,1.79,07:00-11:00,5,0.0,0.0,0.0,0.0018312335,0.18312335,0.0018312335,0.0010987401,1.0,True,INFLATED,1.0,0.15051274538,15.05,258,0,07:00-11:00
TASK-00401,SEG-034,S&T,7.57,07:00-11:00,5,0.0,0.0,0.0,0.0017865896,0.17865896,0.0017865896,0.00107195376,1.0,True,INFLATED,1.0,0.15050024508799997,15.05,264,0,07:00-11:00
TASK-00389,SEG-033,S&T,5.82,07:00-11:00,5,0.0,0.0,0.0,0.0013402104,0.13402104,0.0013402104,0.00080412624,1.0,True,INFLATED,1.0,0.150375258912,15.04,267,0,07:00-11:00
TASK-00396,SEG-033,S&T,2.06,07:00-11:00,5,0.0,0.0,0.0,0.0013402104,0.13402104,0.0013402104,0.00080412624,1.0,True,INFLATED,1.0,0.150375258912,15.04,268,0,07:00-11:00
TASK-00417,SEG-035,Electrical,3.92,07:00-11:00,5,0.0,0.0,0.0,0.0009829998,0.09829998,0.0009829997999999999,0.00058979988,1.0,True,INFLATED,1.0,0.150275239944,15.03,279,0,07:00-11:00
TASK-00551,SEG-046,S&T,4.39,07:00-11:00,5,0.0,0.0,0.0,0.0009598136,0.09598136,0.0009598136,0.00057588816,1.0,True,INFLATED,1.0,0.15026874780799998,15.03,281,0,07:00-11:00
TASK-00555,SEG-046,S&T,6.99,07:00-11:00,5,0.0,0.0,0.0,0.0009598136,0.09598136,0.0009598136,0.00057588816,1.0,True,INFLATED,1.0,0.15026874780799998,15.03,283,0,07:00-11:00
TASK-00553,SEG-046,S&T,5.07,07:00-11:00,5,0.0,0.0,0.0,0.0009598136,0.09598136,0.0009598136,0.00057588816,1.0,True,INFLATED,1.0,0.15026874780799998,15.03,282,0,07:00-11:00
TASK-00081,SEG-007,Engineering,4.37,07:00-11:00,5,2.0,0.0,0.0,0.00095802546,0.095802546,0.00095802546,0.000574815276,1.0,True,INFLATED,1.0,0.1502682471288,15.03,269,0,07:00-11:00
TASK-00200,SEG-017,Electrical,1.79,07:00-11:00,5,0.0,0.0,0.0,0.00095802546,0.095802546,0.00095802546,0.000574815276,1.0,True,INFLATED,1.0,0.1502682471288,15.03,273,0,07:00-11:00
TASK-00103,SEG-009,S&T,7.36,07:00-11:00,5,1.0,0.0,0.0,0.0011402369,0.114023685,0.00114023685,0.0006841421249999999,1.0,True,INFLATED,1.0,0.15031926632437498,15.03,272,0,07:00-11:00
TASK-00345,SEG-029,Electrical,4.75,07:00-11:00,5,0.0,0.0,0.0,0.0011402369,0.114023685,0.00114023685,0.0006841421249999999,1.0,True,INFLATED,1.0,0.15031926632437498,15.03,275,0,07:00-11:00
TASK-00348,SEG-029,Electrical,6.5,07:00-11:00,5,0.0,0.0,0.0,0.0011402369,0.114023685,0.00114023685,0.0006841421249999999,1.0,True,INFLATED,1.0,0.15031926632437498,15.03,277,0,07:00-11:00
TASK-00084,SEG-007,Engineering,7.66,07:00-11:00,5,2.0,0.0,0.0,0.00095802546,0.095802546,0.00095802546,0.000574815276,1.0,True,INFLATED,1.0,0.1502682471288,15.03,270,0,07:00-11:00
TASK-00545,SEG-046,S&T,6.08,07:00-11:00,5,0.0,0.0,0.0,0.0009598136,0.09598136,0.0009598136,0.00057588816,1.0,True,INFLATED,1.0,0.15026874780799998,15.03,280,0,07:00-11:00
TASK-00202,SEG-017,Electrical,3.41,07:00-11:00,5,0.0,0.0,0.0,0.00095802546,0.095802546,0.00095802546,0.000574815276,1.0,True,INFLATED,1.0,0.1502682471288,15.03,274,0,07:00-11:00
TASK-00101,SEG-009,S&T,2.64,07:00-11:00,5,1.0,0.0,0.0,0.0011402369,0.114023685,0.00114023685,0.0006841421249999999,1.0,True,INFLATED,1.0,0.15031926632437498,15.03,271,0,07:00-11:00
TASK-00375,SEG-031,Engineering,5.61,07:00-11:00,5,1.0,0.0,0.0,0.0010365844,0.10365844,0.0010365844,0.00062195064,1.0,True,INFLATED,1.0,0.150290243632,15.03,278,0,07:00-11:00
TASK-00347,SEG-029,Electrical,1.74,07:00-11:00,5,0.0,0.0,0.0,0.0011402369,0.114023685,0.00114023685,0.0006841421249999999,1.0,True,INFLATED,1.0,0.15031926632437498,15.03,276,0,07:00-11:00
TASK-00571,SEG-048,Electrical,6.38,07:00-11:00,5,2.0,0.0,0.0,0.0007775426,0.07775426,0.0007775426000000001,0.00046652556,1.0,True,INFLATED,1.0,0.15021771192800001,15.02,294,0,07:00-11:00
TASK-00499,SEG-042,Electrical,1.56,07:00-11:00,5,1.0,0.0,0.0,0.0008919239,0.08919239,0.0008919239,0.00053515434,1.0,True,INFLATED,1.0,0.150249738692,15.02,291,0,07:00-11:00
TASK-00579,SEG-048,Electrical,7.0,07:00-11:00,5,2.0,0.0,0.0,0.0007775426,0.07775426,0.0007775426000000001,0.00046652556,1.0,True,INFLATED,1.0,0.15021771192800001,15.02,296,0,07:00-11:00
TASK-00153,SEG-013,Engineering,2.93,07:00-11:00,5,0.0,0.0,0.0,0.0007721782,0.07721782,0.0007721782000000001,0.00046330692,1.0,True,INFLATED,1.0,0.15021620989599999,15.02,285,0,07:00-11:00
TASK-00151,SEG-013,Engineering,5.45,07:00-11:00,5,0.0,0.0,0.0,0.0007721782,0.07721782,0.0007721782000000001,0.00046330692,1.0,True,INFLATED,1.0,0.15021620989599999,15.02,284,0,07:00-11:00
TASK-00577,SEG-048,Electrical,3.41,07:00-11:00,5,2.0,0.0,0.0,0.0007775426,0.07775426,0.0007775426000000001,0.00046652556,1.0,True,INFLATED,1.0,0.15021771192800001,15.02,295,0,07:00-11:00
TASK-00286,SEG-024,Electrical,5.94,07:00-11:00,5,2.0,0.0,0.0,0.00074899197,0.0748992,0.000748992,0.000449395191,1.0,True,INFLATED,1.0,0.150209717756175,15.02,287,0,07:00-11:00
TASK-00470,SEG-040,S&T,1.85,07:00-11:00,5,1.0,0.0,0.0,0.0008919239,0.08919239,0.0008919239,0.00053515434,1.0,True,INFLATED,1.0,0.150249738692,15.02,288,0,07:00-11:00
TASK-00472,SEG-040,S&T,3.5,07:00-11:00,5,1.0,0.0,0.0,0.0008919239,0.08919239,0.0008919239,0.00053515434,1.0,True,INFLATED,1.0,0.150249738692,15.02,289,0,07:00-11:00
TASK-00195,SEG-016,S&T,6.94,07:00-11:00,5,0.0,0.0,0.0,0.0008919239,0.08919239,0.0008919239,0.00053515434,1.0,True,INFLATED,1.0,0.150249738692,15.02,286,0,07:00-11:00
TASK-00504,SEG-042,Electrical,7.92,07:00-11:00,5,1.0,0.0,0.0,0.0008919239,0.08919239,0.0008919239,0.00053515434,1.0,True,INFLATED,1.0,0.150249738692,15.02,293,0,07:00-11:00
TASK-00503,SEG-042,Electrical,5.71,07:00-11:00,5,1.0,0.0,0.0,0.0008919239,0.08919239,0.0008919239,0.00053515434,1.0,True,INFLATED,1.0,0.150249738692,15.02,292,0,07:00-11:00
TASK-00477,SEG-040,S&T,7.23,07:00-11:00,5,1.0,0.0,0.0,0.0008919239,0.08919239,0.0008919239,0.00053515434,1.0,True,INFLATED,1.0,0.150249738692,15.02,290,0,07:00-11:00
TASK-00586,SEG-049,Engineering,5.94,07:00-11:00,5,0.0,0.0,0.0,0.0005059242,0.050592422,0.00050592422,0.000303554526,1.0,True,INFLATED,1.0,0.15014165877905,15.01,362,0,07:00-11:00
TASK-00179,SEG-015,S&T,6.99,07:00-11:00,5,1.0,0.0,0.0,0.00050771236,0.050771236,0.00050771236,0.000304627416,1.0,True,INFLATED,1.0,0.15014215946079998,15.01,330,0,07:00-11:00
TASK-00565,SEG-047,Electrical,4.44,07:00-11:00,5,1.0,0.0,0.0,0.00050771236,0.050771236,0.00050771236,0.000304627416,1.0,True,INFLATED,1.0,0.15014215946079998,15.01,360,0,07:00-11:00
TASK-00582,SEG-049,Engineering,1.94,07:00-11:00,5,0.0,0.0,0.0,0.0005059242,0.050592422,0.00050592422,0.000303554526,1.0,True,INFLATED,1.0,0.15014165877905,15.01,361,0,07:00-11:00
TASK-00037,SEG-004,S&T,3.19,07:00-11:00,5,1.0,0.0,0.0,0.00048089027,0.048089027,0.00048089027,0.00028853416199999996,1.0,True,INFLATED,1.0,0.1501346492756,15.01,298,0,07:00-11:00
TASK-00125,SEG-011,Electrical,5.81,07:00-11:00,5,0.0,0.0,0.0,0.00050771236,0.050771236,0.00050771236,0.000304627416,1.0,True,INFLATED,1.0,0.15014215946079998,15.01,329,0,07:00-11:00
TASK-00181,SEG-015,S&T,6.9,07:00-11:00,5,1.0,0.0,0.0,0.00050771236,0.050771236,0.00050771236,0.000304627416,1.0,True,INFLATED,1.0,0.15014215946079998,15.01,331,0,07:00-11:00
TASK-00036,SEG-004,S&T,5.81,07:00-11:00,5,1.0,0.0,0.0,0.00048089027,0.048089027,0.00048089027,0.00028853416199999996,1.0,True,INFLATED,1.0,0.1501346492756,15.01,297,0,07:00-11:00
TASK-00054,SEG-005,Electrical,6.65,07:00-11:00,5,1.0,0.0,0.0,0.00050771236,0.050771236,0.00050771236,0.000304627416,1.0,True,INFLATED,1.0,0.15014215946079998,15.01,315,0,07:00-11:00
TASK-00055,SEG-005,Electrical,5.28,07:00-11:00,5,1.0,0.0,0.0,0.00050771236,0.050771236,0.00050771236,0.000304627416,1.0,True,INFLATED,1.0,0.15014215946079998,15.01,316,0,07:00-11:00
TASK-00056,SEG-005,Electrical,6.07,07:00-11:00,5,1.0,0.0,0.0,0.00050771236,0.050771236,0.00050771236,0.000304627416,1.0,True,INFLATED,1.0,0.15014215946079998,15.01,317,0,07:00-11:00
TASK-00057,SEG-005,Electrical,2.28,07:00-11:00,5,1.0,0.0,0.0,0.00050771236,0.050771236,0.00050771236,0.000304627416,1.0,True,INFLATED,1.0,0.15014215946079998,15.01,318,0,07:00-11:00
TASK-00058,SEG-005,Electrical,3.3,07:00-11:00,5,1.0,0.0,0.0,0.00050771236,0.050771236,0.00050771236,0.000304627416,1.0,True,INFLATED,1.0,0.15014215946079998,15.01,319,0,07:00-11:00
TASK-00059,SEG-005,Electrical,3.43,07:00-11:00,5,1.0,0.0,0.0,0.00050771236,0.050771236,0.00050771236,0.000304627416,1.0,True,INFLATED,1.0,0.15014215946079998,15.01,320,0,07:00-11:00
TASK-00060,SEG-005,Electrical,1.8,07:00-11:00,5,1.0,0.0,0.0,0.00050771236,0.050771236,0.00050771236,0.000304627416,1.0,True,INFLATED,1.0,0.15014215946079998,15.01,321,0,07:00-11:00
TASK-00220,SEG-019,Engineering,2.96,07:00-11:00,5,1.0,0.0,0.0,0.0005059242,0.050592422,0.00050592422,0.000303554526,1.0,True,INFLATED,1.0,0.15014165877905,15.01,332,0,07:00-11:00
TASK-00227,SEG-019,Engineering,3.13,07:00-11:00,5,1.0,0.0,0.0,0.0005059242,0.050592422,0.00050592422,0.000303554526,1.0,True,INFLATED,1.0,0.15014165877905,15.01,333,0,07:00-11:00
TASK-00095,SEG-008,Engineering,4.55,07:00-11:00,5,1.0,0.0,0.0,0.00039690733,0.039690733,0.00039690733,0.00023814439799999998,1.0,True,INFLATED,1.0,0.15011113405239998,15.01,328,0,07:00-11:00
TASK-00093,SEG-008,Engineering,4.76,07:00-11:00,5,1.0,0.0,0.0,0.00039690733,0.039690733,0.00039690733,0.00023814439799999998,1.0,True,INFLATED,1.0,0.15011113405239998,15.01,327,0,07:00-11:00
TASK-00092,SEG-008,Engineering,7.92,07:00-11:00,5,1.0,0.0,0.0,0.00039690733,0.039690733,0.00039690733,0.00023814439799999998,1.0,True,INFLATED,1.0,0.15011113405239998,15.01,326,0,07:00-11:00
TASK-00090,SEG-008,Engineering,7.56,07:00-11:00,5,1.0,0.0,0.0,0.00039690733,0.039690733,0.00039690733,0.00023814439799999998,1.0,True,INFLATED,1.0,0.15011113405239998,15.01,325,0,07:00-11:00
TASK-00527,SEG-044,Engineering,6.93,07:00-11:00,5,2.0,0.0,0.0,0.00025212765,0.025212765,0.00025212765,0.00015127659,1.0,True,INFLATED,1.0,0.150070595742,15.01,355,0,07:00-11:00
TASK-00529,SEG-044,Engineering,4.24,07:00-11:00,5,2.0,0.0,0.0,0.00025212765,0.025212765,0.00025212765,0.00015127659,1.0,True,INFLATED,1.0,0.150070595742,15.01,356,0,07:00-11:00
TASK-00530,SEG-044,Engineering,6.9,07:00-11:00,5,2.0,0.0,0.0,0.00025212765,0.025212765,0.00025212765,0.00015127659,1.0,True,INFLATED,1.0,0.150070595742,15.01,357,0,07:00-11:00
TASK-00524,SEG-044,Engineering,2.57,07:00-11:00,5,2.0,0.0,0.0,0.00025212765,0.025212765,0.00025212765,0.00015127659,1.0,True,INFLATED,1.0,0.150070595742,15.01,354,0,07:00-11:00
TASK-00589,SEG-049,Engineering,4.84,07:00-11:00,5,0.0,0.0,0.0,0.0005059242,0.050592422,0.00050592422,0.000303554526,1.0,True,INFLATED,1.0,0.15014165877905,15.01,363,0,07:00-11:00
TASK-00293,SEG-025,Engineering,4.78,07:00-11:00,5,1.0,0.0,0.0,0.00026106834,0.026106834,0.00026106834,0.000156641004,1.0,True,INFLATED,1.0,0.15007309913519998,15.01,338,0,07:00-11:00
TASK-00433,SEG-036,Electrical,7.69,07:00-11:00,5,0.0,0.0,0.0,0.00048089027,0.048089027,0.00048089027,0.00028853416199999996,1.0,True,INFLATED,1.0,0.1501346492756,15.01,348,0,07:00-11:00
TASK-00291,SEG-025,Engineering,1.94,07:00-11:00,5,1.0,0.0,0.0,0.00026106834,0.026106834,0.00026106834,0.000156641004,1.0,True,INFLATED,1.0,0.15007309913519998,15.01,337,0,07:00-11:00
TASK-00274,SEG-023,Electrical,5.84,07:00-11:00,5,0.0,0.0,0.0,0.00050771236,0.050771236,0.00050771236,0.000304627416,1.0,True,INFLATED,1.0,0.15014215946079998,15.01,336,0,07:00-11:00
TASK-00265,SEG-022,S&T,4.22,07:00-11:00,5,0.0,0.0,0.0,0.00039690733,0.039690733,0.00039690733,0.00023814439799999998,1.0,True,INFLATED,1.0,0.15011113405239998,15.01,335,0,07:00-11:00
TASK-00264,SEG-022,S&T,5.74,07:00-11:00,5,0.0,0.0,0.0,0.00039690733,0.039690733,0.00039690733,0.00023814439799999998,1.0,True,INFLATED,1.0,0.15011113405239998,15.01,334,0,07:00-11:00
TASK-00451,SEG-038,Engineering,4.92,07:00-11:00,5,3.0,0.0,0.0,0.0004594326,0.04594326,0.0004594326,0.00027565955999999997,1.0,True,INFLATED,1.0,0.15012864112799998,15.01,352,0,07:00-11:00
TASK-00452,SEG-038,Engineering,6.16,07:00-11:00,5,3.0,0.0,0.0,0.0004594326,0.04594326,0.0004594326,0.00027565955999999997,1.0,True,INFLATED,1.0,0.15012864112799998,15.01,353,0,07:00-11:00
TASK-00448,SEG-038,Engineering,3.04,07:00-11:00,5,3.0,0.0,0.0,0.0004594326,0.04594326,0.0004594326,0.00027565955999999997,1.0,True,INFLATED,1.0,0.15012864112799998,15.01,351,0,07:00-11:00
TASK-00438,SEG-037,Engineering,7.51,07:00-11:00,5,0.0,0.0,0.0,0.0005059242,0.050592422,0.00050592422,0.000303554526,1.0,True,INFLATED,1.0,0.15014165877905,15.01,349,0,07:00-11:00
TASK-00441,SEG-037,Engineering,4.61,07:00-11:00,5,0.0,0.0,0.0,0.0005059242,0.050592422,0.00050592422,0.000303554526,1.0,True,INFLATED,1.0,0.15014165877905,15.01,350,0,07:00-11:00
TASK-00304,SEG-026,Engineering,6.02,07:00-11:00,5,0.0,0.0,0.0,0.00039690733,0.039690733,0.00039690733,0.00023814439799999998,1.0,True,INFLATED,1.0,0.15011113405239998,15.01,341,0,07:00-11:00
TASK-00428,SEG-036,Electrical,4.44,07:00-11:00,5,0.0,0.0,0.0,0.00048089027,0.048089027,0.00048089027,0.00028853416199999996,1.0,True,INFLATED,1.0,0.1501346492756,15.01,347,0,07:00-11:00
TASK-00427,SEG-036,Electrical,7.03,07:00-11:00,5,0.0,0.0,0.0,0.00048089027,0.048089027,0.00048089027,0.00028853416199999996,1.0,True,INFLATED,1.0,0.1501346492756,15.01,346,0,07:00-11:00
TASK-00038,SEG-004,S&T,6.39,07:00-11:00,5,1.0,0.0,0.0,0.00048089027,0.048089027,0.00048089027,0.00028853416199999996,1.0,True,INFLATED,1.0,0.1501346492756,15.01,299,0,07:00-11:00
TASK-00039,SEG-004,S&T,1.84,07:00-11:00,5,1.0,0.0,0.0,0.00048089027,0.048089027,0.00048089027,0.00028853416199999996,1.0,True,INFLATED,1.0,0.1501346492756,15.01,300,0,07:00-11:00
TASK-00040,SEG-004,S&T,7.67,07:00-11:00,5,1.0,0.0,0.0,0.00048089027,0.048089027,0.00048089027,0.00028853416199999996,1.0,True,INFLATED,1.0,0.1501346492756,15.01,301,0,07:00-11:00
TASK-00041,SEG-004,S&T,5.85,07:00-11:00,5,1.0,0.0,0.0,0.00048089027,0.048089027,0.00048089027,0.00028853416199999996,1.0,True,INFLATED,1.0,0.1501346492756,15.01,302,0,07:00-11:00
TASK-00042,SEG-004,S&T,5.44,07:00-11:00,5,1.0,0.0,0.0,0.00048089027,0.048089027,0.00048089027,0.00028853416199999996,1.0,True,INFLATED,1.0,0.1501346492756,15.01,303,0,07:00-11:00
TASK-00043,SEG-004,S&T,2.2,07:00-11:00,5,1.0,0.0,0.0,0.00048089027,0.048089027,0.00048089027,0.00028853416199999996,1.0,True,INFLATED,1.0,0.1501346492756,15.01,304,0,07:00-11:00
TASK-00044,SEG-004,S&T,7.62,07:00-11:00,5,1.0,0.0,0.0,0.00048089027,0.048089027,0.00048089027,0.00028853416199999996,1.0,True,INFLATED,1.0,0.1501346492756,15.01,305,0,07:00-11:00
TASK-00045,SEG-004,S&T,6.03,07:00-11:00,5,1.0,0.0,0.0,0.00048089027,0.048089027,0.00048089027,0.00028853416199999996,1.0,True,INFLATED,1.0,0.1501346492756,15.01,306,0,07:00-11:00
TASK-00046,SEG-004,S&T,4.96,07:00-11:00,5,1.0,0.0,0.0,0.00048089027,0.048089027,0.00048089027,0.00028853416199999996,1.0,True,INFLATED,1.0,0.1501346492756,15.01,307,0,07:00-11:00
TASK-00047,SEG-004,S&T,6.85,07:00-11:00,5,1.0,0.0,0.0,0.00048089027,0.048089027,0.00048089027,0.00028853416199999996,1.0,True,INFLATED,1.0,0.1501346492756,15.01,308,0,07:00-11:00
TASK-00048,SEG-004,S&T,4.33,07:00-11:00,5,1.0,0.0,0.0,0.00048089027,0.048089027,0.00048089027,0.00028853416199999996,1.0,True,INFLATED,1.0,0.1501346492756,15.01,309,0,07:00-11:00
TASK-00297,SEG-025,Engineering,3.57,07:00-11:00,5,1.0,0.0,0.0,0.00026106834,0.026106834,0.00026106834,0.000156641004,1.0,True,INFLATED,1.0,0.15007309913519998,15.01,339,0,07:00-11:00
TASK-00302,SEG-026,Engineering,5.13,07:00-11:00,5,0.0,0.0,0.0,0.00039690733,0.039690733,0.00039690733,0.00023814439799999998,1.0,True,INFLATED,1.0,0.15011113405239998,15.01,340,0,07:00-11:00
TASK-00324,SEG-027,S&T,7.54,07:00-11:00,5,0.0,0.0,0.0,0.00050771236,0.050771236,0.00050771236,0.000304627416,1.0,True,INFLATED,1.0,0.15014215946079998,15.01,343,0,07:00-11:00
TASK-00319,SEG-027,S&T,3.45,07:00-11:00,5,0.0,0.0,0.0,0.00050771236,0.050771236,0.00050771236,0.000304627416,1.0,True,INFLATED,1.0,0.15014215946079998,15.01,342,0,07:00-11:00
TASK-00325,SEG-027,S&T,3.45,07:00-11:00,5,0.0,0.0,0.0,0.00050771236,0.050771236,0.00050771236,0.000304627416,1.0,True,INFLATED,1.0,0.15014215946079998,15.01,344,0,07:00-11:00
TASK-00421,SEG-036,Electrical,2.48,07:00-11:00,5,0.0,0.0,0.0,0.00048089027,0.048089027,0.00048089027,0.00028853416199999996,1.0,True,INFLATED,1.0,0.1501346492756,15.01,345,0,07:00-11:00
TASK-00067,SEG-006,Electrical,2.87,07:00-11:00,5,0.0,0.0,0.0,0.00039690733,0.039690733,0.00039690733,0.00023814439799999998,1.0,True,INFLATED,1.0,0.15011113405239998,15.01,324,0,07:00-11:00
TASK-00064,SEG-006,Electrical,7.96,07:00-11:00,5,0.0,0.0,0.0,0.00039690733,0.039690733,0.00039690733,0.00023814439799999998,1.0,True,INFLATED,1.0,0.15011113405239998,15.01,323,0,07:00-11:00
TASK-00061,SEG-005,Electrical,7.17,07:00-11:00,5,1.0,0.0,0.0,0.00050771236,0.050771236,0.00050771236,0.000304627416,1.0,True,INFLATED,1.0,0.15014215946079998,15.01,322,0,07:00-11:00
TASK-00052,SEG-005,Electrical,7.22,07:00-11:00,5,1.0,0.0,0.0,0.00050771236,0.050771236,0.00050771236,0.000304627416,1.0,True,INFLATED,1.0,0.15014215946079998,15.01,313,0,07:00-11:00
TASK-00053,SEG-005,Electrical,6.18,07:00-11:00,5,1.0,0.0,0.0,0.00050771236,0.050771236,0.00050771236,0.000304627416,1.0,True,INFLATED,1.0,0.15014215946079998,15.01,314,0,07:00-11:00
TASK-00558,SEG-047,Electrical,3.15,07:00-11:00,5,1.0,0.0,0.0,0.00050771236,0.050771236,0.00050771236,0.000304627416,1.0,True,INFLATED,1.0,0.15014215946079998,15.01,358,0,07:00-11:00
TASK-00560,SEG-047,Electrical,6.94,07:00-11:00,5,1.0,0.0,0.0,0.00050771236,0.050771236,0.00050771236,0.000304627416,1.0,True,INFLATED,1.0,0.15014215946079998,15.01,359,0,07:00-11:00
TASK-00050,SEG-005,Electrical,3.09,07:00-11:00,5,1.0,0.0,0.0,0.00050771236,0.050771236,0.00050771236,0.000304627416,1.0,True,INFLATED,1.0,0.15014215946079998,15.01,311,0,07:00-11:00
TASK-00051,SEG-005,Electrical,7.03,07:00-11:00,5,1.0,0.0,0.0,0.00050771236,0.050771236,0.00050771236,0.000304627416,1.0,True,INFLATED,1.0,0.15014215946079998,15.01,312,0,07:00-11:00
TASK-00049,SEG-004,S&T,4.33,07:00-11:00,5,1.0,0.0,0.0,0.00048089027,0.048089027,0.00048089027,0.00028853416199999996,1.0,True,INFLATED,1.0,0.1501346492756,15.01,310,0,07:00-11:00
TASK-00596,SEG-050,Engineering,3.83,07:00-11:00,5,0.0,0.0,0.0,0.00039690733,0.039690733,0.00039690733,0.00023814439799999998,1.0,True,INFLATED,1.0,0.15011113405239998,15.01,368,0,07:00-11:00
TASK-00594,SEG-050,Engineering,4.15,07:00-11:00,5,0.0,0.0,0.0,0.00039690733,0.039690733,0.00039690733,0.00023814439799999998,1.0,True,INFLATED,1.0,0.15011113405239998,15.01,367,0,07:00-11:00
TASK-00592,SEG-049,Engineering,6.81,07:00-11:00,5,0.0,0.0,0.0,0.0005059242,0.050592422,0.00050592422,0.000303554526,1.0,True,INFLATED,1.0,0.15014165877905,15.01,366,0,07:00-11:00
TASK-00591,SEG-049,Engineering,2.84,07:00-11:00,5,0.0,0.0,0.0,0.0005059242,0.050592422,0.00050592422,0.000303554526,1.0,True,INFLATED,1.0,0.15014165877905,15.01,365,0,07:00-11:00
TASK-00590,SEG-049,Engineering,1.93,07:00-11:00,5,0.0,0.0,0.0,0.0005059242,0.050592422,0.00050592422,0.000303554526,1.0,True,INFLATED,1.0,0.15014165877905,15.01,364,0,07:00-11:00
TASK-00006,SEG-001,Engineering,6.37,07:00-11:00,5,3.0,0.0,0.0,0.0,0.0,0.0,0.0,1.0,True,INFLATED,1.0,0.15,15.0,374,0,07:00-11:00
TASK-00007,SEG-001,Engineering,1.66,07:00-11:00,5,3.0,0.0,0.0,0.0,0.0,0.0,0.0,1.0,True,INFLATED,1.0,0.15,15.0,375,0,07:00-11:00
TASK-00008,SEG-001,Engineering,2.53,07:00-11:00,5,3.0,0.0,0.0,0.0,0.0,0.0,0.0,1.0,True,INFLATED,1.0,0.15,15.0,376,0,07:00-11:00
TASK-00009,SEG-001,Engineering,6.81,07:00-11:00,5,3.0,0.0,0.0,0.0,0.0,0.0,0.0,1.0,True,INFLATED,1.0,0.15,15.0,377,0,07:00-11:00
TASK-00010,SEG-001,Engineering,1.65,07:00-11:00,5,3.0,0.0,0.0,0.0,0.0,0.0,0.0,1.0,True,INFLATED,1.0,0.15,15.0,378,0,07:00-11:00
TASK-00382,SEG-032,Engineering,7.68,07:00-11:00,5,4.0,0.0,0.0,0.0,0.0,0.0,0.0,1.0,True,INFLATED,1.0,0.15,15.0,392,0,07:00-11:00
TASK-00388,SEG-032,Engineering,3.46,07:00-11:00,5,4.0,0.0,0.0,0.0,0.0,0.0,0.0,1.0,True,INFLATED,1.0,0.15,15.0,394,0,07:00-11:00
TASK-00383,SEG-032,Engineering,5.63,07:00-11:00,5,4.0,0.0,0.0,0.0,0.0,0.0,0.0,1.0,True,INFLATED,1.0,0.15,15.0,393,0,07:00-11:00
TASK-00491,SEG-041,Electrical,6.44,07:00-11:00,5,1.0,0.0,0.0,0.0,0.0,0.0,0.0,1.0,True,INFLATED,1.0,0.15,15.0,396,0,07:00-11:00
TASK-00482,SEG-041,Electrical,7.07,07:00-11:00,5,1.0,0.0,0.0,0.0,0.0,0.0,0.0,1.0,True,INFLATED,1.0,0.15,15.0,395,0,07:00-11:00
TASK-00025,SEG-003,S&T,4.47,07:00-11:00,5,3.0,0.0,0.0,0.0,0.0,0.0,0.0,1.0,True,INFLATED,1.0,0.15,15.0,381,0,07:00-11:00
TASK-00024,SEG-003,S&T,2.92,07:00-11:00,5,3.0,0.0,0.0,0.0,0.0,0.0,0.0,1.0,True,INFLATED,1.0,0.15,15.0,380,0,07:00-11:00
TASK-00002,SEG-001,Engineering,7.87,07:00-11:00,5,3.0,0.0,0.0,0.0,0.0,0.0,0.0,1.0,True,INFLATED,1.0,0.15,15.0,370,0,07:00-11:00
TASK-00001,SEG-001,Engineering,5.62,07:00-11:00,5,3.0,0.0,0.0,0.0,0.0,0.0,0.0,1.0,True,INFLATED,1.0,0.15,15.0,369,0,07:00-11:00
TASK-00004,SEG-001,Engineering,5.09,07:00-11:00,5,3.0,0.0,0.0,0.0,0.0,0.0,0.0,1.0,True,INFLATED,1.0,0.15,15.0,372,0,07:00-11:00
TASK-00033,SEG-003,S&T,6.36,07:00-11:00,5,3.0,0.0,0.0,0.0,0.0,0.0,0.0,1.0,True,INFLATED,1.0,0.15,15.0,389,0,07:00-11:00
TASK-00031,SEG-003,S&T,2.84,07:00-11:00,5,3.0,0.0,0.0,0.0,0.0,0.0,0.0,1.0,True,INFLATED,1.0,0.15,15.0,387,0,07:00-11:00
TASK-00032,SEG-003,S&T,3.97,07:00-11:00,5,3.0,0.0,0.0,0.0,0.0,0.0,0.0,1.0,True,INFLATED,1.0,0.15,15.0,388,0,07:00-11:00
TASK-00026,SEG-003,S&T,5.48,07:00-11:00,5,3.0,0.0,0.0,0.0,0.0,0.0,0.0,1.0,True,INFLATED,1.0,0.15,15.0,382,0,07:00-11:00
TASK-00027,SEG-003,S&T,6.33,07:00-11:00,5,3.0,0.0,0.0,0.0,0.0,0.0,0.0,1.0,True,INFLATED,1.0,0.15,15.0,383,0,07:00-11:00
TASK-00028,SEG-003,S&T,4.65,07:00-11:00,5,3.0,0.0,0.0,0.0,0.0,0.0,0.0,1.0,True,INFLATED,1.0,0.15,15.0,384,0,07:00-11:00
TASK-00035,SEG-003,S&T,6.96,07:00-11:00,5,3.0,0.0,0.0,0.0,0.0,0.0,0.0,1.0,True,INFLATED,1.0,0.15,15.0,391,0,07:00-11:00
TASK-00034,SEG-003,S&T,4.33,07:00-11:00,5,3.0,0.0,0.0,0.0,0.0,0.0,0.0,1.0,True,INFLATED,1.0,0.15,15.0,390,0,07:00-11:00
TASK-00023,SEG-003,S&T,2.46,07:00-11:00,5,3.0,0.0,0.0,0.0,0.0,0.0,0.0,1.0,True,INFLATED,1.0,0.15,15.0,379,0,07:00-11:00
TASK-00003,SEG-001,Engineering,1.99,07:00-11:00,5,3.0,0.0,0.0,0.0,0.0,0.0,0.0,1.0,True,INFLATED,1.0,0.15,15.0,371,0,07:00-11:00
TASK-00005,SEG-001,Engineering,2.87,07:00-11:00,5,3.0,0.0,0.0,0.0,0.0,0.0,0.0,1.0,True,INFLATED,1.0,0.15,15.0,373,0,07:00-11:00
TASK-00030,SEG-003,S&T,6.09,07:00-11:00,5,3.0,0.0,0.0,0.0,0.0,0.0,0.0,1.0,True,INFLATED,1.0,0.15,15.0,386,0,07:00-11:00
TASK-00492,SEG-041,Electrical,3.52,07:00-11:00,5,1.0,0.0,0.0,0.0,0.0,0.0,0.0,1.0,True,INFLATED,1.0,0.15,15.0,397,0,07:00-11:00
TASK-00029,SEG-003,S&T,3.68,07:00-11:00,5,3.0,0.0,0.0,0.0,0.0,0.0,0.0,1.0,True,INFLATED,1.0,0.15,15.0,385,0,07:00-11:00
TASK-00167,SEG-014,Engineering,5.69,07:00-11:00,2,1.0,0.0,0.0,0.0062129498,0.621295,0.00621295,0.00372776994,0.4,False,SUPPORTED,0.4,0.123479251949,12.35,398,0,07:00-11:00
TASK-00169,SEG-014,Engineering,5.43,07:00-11:00,2,1.0,0.0,0.0,0.0062129498,0.621295,0.00621295,0.00372776994,0.4,False,SUPPORTED,0.4,0.123479251949,12.35,399,0,07:00-11:00
TASK-00333,SEG-028,S&T,1.67,07:00-11:00,2,0.0,0.0,0.0,0.004336059,0.4336059,0.004336059,0.0026016354,0.4,False,SUPPORTED,0.4,0.12242819304000001,12.24,401,0,07:00-11:00
TASK-00342,SEG-028,S&T,3.94,07:00-11:00,2,0.0,0.0,0.0,0.004336059,0.4336059,0.004336059,0.0026016354,0.4,False,SUPPORTED,0.4,0.12242819304000001,12.24,404,0,07:00-11:00
TASK-00338,SEG-028,S&T,2.2,07:00-11:00,2,0.0,0.0,0.0,0.004336059,0.4336059,0.004336059,0.0026016354,0.4,False,SUPPORTED,0.4,0.12242819304000001,12.24,402,0,07:00-11:00
TASK-00339,SEG-028,S&T,4.36,07:00-11:00,2,0.0,0.0,0.0,0.004336059,0.4336059,0.004336059,0.0026016354,0.4,False,SUPPORTED,0.4,0.12242819304000001,12.24,403,0,07:00-11:00
TASK-00332,SEG-028,S&T,2.16,07:00-11:00,2,0.0,0.0,0.0,0.004336059,0.4336059,0.004336059,0.0026016354,0.4,False,SUPPORTED,0.4,0.12242819304000001,12.24,400,0,07:00-11:00
TASK-00239,SEG-020,Engineering,2.9,07:00-11:00,2,1.0,0.0,0.0,0.004031539,0.4031539,0.004031539,0.0024189233999999996,0.4,False,SUPPORTED,0.4,0.12225766184,12.23,405,0,07:00-11:00
TASK-00143,SEG-012,Electrical,5.4,07:00-11:00,2,0.0,0.0,0.0,0.0026769638,0.26769638,0.0026769638,0.00160617828,0.4,False,SUPPORTED,0.4,0.12149909972799999,12.15,409,0,07:00-11:00
TASK-00142,SEG-012,Electrical,3.8,07:00-11:00,2,0.0,0.0,0.0,0.0026769638,0.26769638,0.0026769638,0.00160617828,0.4,False,SUPPORTED,0.4,0.12149909972799999,12.15,408,0,07:00-11:00
TASK-00148,SEG-012,Electrical,6.32,07:00-11:00,2,0.0,0.0,0.0,0.0026769638,0.26769638,0.0026769638,0.00160617828,0.4,False,SUPPORTED,0.4,0.12149909972799999,12.15,410,0,07:00-11:00
TASK-00139,SEG-012,Electrical,3.53,07:00-11:00,2,0.0,0.0,0.0,0.0026769638,0.26769638,0.0026769638,0.00160617828,0.4,False,SUPPORTED,0.4,0.12149909972799999,12.15,407,0,07:00-11:00
TASK-00136,SEG-012,Electrical,3.42,07:00-11:00,2,0.0,0.0,0.0,0.0026769638,0.26769638,0.0026769638,0.00160617828,0.4,False,SUPPORTED,0.4,0.12149909972799999,12.15,406,0,07:00-11:00
TASK-00209,SEG-018,Electrical,3.79,07:00-11:00,2,0.0,0.0,0.0,0.0021221638,0.21221638,0.0021221638,0.00127329828,0.4,False,SUPPORTED,0.4,0.12118841172799999,12.12,411,0,07:00-11:00
TASK-00211,SEG-018,Electrical,4.84,07:00-11:00,2,0.0,0.0,0.0,0.0021221638,0.21221638,0.0021221638,0.00127329828,0.4,False,SUPPORTED,0.4,0.12118841172799999,12.12,412,0,07:00-11:00
TASK-00216,SEG-018,Electrical,6.08,07:00-11:00,2,0.0,0.0,0.0,0.0021221638,0.21221638,0.0021221638,0.00127329828,0.4,False,SUPPORTED,0.4,0.12118841172799999,12.12,413,0,07:00-11:00
TASK-00363,SEG-030,Electrical,6.09,07:00-11:00,2,0.0,0.0,0.0,0.0018312335,0.18312335,0.0018312335,0.0010987401,0.4,False,SUPPORTED,0.4,0.12102549075999999,12.1,414,0,07:00-11:00
TASK-00403,SEG-034,S&T,1.94,07:00-11:00,2,0.0,0.0,0.0,0.0017865896,0.17865896,0.0017865896,0.00107195376,0.4,False,SUPPORTED,0.4,0.12100049017600001,12.1,417,0,07:00-11:00
TASK-00399,SEG-034,S&T,4.87,07:00-11:00,2,0.0,0.0,0.0,0.0017865896,0.17865896,0.0017865896,0.00107195376,0.4,False,SUPPORTED,0.4,0.12100049017600001,12.1,415,0,07:00-11:00
TASK-00400,SEG-034,S&T,4.72,07:00-11:00,2,0.0,0.0,0.0,0.0017865896,0.17865896,0.0017865896,0.00107195376,0.4,False,SUPPORTED,0.4,0.12100049017600001,12.1,416,0,07:00-11:00
TASK-00393,SEG-033,S&T,3.54,07:00-11:00,2,0.0,0.0,0.0,0.0013402104,0.13402104,0.0013402104,0.00080412624,0.4,False,SUPPORTED,0.4,0.120750517824,12.08,418,0,07:00-11:00
TASK-00413,SEG-035,Electrical,3.16,07:00-11:00,2,0.0,0.0,0.0,0.0009829998,0.09829998,0.0009829997999999999,0.00058979988,0.4,False,SUPPORTED,0.4,0.12055047988800001,12.06,426,0,07:00-11:00
TASK-00412,SEG-035,Electrical,4.46,07:00-11:00,2,0.0,0.0,0.0,0.0009829998,0.09829998,0.0009829997999999999,0.00058979988,0.4,False,SUPPORTED,0.4,0.12055047988800001,12.06,425,0,07:00-11:00
TASK-00419,SEG-035,Electrical,5.1,07:00-11:00,2,0.0,0.0,0.0,0.0009829998,0.09829998,0.0009829997999999999,0.00058979988,0.4,False,SUPPORTED,0.4,0.12055047988800001,12.06,427,0,07:00-11:00
TASK-00346,SEG-029,Electrical,1.98,07:00-11:00,2,0.0,0.0,0.0,0.0011402369,0.114023685,0.00114023685,0.0006841421249999999,0.4,False,SUPPORTED,0.4,0.12063853264874999,12.06,420,0,07:00-11:00
TASK-00374,SEG-031,Engineering,7.12,07:00-11:00,2,1.0,0.0,0.0,0.0010365844,0.10365844,0.0010365844,0.00062195064,0.4,False,SUPPORTED,0.4,0.12058048726399999,12.06,424,0,07:00-11:00
TASK-00353,SEG-029,Electrical,6.9,07:00-11:00,2,0.0,0.0,0.0,0.0011402369,0.114023685,0.00114023685,0.0006841421249999999,0.4,False,SUPPORTED,0.4,0.12063853264874999,12.06,421,0,07:00-11:00
TASK-00371,SEG-031,Engineering,2.24,07:00-11:00,2,1.0,0.0,0.0,0.0010365844,0.10365844,0.0010365844,0.00062195064,0.4,False,SUPPORTED,0.4,0.12058048726399999,12.06,423,0,07:00-11:00
TASK-00368,SEG-031,Engineering,5.95,07:00-11:00,2,1.0,0.0,0.0,0.0010365844,0.10365844,0.0010365844,0.00062195064,0.4,False,SUPPORTED,0.4,0.12058048726399999,12.06,422,0,07:00-11:00
TASK-00111,SEG-009,S&T,3.87,07:00-11:00,2,1.0,0.0,0.0,0.0011402369,0.114023685,0.00114023685,0.0006841421249999999,0.4,False,SUPPORTED,0.4,0.12063853264874999,12.06,419,0,07:00-11:00
TASK-00199,SEG-017,Electrical,6.63,07:00-11:00,2,0.0,0.0,0.0,0.00095802546,0.095802546,0.00095802546,0.000574815276,0.4,False,SUPPORTED,0.4,0.1205364942576,12.05,436,0,07:00-11:00
TASK-00505,SEG-042,Electrical,2.47,07:00-11:00,2,1.0,0.0,0.0,0.0008919239,0.08919239,0.0008919239,0.00053515434,0.4,False,SUPPORTED,0.4,0.12049947738399999,12.05,441,0,07:00-11:00
TASK-00201,SEG-017,Electrical,5.61,07:00-11:00,2,0.0,0.0,0.0,0.00095802546,0.095802546,0.00095802546,0.000574815276,0.4,False,SUPPORTED,0.4,0.1205364942576,12.05,437,0,07:00-11:00
TASK-00554,SEG-046,S&T,5.16,07:00-11:00,2,0.0,0.0,0.0,0.0009598136,0.09598136,0.0009598136,0.00057588816,0.4,False,SUPPORTED,0.4,0.12053749561599998,12.05,443,0,07:00-11:00
TASK-00552,SEG-046,S&T,7.87,07:00-11:00,2,0.0,0.0,0.0,0.0009598136,0.09598136,0.0009598136,0.00057588816,0.4,False,SUPPORTED,0.4,0.12053749561599998,12.05,442,0,07:00-11:00
TASK-00078,SEG-007,Engineering,6.01,07:00-11:00,2,2.0,0.0,0.0,0.00095802546,0.095802546,0.00095802546,0.000574815276,0.4,False,SUPPORTED,0.4,0.1205364942576,12.05,429,0,07:00-11:00
TASK-00077,SEG-007,Engineering,3.76,07:00-11:00,2,2.0,0.0,0.0,0.00095802546,0.095802546,0.00095802546,0.000574815276,0.4,False,SUPPORTED,0.4,0.1205364942576,12.05,428,0,07:00-11:00
TASK-00206,SEG-017,Electrical,4.73,07:00-11:00,2,0.0,0.0,0.0,0.00095802546,0.095802546,0.00095802546,0.000574815276,0.4,False,SUPPORTED,0.4,0.1205364942576,12.05,438,0,07:00-11:00
TASK-00498,SEG-042,Electrical,5.71,07:00-11:00,2,1.0,0.0,0.0,0.0008919239,0.08919239,0.0008919239,0.00053515434,0.4,False,SUPPORTED,0.4,0.12049947738399999,12.05,440,0,07:00-11:00
TASK-00189,SEG-016,S&T,1.85,07:00-11:00,2,0.0,0.0,0.0,0.0008919239,0.08919239,0.0008919239,0.00053515434,0.4,False,SUPPORTED,0.4,0.12049947738399999,12.05,432,0,07:00-11:00
TASK-00119,SEG-010,S&T,4.15,07:00-11:00,2,0.0,0.0,0.0,0.00092047453,0.09204745,0.0009204745000000001,0.000552284709,0.4,False,SUPPORTED,0.4,0.12051546572765,12.05,430,0,07:00-11:00
TASK-00194,SEG-016,S&T,2.29,07:00-11:00,2,0.0,0.0,0.0,0.0008919239,0.08919239,0.0008919239,0.00053515434,0.4,False,SUPPORTED,0.4,0.12049947738399999,12.05,434,0,07:00-11:00
TASK-00190,SEG-016,S&T,1.68,07:00-11:00,2,0.0,0.0,0.0,0.0008919239,0.08919239,0.0008919239,0.00053515434,0.4,False,SUPPORTED,0.4,0.12049947738399999,12.05,433,0,07:00-11:00
TASK-00188,SEG-016,S&T,7.65,07:00-11:00,2,0.0,0.0,0.0,0.0008919239,0.08919239,0.0008919239,0.00053515434,0.4,False,SUPPORTED,0.4,0.12049947738399999,12.05,431,0,07:00-11:00
TASK-00197,SEG-017,Electrical,7.84,07:00-11:00,2,0.0,0.0,0.0,0.00095802546,0.095802546,0.00095802546,0.000574815276,0.4,False,SUPPORTED,0.4,0.1205364942576,12.05,435,0,07:00-11:00
TASK-00481,SEG-040,S&T,3.18,07:00-11:00,2,1.0,0.0,0.0,0.0008919239,0.08919239,0.0008919239,0.00053515434,0.4,False,SUPPORTED,0.4,0.12049947738399999,12.05,439,0,07:00-11:00
TASK-00281,SEG-024,Electrical,4.45,07:00-11:00,2,2.0,0.0,0.0,0.00074899197,0.0748992,0.000748992,0.000449395191,0.4,False,SUPPORTED,0.4,0.12041943551234999,12.04,446,0,07:00-11:00
TASK-00576,SEG-048,Electrical,7.42,07:00-11:00,2,2.0,0.0,0.0,0.0007775426,0.07775426,0.0007775426000000001,0.00046652556,0.4,False,SUPPORTED,0.4,0.12043542385599999,12.04,448,0,07:00-11:00
TASK-00154,SEG-013,Engineering,6.47,07:00-11:00,2,0.0,0.0,0.0,0.0007721782,0.07721782,0.0007721782000000001,0.00046330692,0.4,False,SUPPORTED,0.4,0.120432419792,12.04,445,0,07:00-11:00
TASK-00152,SEG-013,Engineering,2.22,07:00-11:00,2,0.0,0.0,0.0,0.0007721782,0.07721782,0.0007721782000000001,0.00046330692,0.4,False,SUPPORTED,0.4,0.120432419792,12.04,444,0,07:00-11:00
TASK-00573,SEG-048,Electrical,5.15,07:00-11:00,2,2.0,0.0,0.0,0.0007775426,0.07775426,0.0007775426000000001,0.00046652556,0.4,False,SUPPORTED,0.4,0.12043542385599999,12.04,447,0,07:00-11:00
TASK-00268,SEG-023,Electrical,7.03,07:00-11:00,2,0.0,0.0,0.0,0.00050771236,0.050771236,0.00050771236,0.000304627416,0.4,False,SUPPORTED,0.4,0.1202843189216,12.03,452,0,07:00-11:00
TASK-00447,SEG-038,Engineering,5.24,07:00-11:00,2,3.0,0.0,0.0,0.0004594326,0.04594326,0.0004594326,0.00027565955999999997,0.4,False,SUPPORTED,0.4,0.12025728225599999,12.03,459,0,07:00-11:00
TASK-00566,SEG-047,Electrical,7.09,07:00-11:00,2,1.0,0.0,0.0,0.00050771236,0.050771236,0.00050771236,0.000304627416,0.4,False,SUPPORTED,0.4,0.1202843189216,12.03,462,0,07:00-11:00
TASK-00568,SEG-047,Electrical,5.03,07:00-11:00,2,1.0,0.0,0.0,0.00050771236,0.050771236,0.00050771236,0.000304627416,0.4,False,SUPPORTED,0.4,0.1202843189216,12.03,464,0,07:00-11:00
TASK-00534,SEG-045,S&T,7.67,07:00-11:00,2,0.0,0.0,0.0,0.00050771236,0.050771236,0.00050771236,0.000304627416,0.4,False,SUPPORTED,0.4,0.1202843189216,12.03,461,0,07:00-11:00
TASK-00271,SEG-023,Electrical,4.85,07:00-11:00,2,0.0,0.0,0.0,0.00050771236,0.050771236,0.00050771236,0.000304627416,0.4,False,SUPPORTED,0.4,0.1202843189216,12.03,453,0,07:00-11:00
TASK-00442,SEG-037,Engineering,7.96,07:00-11:00,2,0.0,0.0,0.0,0.0005059242,0.050592422,0.00050592422,0.000303554526,0.4,False,SUPPORTED,0.4,0.1202833175581,12.03,458,0,07:00-11:00
TASK-00567,SEG-047,Electrical,5.56,07:00-11:00,2,1.0,0.0,0.0,0.00050771236,0.050771236,0.00050771236,0.000304627416,0.4,False,SUPPORTED,0.4,0.1202843189216,12.03,463,0,07:00-11:00
TASK-00226,SEG-019,Engineering,2.57,07:00-11:00,2,1.0,0.0,0.0,0.0005059242,0.050592422,0.00050592422,0.000303554526,0.4,False,SUPPORTED,0.4,0.1202833175581,12.03,450,0,07:00-11:00
TASK-00224,SEG-019,Engineering,1.98,07:00-11:00,2,1.0,0.0,0.0,0.0005059242,0.050592422,0.00050592422,0.000303554526,0.4,False,SUPPORTED,0.4,0.1202833175581,12.03,449,0,07:00-11:00
TASK-00326,SEG-027,S&T,6.41,07:00-11:00,2,0.0,0.0,0.0,0.00050771236,0.050771236,0.00050771236,0.000304627416,0.4,False,SUPPORTED,0.4,0.1202843189216,12.03,455,0,07:00-11:00
TASK-00327,SEG-027,S&T,2.13,07:00-11:00,2,0.0,0.0,0.0,0.00050771236,0.050771236,0.00050771236,0.000304627416,0.4,False,SUPPORTED,0.4,0.1202843189216,12.03,456,0,07:00-11:00
TASK-00440,SEG-037,Engineering,1.73,07:00-11:00,2,0.0,0.0,0.0,0.0005059242,0.050592422,0.00050592422,0.000303554526,0.4,False,SUPPORTED,0.4,0.1202833175581,12.03,457,0,07:00-11:00
TASK-00254,SEG-021,S&T,3.95,07:00-11:00,2,1.0,0.0,0.0,0.00050771236,0.050771236,0.00050771236,0.000304627416,0.4,False,SUPPORTED,0.4,0.1202843189216,12.03,451,0,07:00-11:00
TASK-00321,SEG-027,S&T,4.75,07:00-11:00,2,0.0,0.0,0.0,0.00050771236,0.050771236,0.00050771236,0.000304627416,0.4,False,SUPPORTED,0.4,0.1202843189216,12.03,454,0,07:00-11:00
TASK-00450,SEG-038,Engineering,3.51,07:00-11:00,2,3.0,0.0,0.0,0.0004594326,0.04594326,0.0004594326,0.00027565955999999997,0.4,False,SUPPORTED,0.4,0.12025728225599999,12.03,460,0,07:00-11:00
TASK-00094,SEG-008,Engineering,4.92,07:00-11:00,2,1.0,0.0,0.0,0.00039690733,0.039690733,0.00039690733,0.00023814439799999998,0.4,False,SUPPORTED,0.4,0.12022226810480001,12.02,469,0,07:00-11:00
TASK-00096,SEG-008,Engineering,7.04,07:00-11:00,2,1.0,0.0,0.0,0.00039690733,0.039690733,0.00039690733,0.00023814439799999998,0.4,False,SUPPORTED,0.4,0.12022226810480001,12.02,470,0,07:00-11:00
TASK-00315,SEG-026,Engineering,4.67,07:00-11:00,2,0.0,0.0,0.0,0.00039690733,0.039690733,0.00039690733,0.00023814439799999998,0.4,False,SUPPORTED,0.4,0.12022226810480001,12.02,476,0,07:00-11:00
TASK-00263,SEG-022,S&T,5.73,07:00-11:00,2,0.0,0.0,0.0,0.00039690733,0.039690733,0.00039690733,0.00023814439799999998,0.4,False,SUPPORTED,0.4,0.12022226810480001,12.02,472,0,07:00-11:00
TASK-00097,SEG-008,Engineering,1.73,07:00-11:00,2,1.0,0.0,0.0,0.00039690733,0.039690733,0.00039690733,0.00023814439799999998,0.4,False,SUPPORTED,0.4,0.12022226810480001,12.02,471,0,07:00-11:00
TASK-00595,SEG-050,Engineering,2.27,07:00-11:00,2,0.0,0.0,0.0,0.00039690733,0.039690733,0.00039690733,0.00023814439799999998,0.4,False,SUPPORTED,0.4,0.12022226810480001,12.02,478,0,07:00-11:00
TASK-00309,SEG-026,Engineering,3.0,07:00-11:00,2,0.0,0.0,0.0,0.00039690733,0.039690733,0.00039690733,0.00023814439799999998,0.4,False,SUPPORTED,0.4,0.12022226810480001,12.02,474,0,07:00-11:00
TASK-00314,SEG-026,Engineering,1.56,07:00-11:00,2,0.0,0.0,0.0,0.00039690733,0.039690733,0.00039690733,0.00023814439799999998,0.4,False,SUPPORTED,0.4,0.12022226810480001,12.02,475,0,07:00-11:00
TASK-00307,SEG-026,Engineering,3.53,07:00-11:00,2,0.0,0.0,0.0,0.00039690733,0.039690733,0.00039690733,0.00023814439799999998,0.4,False,SUPPORTED,0.4,0.12022226810480001,12.02,473,0,07:00-11:00
TASK-00593,SEG-050,Engineering,1.98,07:00-11:00,2,0.0,0.0,0.0,0.00039690733,0.039690733,0.00039690733,0.00023814439799999998,0.4,False,SUPPORTED,0.4,0.12022226810480001,12.02,477,0,07:00-11:00
TASK-00063,SEG-006,Electrical,5.59,07:00-11:00,2,0.0,0.0,0.0,0.00039690733,0.039690733,0.00039690733,0.00023814439799999998,0.4,False,SUPPORTED,0.4,0.12022226810480001,12.02,465,0,07:00-11:00
TASK-00066,SEG-006,Electrical,5.2,07:00-11:00,2,0.0,0.0,0.0,0.00039690733,0.039690733,0.00039690733,0.00023814439799999998,0.4,False,SUPPORTED,0.4,0.12022226810480001,12.02,466,0,07:00-11:00
TASK-00068,SEG-006,Electrical,1.52,07:00-11:00,2,0.0,0.0,0.0,0.00039690733,0.039690733,0.00039690733,0.00023814439799999998,0.4,False,SUPPORTED,0.4,0.12022226810480001,12.02,467,0,07:00-11:00
TASK-00088,SEG-008,Engineering,3.34,07:00-11:00,2,1.0,0.0,0.0,0.00039690733,0.039690733,0.00039690733,0.00023814439799999998,0.4,False,SUPPORTED,0.4,0.12022226810480001,12.02,468,0,07:00-11:00
TASK-00525,SEG-044,Engineering,6.27,07:00-11:00,2,2.0,0.0,0.0,0.00025212765,0.025212765,0.00025212765,0.00015127659,0.4,False,SUPPORTED,0.4,0.120141191484,12.01,484,0,07:00-11:00
TASK-00292,SEG-025,Engineering,6.31,07:00-11:00,2,1.0,0.0,0.0,0.00026106834,0.026106834,0.00026106834,0.000156641004,0.4,False,SUPPORTED,0.4,0.12014619827039999,12.01,479,0,07:00-11:00
TASK-00521,SEG-044,Engineering,6.01,07:00-11:00,2,2.0,0.0,0.0,0.00025212765,0.025212765,0.00025212765,0.00015127659,0.4,False,SUPPORTED,0.4,0.120141191484,12.01,483,0,07:00-11:00
TASK-00526,SEG-044,Engineering,7.2,07:00-11:00,2,2.0,0.0,0.0,0.00025212765,0.025212765,0.00025212765,0.00015127659,0.4,False,SUPPORTED,0.4,0.120141191484,12.01,485,0,07:00-11:00
TASK-00301,SEG-025,Engineering,3.25,07:00-11:00,2,1.0,0.0,0.0,0.00026106834,0.026106834,0.00026106834,0.000156641004,0.4,False,SUPPORTED,0.4,0.12014619827039999,12.01,482,0,07:00-11:00
TASK-00294,SEG-025,Engineering,5.39,07:00-11:00,2,1.0,0.0,0.0,0.00026106834,0.026106834,0.00026106834,0.000156641004,0.4,False,SUPPORTED,0.4,0.12014619827039999,12.01,480,0,07:00-11:00
TASK-00299,SEG-025,Engineering,4.18,07:00-11:00,2,1.0,0.0,0.0,0.00026106834,0.026106834,0.00026106834,0.000156641004,0.4,False,SUPPORTED,0.4,0.12014619827039999,12.01,481,0,07:00-11:00
TASK-00380,SEG-032,Engineering,2.42,07:00-11:00,2,4.0,0.0,0.0,0.0,0.0,0.0,0.0,0.4,False,SUPPORTED,0.4,0.12,12.0,487,0,07:00-11:00
TASK-00487,SEG-041,Electrical,5.99,07:00-11:00,2,1.0,0.0,0.0,0.0,0.0,0.0,0.0,0.4,False,SUPPORTED,0.4,0.12,12.0,491,0,07:00-11:00
TASK-00483,SEG-041,Electrical,4.19,07:00-11:00,2,1.0,0.0,0.0,0.0,0.0,0.0,0.0,0.4,False,SUPPORTED,0.4,0.12,12.0,489,0,07:00-11:00
TASK-00486,SEG-041,Electrical,4.12,07:00-11:00,2,1.0,0.0,0.0,0.0,0.0,0.0,0.0,0.4,False,SUPPORTED,0.4,0.12,12.0,490,0,07:00-11:00
TASK-00495,SEG-041,Electrical,7.5,07:00-11:00,2,1.0,0.0,0.0,0.0,0.0,0.0,0.0,0.4,False,SUPPORTED,0.4,0.12,12.0,492,0,07:00-11:00
TASK-00384,SEG-032,Engineering,7.79,07:00-11:00,2,4.0,0.0,0.0,0.0,0.0,0.0,0.0,0.4,False,SUPPORTED,0.4,0.12,12.0,488,0,07:00-11:00
TASK-00379,SEG-032,Engineering,2.45,07:00-11:00,2,4.0,0.0,0.0,0.0,0.0,0.0,0.0,0.4,False,SUPPORTED,0.4,0.12,12.0,486,0,07:00-11:00
TASK-00172,SEG-014,Engineering,5.91,07:00-11:00,1,1.0,0.0,0.0,0.0062129498,0.621295,0.00621295,0.00372776994,0.2,False,SUPPORTED,0.2,0.063479251949,6.35,496,0,07:00-11:00
TASK-00170,SEG-014,Engineering,4.78,07:00-11:00,1,1.0,0.0,0.0,0.0062129498,0.621295,0.00621295,0.00372776994,0.2,False,SUPPORTED,0.2,0.063479251949,6.35,494,0,07:00-11:00
TASK-00168,SEG-014,Engineering,5.27,07:00-11:00,1,1.0,0.0,0.0,0.0062129498,0.621295,0.00621295,0.00372776994,0.2,False,SUPPORTED,0.2,0.063479251949,6.35,493,0,07:00-11:00
TASK-00171,SEG-014,Engineering,4.9,07:00-11:00,1,1.0,0.0,0.0,0.0062129498,0.621295,0.00621295,0.00372776994,0.2,False,SUPPORTED,0.2,0.063479251949,6.35,495,0,07:00-11:00
TASK-00233,SEG-020,Engineering,4.36,07:00-11:00,1,1.0,0.0,0.0,0.004031539,0.4031539,0.004031539,0.0024189233999999996,0.2,False,SUPPORTED,0.2,0.06225766184,6.23,497,0,07:00-11:00
TASK-00241,SEG-020,Engineering,3.88,07:00-11:00,1,1.0,0.0,0.0,0.004031539,0.4031539,0.004031539,0.0024189233999999996,0.2,False,SUPPORTED,0.2,0.06225766184,6.23,498,0,07:00-11:00
TASK-00243,SEG-020,Engineering,7.84,07:00-11:00,1,1.0,0.0,0.0,0.004031539,0.4031539,0.004031539,0.0024189233999999996,0.2,False,SUPPORTED,0.2,0.06225766184,6.23,499,0,07:00-11:00
TASK-00147,SEG-012,Electrical,3.78,07:00-11:00,1,0.0,0.0,0.0,0.0026769638,0.26769638,0.0026769638,0.00160617828,0.2,False,SUPPORTED,0.2,0.061499099728,6.15,501,0,07:00-11:00
TASK-00138,SEG-012,Electrical,4.19,07:00-11:00,1,0.0,0.0,0.0,0.0026769638,0.26769638,0.0026769638,0.00160617828,0.2,False,SUPPORTED,0.2,0.061499099728,6.15,500,0,07:00-11:00
TASK-00217,SEG-018,Electrical,2.3,07:00-11:00,1,0.0,0.0,0.0,0.0021221638,0.21221638,0.0021221638,0.00127329828,0.2,False,SUPPORTED,0.2,0.061188411728,6.12,502,0,07:00-11:00
TASK-00218,SEG-018,Electrical,6.77,07:00-11:00,1,0.0,0.0,0.0,0.0021221638,0.21221638,0.0021221638,0.00127329828,0.2,False,SUPPORTED,0.2,0.061188411728,6.12,503,0,07:00-11:00
TASK-00357,SEG-030,Electrical,5.14,07:00-11:00,1,0.0,0.0,0.0,0.0018312335,0.18312335,0.0018312335,0.0010987401,0.2,False,SUPPORTED,0.2,0.06102549076,6.1,504,0,07:00-11:00
TASK-00410,SEG-034,S&T,4.86,07:00-11:00,1,0.0,0.0,0.0,0.0017865896,0.17865896,0.0017865896,0.00107195376,0.2,False,SUPPORTED,0.2,0.061000490176,6.1,507,0,07:00-11:00
TASK-00408,SEG-034,S&T,4.45,07:00-11:00,1,0.0,0.0,0.0,0.0017865896,0.17865896,0.0017865896,0.00107195376,0.2,False,SUPPORTED,0.2,0.061000490176,6.1,506,0,07:00-11:00
TASK-00359,SEG-030,Electrical,5.35,07:00-11:00,1,0.0,0.0,0.0,0.0018312335,0.18312335,0.0018312335,0.0010987401,0.2,False,SUPPORTED,0.2,0.06102549076,6.1,505,0,07:00-11:00
TASK-00398,SEG-033,S&T,5.1,07:00-11:00,1,0.0,0.0,0.0,0.0013402104,0.13402104,0.0013402104,0.00080412624,0.2,False,SUPPORTED,0.2,0.060750517824000004,6.08,511,0,07:00-11:00
TASK-00392,SEG-033,S&T,6.01,07:00-11:00,1,0.0,0.0,0.0,0.0013402104,0.13402104,0.0013402104,0.00080412624,0.2,False,SUPPORTED,0.2,0.060750517824000004,6.08,509,0,07:00-11:00
TASK-00397,SEG-033,S&T,7.76,07:00-11:00,1,0.0,0.0,0.0,0.0013402104,0.13402104,0.0013402104,0.00080412624,0.2,False,SUPPORTED,0.2,0.060750517824000004,6.08,510,0,07:00-11:00
TASK-00390,SEG-033,S&T,5.76,07:00-11:00,1,0.0,0.0,0.0,0.0013402104,0.13402104,0.0013402104,0.00080412624,0.2,False,SUPPORTED,0.2,0.060750517824000004,6.08,508,0,07:00-11:00
TASK-00369,SEG-031,Engineering,1.7,07:00-11:00,1,1.0,0.0,0.0,0.0010365844,0.10365844,0.0010365844,0.00062195064,0.2,False,SUPPORTED,0.2,0.060580487264000005,6.06,519,0,07:00-11:00
TASK-00365,SEG-031,Engineering,2.4,07:00-11:00,1,1.0,0.0,0.0,0.0010365844,0.10365844,0.0010365844,0.00062195064,0.2,False,SUPPORTED,0.2,0.060580487264000005,6.06,518,0,07:00-11:00
TASK-00104,SEG-009,S&T,3.44,07:00-11:00,1,1.0,0.0,0.0,0.0011402369,0.114023685,0.00114023685,0.0006841421249999999,0.2,False,SUPPORTED,0.2,0.06063853264875,6.06,514,0,07:00-11:00
TASK-00418,SEG-035,Electrical,1.95,07:00-11:00,1,0.0,0.0,0.0,0.0009829998,0.09829998,0.0009829997999999999,0.00058979988,0.2,False,SUPPORTED,0.2,0.060550479888,6.06,524,0,07:00-11:00
TASK-00376,SEG-031,Engineering,5.21,07:00-11:00,1,1.0,0.0,0.0,0.0010365844,0.10365844,0.0010365844,0.00062195064,0.2,False,SUPPORTED,0.2,0.060580487264000005,6.06,520,0,07:00-11:00
TASK-00350,SEG-029,Electrical,1.57,07:00-11:00,1,0.0,0.0,0.0,0.0011402369,0.114023685,0.00114023685,0.0006841421249999999,0.2,False,SUPPORTED,0.2,0.06063853264875,6.06,516,0,07:00-11:00
TASK-00411,SEG-035,Electrical,3.68,07:00-11:00,1,0.0,0.0,0.0,0.0009829998,0.09829998,0.0009829997999999999,0.00058979988,0.2,False,SUPPORTED,0.2,0.060550479888,6.06,521,0,07:00-11:00
TASK-00414,SEG-035,Electrical,1.52,07:00-11:00,1,0.0,0.0,0.0,0.0009829998,0.09829998,0.0009829997999999999,0.00058979988,0.2,False,SUPPORTED,0.2,0.060550479888,6.06,522,0,07:00-11:00
TASK-00415,SEG-035,Electrical,2.66,07:00-11:00,1,0.0,0.0,0.0,0.0009829998,0.09829998,0.0009829997999999999,0.00058979988,0.2,False,SUPPORTED,0.2,0.060550479888,6.06,523,0,07:00-11:00
TASK-00352,SEG-029,Electrical,7.99,07:00-11:00,1,0.0,0.0,0.0,0.0011402369,0.114023685,0.00114023685,0.0006841421249999999,0.2,False,SUPPORTED,0.2,0.06063853264875,6.06,517,0,07:00-11:00
TASK-00349,SEG-029,Electrical,7.89,07:00-11:00,1,0.0,0.0,0.0,0.0011402369,0.114023685,0.00114023685,0.0006841421249999999,0.2,False,SUPPORTED,0.2,0.06063853264875,6.06,515,0,07:00-11:00
TASK-00102,SEG-009,S&T,2.43,07:00-11:00,1,1.0,0.0,0.0,0.0011402369,0.114023685,0.00114023685,0.0006841421249999999,0.2,False,SUPPORTED,0.2,0.06063853264875,6.06,513,0,07:00-11:00
TASK-00100,SEG-009,S&T,4.3,07:00-11:00,1,1.0,0.0,0.0,0.0011402369,0.114023685,0.00114023685,0.0006841421249999999,0.2,False,SUPPORTED,0.2,0.06063853264875,6.06,512,0,07:00-11:00
TASK-00074,SEG-007,Engineering,3.13,07:00-11:00,1,2.0,0.0,0.0,0.00095802546,0.095802546,0.00095802546,0.000574815276,0.2,False,SUPPORTED,0.2,0.0605364942576,6.05,526,0,07:00-11:00
TASK-00544,SEG-046,S&T,2.23,07:00-11:00,1,0.0,0.0,0.0,0.0009598136,0.09598136,0.0009598136,0.00057588816,0.2,False,SUPPORTED,0.2,0.060537495616,6.05,539,0,07:00-11:00
TASK-00117,SEG-010,S&T,5.89,07:00-11:00,1,0.0,0.0,0.0,0.00092047453,0.09204745,0.0009204745000000001,0.000552284709,0.2,False,SUPPORTED,0.2,0.06051546572765,6.05,528,0,07:00-11:00
TASK-00083,SEG-007,Engineering,5.08,07:00-11:00,1,2.0,0.0,0.0,0.00095802546,0.095802546,0.00095802546,0.000574815276,0.2,False,SUPPORTED,0.2,0.0605364942576,6.05,527,0,07:00-11:00
TASK-00478,SEG-040,S&T,5.21,07:00-11:00,1,1.0,0.0,0.0,0.0008919239,0.08919239,0.0008919239,0.00053515434,0.2,False,SUPPORTED,0.2,0.060499477384,6.05,535,0,07:00-11:00
TASK-00198,SEG-017,Electrical,7.18,07:00-11:00,1,0.0,0.0,0.0,0.00095802546,0.095802546,0.00095802546,0.000574815276,0.2,False,SUPPORTED,0.2,0.0605364942576,6.05,533,0,07:00-11:00
TASK-00501,SEG-042,Electrical,7.32,07:00-11:00,1,1.0,0.0,0.0,0.0008919239,0.08919239,0.0008919239,0.00053515434,0.2,False,SUPPORTED,0.2,0.060499477384,6.05,538,0,07:00-11:00
TASK-00187,SEG-016,S&T,2.05,07:00-11:00,1,0.0,0.0,0.0,0.0008919239,0.08919239,0.0008919239,0.00053515434,0.2,False,SUPPORTED,0.2,0.060499477384,6.05,531,0,07:00-11:00
TASK-00469,SEG-040,S&T,3.33,07:00-11:00,1,1.0,0.0,0.0,0.0008919239,0.08919239,0.0008919239,0.00053515434,0.2,False,SUPPORTED,0.2,0.060499477384,6.05,534,0,07:00-11:00
TASK-00480,SEG-040,S&T,2.32,07:00-11:00,1,1.0,0.0,0.0,0.0008919239,0.08919239,0.0008919239,0.00053515434,0.2,False,SUPPORTED,0.2,0.060499477384,6.05,536,0,07:00-11:00
TASK-00196,SEG-017,Electrical,4.29,07:00-11:00,1,0.0,0.0,0.0,0.00095802546,0.095802546,0.00095802546,0.000574815276,0.2,False,SUPPORTED,0.2,0.0605364942576,6.05,532,0,07:00-11:00
TASK-00497,SEG-042,Electrical,1.68,07:00-11:00,1,1.0,0.0,0.0,0.0008919239,0.08919239,0.0008919239,0.00053515434,0.2,False,SUPPORTED,0.2,0.060499477384,6.05,537,0,07:00-11:00
TASK-00120,SEG-010,S&T,2.13,07:00-11:00,1,0.0,0.0,0.0,0.00092047453,0.09204745,0.0009204745000000001,0.000552284709,0.2,False,SUPPORTED,0.2,0.06051546572765,6.05,530,0,07:00-11:00
TASK-00118,SEG-010,S&T,2.94,07:00-11:00,1,0.0,0.0,0.0,0.00092047453,0.09204745,0.0009204745000000001,0.000552284709,0.2,False,SUPPORTED,0.2,0.06051546572765,6.05,529,0,07:00-11:00
TASK-00546,SEG-046,S&T,7.18,07:00-11:00,1,0.0,0.0,0.0,0.0009598136,0.09598136,0.0009598136,0.00057588816,0.2,False,SUPPORTED,0.2,0.060537495616,6.05,540,0,07:00-11:00
TASK-00072,SEG-007,Engineering,7.49,07:00-11:00,1,2.0,0.0,0.0,0.00095802546,0.095802546,0.00095802546,0.000574815276,0.2,False,SUPPORTED,0.2,0.0605364942576,6.05,525,0,07:00-11:00
TASK-00279,SEG-024,Electrical,7.37,07:00-11:00,1,2.0,0.0,0.0,0.00074899197,0.0748992,0.000748992,0.000449395191,0.2,False,SUPPORTED,0.2,0.060419435512349996,6.04,543,0,07:00-11:00
TASK-00280,SEG-024,Electrical,5.92,07:00-11:00,1,2.0,0.0,0.0,0.00074899197,0.0748992,0.000748992,0.000449395191,0.2,False,SUPPORTED,0.2,0.060419435512349996,6.04,544,0,07:00-11:00
TASK-00580,SEG-048,Electrical,7.54,07:00-11:00,1,2.0,0.0,0.0,0.0007775426,0.07775426,0.0007775426000000001,0.00046652556,0.2,False,SUPPORTED,0.2,0.060435423855999995,6.04,548,0,07:00-11:00
TASK-00287,SEG-024,Electrical,2.66,07:00-11:00,1,2.0,0.0,0.0,0.00074899197,0.0748992,0.000748992,0.000449395191,0.2,False,SUPPORTED,0.2,0.060419435512349996,6.04,545,0,07:00-11:00
TASK-00150,SEG-013,Engineering,2.52,07:00-11:00,1,0.0,0.0,0.0,0.0007721782,0.07721782,0.0007721782000000001,0.00046330692,0.2,False,SUPPORTED,0.2,0.060432419791999994,6.04,541,0,07:00-11:00
TASK-00157,SEG-013,Engineering,5.24,07:00-11:00,1,0.0,0.0,0.0,0.0007721782,0.07721782,0.0007721782000000001,0.00046330692,0.2,False,SUPPORTED,0.2,0.060432419791999994,6.04,542,0,07:00-11:00
TASK-00581,SEG-048,Electrical,6.63,07:00-11:00,1,2.0,0.0,0.0,0.0007775426,0.07775426,0.0007775426000000001,0.00046652556,0.2,False,SUPPORTED,0.2,0.060435423855999995,6.04,549,0,07:00-11:00
TASK-00574,SEG-048,Electrical,1.81,07:00-11:00,1,2.0,0.0,0.0,0.0007775426,0.07775426,0.0007775426000000001,0.00046652556,0.2,False,SUPPORTED,0.2,0.060435423855999995,6.04,546,0,07:00-11:00
TASK-00575,SEG-048,Electrical,1.85,07:00-11:00,1,2.0,0.0,0.0,0.0007775426,0.07775426,0.0007775426000000001,0.00046652556,0.2,False,SUPPORTED,0.2,0.060435423855999995,6.04,547,0,07:00-11:00
TASK-00583,SEG-049,Engineering,2.94,07:00-11:00,1,0.0,0.0,0.0,0.0005059242,0.050592422,0.00050592422,0.000303554526,0.2,False,SUPPORTED,0.2,0.0602833175581,6.03,582,0,07:00-11:00
TASK-00454,SEG-038,Engineering,3.93,07:00-11:00,1,3.0,0.0,0.0,0.0004594326,0.04594326,0.0004594326,0.00027565955999999997,0.2,False,SUPPORTED,0.2,0.060257282256,6.03,572,0,07:00-11:00
TASK-00439,SEG-037,Engineering,4.27,07:00-11:00,1,0.0,0.0,0.0,0.0005059242,0.050592422,0.00050592422,0.000303554526,0.2,False,SUPPORTED,0.2,0.0602833175581,6.03,570,0,07:00-11:00
TASK-00426,SEG-036,Electrical,5.35,07:00-11:00,1,0.0,0.0,0.0,0.00048089027,0.048089027,0.00048089027,0.00028853416199999996,0.2,False,SUPPORTED,0.2,0.0602692985512,6.03,565,0,07:00-11:00
TASK-00443,SEG-037,Engineering,5.04,07:00-11:00,1,0.0,0.0,0.0,0.0005059242,0.050592422,0.00050592422,0.000303554526,0.2,False,SUPPORTED,0.2,0.0602833175581,6.03,571,0,07:00-11:00
TASK-00429,SEG-036,Electrical,2.19,07:00-11:00,1,0.0,0.0,0.0,0.00048089027,0.048089027,0.00048089027,0.00028853416199999996,0.2,False,SUPPORTED,0.2,0.0602692985512,6.03,566,0,07:00-11:00
TASK-00431,SEG-036,Electrical,1.76,07:00-11:00,1,0.0,0.0,0.0,0.00048089027,0.048089027,0.00048089027,0.00028853416199999996,0.2,False,SUPPORTED,0.2,0.0602692985512,6.03,567,0,07:00-11:00
TASK-00322,SEG-027,S&T,7.47,07:00-11:00,1,0.0,0.0,0.0,0.00050771236,0.050771236,0.00050771236,0.000304627416,0.2,False,SUPPORTED,0.2,0.060284318921599994,6.03,562,0,07:00-11:00
TASK-00434,SEG-036,Electrical,2.16,07:00-11:00,1,0.0,0.0,0.0,0.00048089027,0.048089027,0.00048089027,0.00028853416199999996,0.2,False,SUPPORTED,0.2,0.0602692985512,6.03,568,0,07:00-11:00
TASK-00272,SEG-023,Electrical,3.6,07:00-11:00,1,0.0,0.0,0.0,0.00050771236,0.050771236,0.00050771236,0.000304627416,0.2,False,SUPPORTED,0.2,0.060284318921599994,6.03,560,0,07:00-11:00
TASK-00436,SEG-037,Engineering,1.64,07:00-11:00,1,0.0,0.0,0.0,0.0005059242,0.050592422,0.00050592422,0.000303554526,0.2,False,SUPPORTED,0.2,0.0602833175581,6.03,569,0,07:00-11:00
TASK-00273,SEG-023,Electrical,3.46,07:00-11:00,1,0.0,0.0,0.0,0.00050771236,0.050771236,0.00050771236,0.000304627416,0.2,False,SUPPORTED,0.2,0.060284318921599994,6.03,561,0,07:00-11:00
TASK-00250,SEG-021,S&T,4.62,07:00-11:00,1,1.0,0.0,0.0,0.00050771236,0.050771236,0.00050771236,0.000304627416,0.2,False,SUPPORTED,0.2,0.060284318921599994,6.03,557,0,07:00-11:00
TASK-00584,SEG-049,Engineering,4.95,07:00-11:00,1,0.0,0.0,0.0,0.0005059242,0.050592422,0.00050592422,0.000303554526,0.2,False,SUPPORTED,0.2,0.0602833175581,6.03,583,0,07:00-11:00
TASK-00588,SEG-049,Engineering,6.72,07:00-11:00,1,0.0,0.0,0.0,0.0005059242,0.050592422,0.00050592422,0.000303554526,0.2,False,SUPPORTED,0.2,0.0602833175581,6.03,584,0,07:00-11:00
TASK-00328,SEG-027,S&T,1.69,07:00-11:00,1,0.0,0.0,0.0,0.00050771236,0.050771236,0.00050771236,0.000304627416,0.2,False,SUPPORTED,0.2,0.060284318921599994,6.03,563,0,07:00-11:00
TASK-00329,SEG-027,S&T,7.62,07:00-11:00,1,0.0,0.0,0.0,0.00050771236,0.050771236,0.00050771236,0.000304627416,0.2,False,SUPPORTED,0.2,0.060284318921599994,6.03,564,0,07:00-11:00
TASK-00251,SEG-021,S&T,6.84,07:00-11:00,1,1.0,0.0,0.0,0.00050771236,0.050771236,0.00050771236,0.000304627416,0.2,False,SUPPORTED,0.2,0.060284318921599994,6.03,558,0,07:00-11:00
TASK-00253,SEG-021,S&T,6.09,07:00-11:00,1,1.0,0.0,0.0,0.00050771236,0.050771236,0.00050771236,0.000304627416,0.2,False,SUPPORTED,0.2,0.060284318921599994,6.03,559,0,07:00-11:00
TASK-00246,SEG-021,S&T,4.05,07:00-11:00,1,1.0,0.0,0.0,0.00050771236,0.050771236,0.00050771236,0.000304627416,0.2,False,SUPPORTED,0.2,0.060284318921599994,6.03,556,0,07:00-11:00
TASK-00230,SEG-019,Engineering,2.03,07:00-11:00,1,1.0,0.0,0.0,0.0005059242,0.050592422,0.00050592422,0.000303554526,0.2,False,SUPPORTED,0.2,0.0602833175581,6.03,555,0,07:00-11:00
TASK-00127,SEG-011,Electrical,2.9,07:00-11:00,1,0.0,0.0,0.0,0.00050771236,0.050771236,0.00050771236,0.000304627416,0.2,False,SUPPORTED,0.2,0.060284318921599994,6.03,550,0,07:00-11:00
TASK-00133,SEG-011,Electrical,7.77,07:00-11:00,1,0.0,0.0,0.0,0.00050771236,0.050771236,0.00050771236,0.000304627416,0.2,False,SUPPORTED,0.2,0.060284318921599994,6.03,551,0,07:00-11:00
TASK-00533,SEG-045,S&T,3.02,07:00-11:00,1,0.0,0.0,0.0,0.00050771236,0.050771236,0.00050771236,0.000304627416,0.2,False,SUPPORTED,0.2,0.060284318921599994,6.03,574,0,07:00-11:00
TASK-00532,SEG-045,S&T,3.42,07:00-11:00,1,0.0,0.0,0.0,0.00050771236,0.050771236,0.00050771236,0.000304627416,0.2,False,SUPPORTED,0.2,0.060284318921599994,6.03,573,0,07:00-11:00
TASK-00542,SEG-045,S&T,7.42,07:00-11:00,1,0.0,0.0,0.0,0.00050771236,0.050771236,0.00050771236,0.000304627416,0.2,False,SUPPORTED,0.2,0.060284318921599994,6.03,578,0,07:00-11:00
TASK-00538,SEG-045,S&T,3.82,07:00-11:00,1,0.0,0.0,0.0,0.00050771236,0.050771236,0.00050771236,0.000304627416,0.2,False,SUPPORTED,0.2,0.060284318921599994,6.03,576,0,07:00-11:00
TASK-00543,SEG-045,S&T,5.47,07:00-11:00,1,0.0,0.0,0.0,0.00050771236,0.050771236,0.00050771236,0.000304627416,0.2,False,SUPPORTED,0.2,0.060284318921599994,6.03,579,0,07:00-11:00
TASK-00536,SEG-045,S&T,7.18,07:00-11:00,1,0.0,0.0,0.0,0.00050771236,0.050771236,0.00050771236,0.000304627416,0.2,False,SUPPORTED,0.2,0.060284318921599994,6.03,575,0,07:00-11:00
TASK-00540,SEG-045,S&T,5.98,07:00-11:00,1,0.0,0.0,0.0,0.00050771236,0.050771236,0.00050771236,0.000304627416,0.2,False,SUPPORTED,0.2,0.060284318921599994,6.03,577,0,07:00-11:00
TASK-00562,SEG-047,Electrical,6.58,07:00-11:00,1,1.0,0.0,0.0,0.00050771236,0.050771236,0.00050771236,0.000304627416,0.2,False,SUPPORTED,0.2,0.060284318921599994,6.03,580,0,07:00-11:00
TASK-00564,SEG-047,Electrical,7.87,07:00-11:00,1,1.0,0.0,0.0,0.00050771236,0.050771236,0.00050771236,0.000304627416,0.2,False,SUPPORTED,0.2,0.060284318921599994,6.03,581,0,07:00-11:00
TASK-00182,SEG-015,S&T,4.17,07:00-11:00,1,1.0,0.0,0.0,0.00050771236,0.050771236,0.00050771236,0.000304627416,0.2,False,SUPPORTED,0.2,0.060284318921599994,6.03,553,0,07:00-11:00
TASK-00178,SEG-015,S&T,7.66,07:00-11:00,1,1.0,0.0,0.0,0.00050771236,0.050771236,0.00050771236,0.000304627416,0.2,False,SUPPORTED,0.2,0.060284318921599994,6.03,552,0,07:00-11:00
TASK-00221,SEG-019,Engineering,3.85,07:00-11:00,1,1.0,0.0,0.0,0.0005059242,0.050592422,0.00050592422,0.000303554526,0.2,False,SUPPORTED,0.2,0.0602833175581,6.03,554,0,07:00-11:00
TASK-00310,SEG-026,Engineering,6.46,07:00-11:00,1,0.0,0.0,0.0,0.00039690733,0.039690733,0.00039690733,0.00023814439799999998,0.2,False,SUPPORTED,0.2,0.0602222681048,6.02,593,0,07:00-11:00
TASK-00262,SEG-022,S&T,7.77,07:00-11:00,1,0.0,0.0,0.0,0.00039690733,0.039690733,0.00039690733,0.00023814439799999998,0.2,False,SUPPORTED,0.2,0.0602222681048,6.02,590,0,07:00-11:00
TASK-00313,SEG-026,Engineering,1.82,07:00-11:00,1,0.0,0.0,0.0,0.00039690733,0.039690733,0.00039690733,0.00023814439799999998,0.2,False,SUPPORTED,0.2,0.0602222681048,6.02,594,0,07:00-11:00
TASK-00306,SEG-026,Engineering,2.14,07:00-11:00,1,0.0,0.0,0.0,0.00039690733,0.039690733,0.00039690733,0.00023814439799999998,0.2,False,SUPPORTED,0.2,0.0602222681048,6.02,592,0,07:00-11:00
TASK-00303,SEG-026,Engineering,7.59,07:00-11:00,1,0.0,0.0,0.0,0.00039690733,0.039690733,0.00039690733,0.00023814439799999998,0.2,False,SUPPORTED,0.2,0.0602222681048,6.02,591,0,07:00-11:00
TASK-00087,SEG-008,Engineering,6.52,07:00-11:00,1,1.0,0.0,0.0,0.00039690733,0.039690733,0.00039690733,0.00023814439799999998,0.2,False,SUPPORTED,0.2,0.0602222681048,6.02,586,0,07:00-11:00
TASK-00069,SEG-006,Electrical,6.1,07:00-11:00,1,0.0,0.0,0.0,0.00039690733,0.039690733,0.00039690733,0.00023814439799999998,0.2,False,SUPPORTED,0.2,0.0602222681048,6.02,585,0,07:00-11:00
TASK-00258,SEG-022,S&T,3.39,07:00-11:00,1,0.0,0.0,0.0,0.00039690733,0.039690733,0.00039690733,0.00023814439799999998,0.2,False,SUPPORTED,0.2,0.0602222681048,6.02,588,0,07:00-11:00
TASK-00256,SEG-022,S&T,6.08,07:00-11:00,1,0.0,0.0,0.0,0.00039690733,0.039690733,0.00039690733,0.00023814439799999998,0.2,False,SUPPORTED,0.2,0.0602222681048,6.02,587,0,07:00-11:00
TASK-00259,SEG-022,S&T,3.17,07:00-11:00,1,0.0,0.0,0.0,0.00039690733,0.039690733,0.00039690733,0.00023814439799999998,0.2,False,SUPPORTED,0.2,0.0602222681048,6.02,589,0,07:00-11:00
TASK-00300,SEG-025,Engineering,3.65,07:00-11:00,1,1.0,0.0,0.0,0.00026106834,0.026106834,0.00026106834,0.000156641004,0.2,False,SUPPORTED,0.2,0.0601461982704,6.01,595,0,07:00-11:00
TASK-00522,SEG-044,Engineering,1.92,07:00-11:00,1,2.0,0.0,0.0,0.00025212765,0.025212765,0.00025212765,0.00015127659,0.2,False,SUPPORTED,0.2,0.060141191483999996,6.01,596,0,07:00-11:00
TASK-00523,SEG-044,Engineering,7.27,07:00-11:00,1,2.0,0.0,0.0,0.00025212765,0.025212765,0.00025212765,0.00015127659,0.2,False,SUPPORTED,0.2,0.060141191483999996,6.01,597,0,07:00-11:00
TASK-00528,SEG-044,Engineering,3.14,07:00-11:00,1,2.0,0.0,0.0,0.00025212765,0.025212765,0.00025212765,0.00015127659,0.2,False,SUPPORTED,0.2,0.060141191483999996,6.01,598,0,07:00-11:00
TASK-00387,SEG-032,Engineering,4.47,07:00-11:00,1,4.0,0.0,0.0,0.0,0.0,0.0,0.0,0.2,False,SUPPORTED,0.2,0.06,6.0,602,0,07:00-11:00
TASK-00386,SEG-032,Engineering,2.15,07:00-11:00,1,4.0,0.0,0.0,0.0,0.0,0.0,0.0,0.2,False,SUPPORTED,0.2,0.06,6.0,601,0,07:00-11:00
TASK-00385,SEG-032,Engineering,5.06,07:00-11:00,1,4.0,0.0,0.0,0.0,0.0,0.0,0.0,0.2,False,SUPPORTED,0.2,0.06,6.0,600,0,07:00-11:00
TASK-00381,SEG-032,Engineering,6.66,07:00-11:00,1,4.0,0.0,0.0,0.0,0.0,0.0,0.0,0.2,False,SUPPORTED,0.2,0.06,6.0,599,0,07:00-11:00
