segment_id,forecast_as_of,day,date,survival_probability,failure_probability_by_day
SEG-001,2025-11-21,1,2025-11-22,0.999785,0.000215
SEG-001,2025-11-21,2,2025-11-23,0.99956996,0.00043004
SEG-001,2025-11-21,3,2025-11-24,0.9993549,0.0006451
SEG-001,2025-11-21,4,2025-11-25,0.99913981,0.00086019
SEG-001,2025-11-21,5,2025-11-26,0.9989247,0.0010753
SEG-001,2025-11-21,6,2025-11-27,0.99870955,0.00129045
SEG-001,2025-11-21,7,2025-11-28,0.99849438,0.00150562
SEG-001,2025-11-21,8,2025-11-29,0.99827918,0.00172082
SEG-001,2025-11-21,9,2025-11-30,0.99806396,0.00193604
SEG-001,2025-11-21,10,2025-12-01,0.99784871,0.00215129
SEG-001,2025-11-21,11,2025-12-02,0.99763343,0.00236657
SEG-001,2025-11-21,12,2025-12-03,0.99741812,0.00258188
SEG-001,2025-11-21,13,2025-12-04,0.99720279,0.00279721
SEG-001,2025-11-21,14,2025-12-05,0.99698743,0.00301257
SEG-001,2025-11-21,15,2025-12-06,0.99677204,0.00322796
SEG-001,2025-11-21,16,2025-12-07,0.99655663,0.00344337
SEG-001,2025-11-21,17,2025-12-08,0.99634119,0.00365881
SEG-001,2025-11-21,18,2025-12-09,0.99612572,0.00387428
SEG-001,2025-11-21,19,2025-12-10,0.99591023,0.00408977
SEG-001,2025-11-21,20,2025-12-11,0.99569471,0.00430529
SEG-001,2025-11-21,21,2025-12-12,0.99547917,0.00452083
SEG-001,2025-11-21,22,2025-12-13,0.9952636,0.0047364
SEG-001,2025-11-21,23,2025-12-14,0.995048,0.004952
SEG-001,2025-11-21,24,2025-12-15,0.99483238,0.00516762
SEG-001,2025-11-21,25,2025-12-16,0.99461674,0.00538326
SEG-001,2025-11-21,26,2025-12-17,0.99440107,0.00559893
SEG-001,2025-11-21,27,2025-12-18,0.99418537,0.00581463
SEG-001,2025-11-21,28,2025-12-19,0.99396965,0.00603035
SEG-001,2025-11-21,29,2025-12-20,0.9937539,0.0062461
SEG-001,2025-11-21,30,2025-12-21,0.99353813,0.00646187
SEG-002,2025-11-21,1,2025-11-22,0.99974282,0.00025718
SEG-002,2025-11-21,2,2025-11-23,0.99948563,0.00051437
SEG-002,2025-11-21,3,2025-11-24,0.9992284,0.0007716
SEG-002,2025-11-21,4,2025-11-25,0.99897116,0.00102884
SEG-002,2025-11-21,5,2025-11-26,0.9987139,0.0012861
SEG-002,2025-11-21,6,2025-11-27,0.99845661,0.00154339
SEG-002,2025-11-21,7,2025-11-28,0.9981993,0.0018007
SEG-002,2025-11-21,8,2025-11-29,0.99794197,0.00205803
SEG-002,2025-11-21,9,2025-11-30,0.99768461,0.00231539
SEG-002,2025-11-21,10,2025-12-01,0.99742724,0.00257276
SEG-002,2025-11-21,11,2025-12-02,0.99716984,0.00283016
SEG-002,2025-11-21,12,2025-12-03,0.99691242,0.00308758
SEG-002,2025-11-21,13,2025-12-04,0.99665499,0.00334501
SEG-002,2025-11-21,14,2025-12-05,0.99639753,0.00360247
SEG-002,2025-11-21,15,2025-12-06,0.99614005,0.00385995
SEG-002,2025-11-21,16,2025-12-07,0.99588254,0.00411746
SEG-002,2025-11-21,17,2025-12-08,0.99562502,0.00437498
SEG-002,2025-11-21,18,2025-12-09,0.99536748,0.00463252
SEG-002,2025-11-21,19,2025-12-10,0.99510992,0.00489008
SEG-002,2025-11-21,20,2025-12-11,0.99485234,0.00514766
SEG-002,2025-11-21,21,2025-12-12,0.99459473,0.00540527
SEG-002,2025-11-21,22,2025-12-13,0.99433711,0.00566289
SEG-002,2025-11-21,23,2025-12-14,0.99407947,0.00592053
SEG-002,2025-11-21,24,2025-12-15,0.99382181,0.00617819
SEG-002,2025-11-21,25,2025-12-16,0.99356413,0.00643587
SEG-002,2025-11-21,26,2025-12-17,0.99330643,0.00669357
SEG-002,2025-11-21,27,2025-12-18,0.99304871,0.00695129
SEG-002,2025-11-21,28,2025-12-19,0.99279097,0.00720903
SEG-002,2025-11-21,29,2025-12-20,0.99253322,0.00746678
SEG-002,2025-11-21,30,2025-12-21,0.99227544,0.00772456
SEG-003,2025-11-21,1,2025-11-22,0.99982622,0.00017378
SEG-003,2025-11-21,2,2025-11-23,0.99965241,0.00034759
SEG-003,2025-11-21,3,2025-11-24,0.99947858,0.00052142
SEG-003,2025-11-21,4,2025-11-25,0.99930471,0.00069529
SEG-003,2025-11-21,5,2025-11-26,0.99913081,0.00086919
SEG-003,2025-11-21,6,2025-11-27,0.99895688,0.00104312
SEG-003,2025-11-21,7,2025-11-28,0.99878293,0.00121707
SEG-003,2025-11-21,8,2025-11-29,0.99860894,0.00139106
SEG-003,2025-11-21,9,2025-11-30,0.99843493,0.00156507
SEG-003,2025-11-21,10,2025-12-01,0.99826088,0.00173912
SEG-003,2025-11-21,11,2025-12-02,0.99808681,0.00191319
SEG-003,2025-11-21,12,2025-12-03,0.99791271,0.00208729
SEG-003,2025-11-21,13,2025-12-04,0.99773858,0.00226142
SEG-003,2025-11-21,14,2025-12-05,0.99756442,0.00243558
SEG-003,2025-11-21,15,2025-12-06,0.99739023,0.00260977
SEG-003,2025-11-21,16,2025-12-07,0.99721601,0.00278399
SEG-003,2025-11-21,17,2025-12-08,0.99704177,0.00295823
SEG-003,2025-11-21,18,2025-12-09,0.9968675,0.0031325
SEG-003,2025-11-21,19,2025-12-10,0.99669319,0.00330681
SEG-003,2025-11-21,20,2025-12-11,0.99651886,0.00348114
SEG-003,2025-11-21,21,2025-12-12,0.99634451,0.00365549
SEG-003,2025-11-21,22,2025-12-13,0.99617012,0.00382988
SEG-003,2025-11-21,23,2025-12-14,0.99599571,0.00400429
SEG-003,2025-11-21,24,2025-12-15,0.99582126,0.00417874
SEG-003,2025-11-21,25,2025-12-16,0.99564679,0.00435321
SEG-003,2025-11-21,26,2025-12-17,0.9954723,0.0045277
SEG-003,2025-11-21,27,2025-12-18,0.99529777,0.00470223
SEG-003,2025-11-21,28,2025-12-19,0.99512322,0.00487678
SEG-003,2025-11-21,29,2025-12-20,0.99494864,0.00505136
SEG-003,2025-11-21,30,2025-12-21,0.99477403,0.00522597
SEG-004,2025-11-21,1,2025-11-22,0.99993103,6.897e-05
SEG-004,2025-11-21,2,2025-11-23,0.99986204,0.00013796
SEG-004,2025-11-21,3,2025-11-24,0.99979304,0.00020696
SEG-004,2025-11-21,4,2025-11-25,0.99972401,0.00027599
SEG-004,2025-11-21,5,2025-11-26,0.99965497,0.00034503
SEG-004,2025-11-21,6,2025-11-27,0.99958591,0.00041409
SEG-004,2025-11-21,7,2025-11-28,0.99951682,0.00048318
SEG-004,2025-11-21,8,2025-11-29,0.99944772,0.00055228
SEG-004,2025-11-21,9,2025-11-30,0.9993786,0.0006214
SEG-004,2025-11-21,10,2025-12-01,0.99930946,0.00069054
SEG-004,2025-11-21,11,2025-12-02,0.99924031,0.00075969
SEG-004,2025-11-21,12,2025-12-03,0.99917113,0.00082887
SEG-004,2025-11-21,13,2025-12-04,0.99910194,0.00089806
SEG-004,2025-11-21,14,2025-12-05,0.99903272,0.00096728
SEG-004,2025-11-21,15,2025-12-06,0.99896349,0.00103651
SEG-004,2025-11-21,16,2025-12-07,0.99889424,0.00110576
SEG-004,2025-11-21,17,2025-12-08,0.99882497,0.00117503
SEG-004,2025-11-21,18,2025-12-09,0.99875568,0.00124432
SEG-004,2025-11-21,19,2025-12-10,0.99868637,0.00131363
SEG-004,2025-11-21,20,2025-12-11,0.99861705,0.00138295
SEG-004,2025-11-21,21,2025-12-12,0.99854771,0.00145229
SEG-004,2025-11-21,22,2025-12-13,0.99847834,0.00152166
SEG-004,2025-11-21,23,2025-12-14,0.99840896,0.00159104
SEG-004,2025-11-21,24,2025-12-15,0.99833956,0.00166044
SEG-004,2025-11-21,25,2025-12-16,0.99827015,0.00172985
SEG-004,2025-11-21,26,2025-12-17,0.99820071,0.00179929
SEG-004,2025-11-21,27,2025-12-18,0.99813126,0.00186874
SEG-004,2025-11-21,28,2025-12-19,0.99806178,0.00193822
SEG-004,2025-11-21,29,2025-12-20,0.99799229,0.00200771
SEG-004,2025-11-21,30,2025-12-21,0.99792278,0.00207722
SEG-005,2025-11-21,1,2025-11-22,0.99977594,0.00022406
SEG-005,2025-11-21,2,2025-11-23,0.99955185,0.00044815
SEG-005,2025-11-21,3,2025-11-24,0.99932773,0.00067227
SEG-005,2025-11-21,4,2025-11-25,0.99910359,0.00089641
SEG-005,2025-11-21,5,2025-11-26,0.99887942,0.00112058
SEG-005,2025-11-21,6,2025-11-27,0.99865522,0.00134478
SEG-005,2025-11-21,7,2025-11-28,0.99843099,0.00156901
SEG-005,2025-11-21,8,2025-11-29,0.99820674,0.00179326
SEG-005,2025-11-21,9,2025-11-30,0.99798247,0.00201753
SEG-005,2025-11-21,10,2025-12-01,0.99775816,0.00224184
SEG-005,2025-11-21,11,2025-12-02,0.99753383,0.00246617
SEG-005,2025-11-21,12,2025-12-03,0.99730948,0.00269052
SEG-005,2025-11-21,13,2025-12-04,0.9970851,0.0029149
SEG-005,2025-11-21,14,2025-12-05,0.99686069,0.00313931
SEG-005,2025-11-21,15,2025-12-06,0.99663626,0.00336374
SEG-005,2025-11-21,16,2025-12-07,0.9964118,0.0035882
SEG-005,2025-11-21,17,2025-12-08,0.99618732,0.00381268
SEG-005,2025-11-21,18,2025-12-09,0.99596281,0.00403719
SEG-005,2025-11-21,19,2025-12-10,0.99573827,0.00426173
SEG-005,2025-11-21,20,2025-12-11,0.99551372,0.00448628
SEG-005,2025-11-21,21,2025-12-12,0.99528913,0.00471087
SEG-005,2025-11-21,22,2025-12-13,0.99506452,0.00493548
SEG-005,2025-11-21,23,2025-12-14,0.99483989,0.00516011
SEG-005,2025-11-21,24,2025-12-15,0.99461523,0.00538477
SEG-005,2025-11-21,25,2025-12-16,0.99439055,0.00560945
SEG-005,2025-11-21,26,2025-12-17,0.99416585,0.00583415
SEG-005,2025-11-21,27,2025-12-18,0.99394112,0.00605888
SEG-005,2025-11-21,28,2025-12-19,0.99371636,0.00628364
SEG-005,2025-11-21,29,2025-12-20,0.99349158,0.00650842
SEG-005,2025-11-21,30,2025-12-21,0.99326678,0.00673322
SEG-006,2025-11-21,1,2025-11-22,0.99988093,0.00011907
SEG-006,2025-11-21,2,2025-11-23,0.99976183,0.00023817
SEG-006,2025-11-21,3,2025-11-24,0.99964271,0.00035729
SEG-006,2025-11-21,4,2025-11-25,0.99952356,0.00047644
SEG-006,2025-11-21,5,2025-11-26,0.99940438,0.00059562
SEG-006,2025-11-21,6,2025-11-27,0.99928518,0.00071482
SEG-006,2025-11-21,7,2025-11-28,0.99916595,0.00083405
SEG-006,2025-11-21,8,2025-11-29,0.99904669,0.00095331
SEG-006,2025-11-21,9,2025-11-30,0.9989274,0.0010726
SEG-006,2025-11-21,10,2025-12-01,0.99880809,0.00119191
SEG-006,2025-11-21,11,2025-12-02,0.99868876,0.00131124
SEG-006,2025-11-21,12,2025-12-03,0.99856939,0.00143061
SEG-006,2025-11-21,13,2025-12-04,0.99845,0.00155
SEG-006,2025-11-21,14,2025-12-05,0.99833059,0.00166941
SEG-006,2025-11-21,15,2025-12-06,0.99821114,0.00178886
SEG-006,2025-11-21,16,2025-12-07,0.99809168,0.00190832
SEG-006,2025-11-21,17,2025-12-08,0.99797218,0.00202782
SEG-006,2025-11-21,18,2025-12-09,0.99785266,0.00214734
SEG-006,2025-11-21,19,2025-12-10,0.99773311,0.00226689
SEG-006,2025-11-21,20,2025-12-11,0.99761354,0.00238646
SEG-006,2025-11-21,21,2025-12-12,0.99749394,0.00250606
SEG-006,2025-11-21,22,2025-12-13,0.99737432,0.00262568
SEG-006,2025-11-21,23,2025-12-14,0.99725467,0.00274533
SEG-006,2025-11-21,24,2025-12-15,0.99713499,0.00286501
SEG-006,2025-11-21,25,2025-12-16,0.99701529,0.00298471
SEG-006,2025-11-21,26,2025-12-17,0.99689556,0.00310444
SEG-006,2025-11-21,27,2025-12-18,0.99677581,0.00322419
SEG-006,2025-11-21,28,2025-12-19,0.99665603,0.00334397
SEG-006,2025-11-21,29,2025-12-20,0.99653623,0.00346377
SEG-006,2025-11-21,30,2025-12-21,0.9964164,0.0035836
SEG-007,2025-11-21,1,2025-11-22,0.99947576,0.00052424
SEG-007,2025-11-21,2,2025-11-23,0.99895162,0.00104838
SEG-007,2025-11-21,3,2025-11-24,0.99842757,0.00157243
SEG-007,2025-11-21,4,2025-11-25,0.99790362,0.00209638
SEG-007,2025-11-21,5,2025-11-26,0.99737976,0.00262024
SEG-007,2025-11-21,6,2025-11-27,0.996856,0.003144
SEG-007,2025-11-21,7,2025-11-28,0.99633233,0.00366767
SEG-007,2025-11-21,8,2025-11-29,0.99580876,0.00419124
SEG-007,2025-11-21,9,2025-11-30,0.99528528,0.00471472
SEG-007,2025-11-21,10,2025-12-01,0.9947619,0.0052381
SEG-007,2025-11-21,11,2025-12-02,0.99423862,0.00576138
SEG-007,2025-11-21,12,2025-12-03,0.99371544,0.00628456
SEG-007,2025-11-21,13,2025-12-04,0.99319235,0.00680765
SEG-007,2025-11-21,14,2025-12-05,0.99266936,0.00733064
SEG-007,2025-11-21,15,2025-12-06,0.99214646,0.00785354
SEG-007,2025-11-21,16,2025-12-07,0.99162367,0.00837633
SEG-007,2025-11-21,17,2025-12-08,0.99110098,0.00889902
SEG-007,2025-11-21,18,2025-12-09,0.99057838,0.00942162
SEG-007,2025-11-21,19,2025-12-10,0.99005588,0.00994412
SEG-007,2025-11-21,20,2025-12-11,0.98953349,0.01046651
SEG-007,2025-11-21,21,2025-12-12,0.98901119,0.01098881
SEG-007,2025-11-21,22,2025-12-13,0.98848899,0.01151101
SEG-007,2025-11-21,23,2025-12-14,0.9879669,0.0120331
SEG-007,2025-11-21,24,2025-12-15,0.9874449,0.0125551
SEG-007,2025-11-21,25,2025-12-16,0.98692301,0.01307699
SEG-007,2025-11-21,26,2025-12-17,0.98640122,0.01359878
SEG-007,2025-11-21,27,2025-12-18,0.98587953,0.01412047
SEG-007,2025-11-21,28,2025-12-19,0.98535794,0.01464206
SEG-007,2025-11-21,29,2025-12-20,0.98483645,0.01516355
SEG-007,2025-11-21,30,2025-12-21,0.98431507,0.01568493
SEG-008,2025-11-21,1,2025-11-22,0.99991069,8.931e-05
SEG-008,2025-11-21,2,2025-11-23,0.99982136,0.00017864
SEG-008,2025-11-21,3,2025-11-24,0.999732,0.000268
SEG-008,2025-11-21,4,2025-11-25,0.99964263,0.00035737
SEG-008,2025-11-21,5,2025-11-26,0.99955323,0.00044677
SEG-008,2025-11-21,6,2025-11-27,0.9994638,0.0005362
SEG-008,2025-11-21,7,2025-11-28,0.99937436,0.00062564
SEG-008,2025-11-21,8,2025-11-29,0.99928489,0.00071511
SEG-008,2025-11-21,9,2025-11-30,0.9991954,0.0008046
SEG-008,2025-11-21,10,2025-12-01,0.99910588,0.00089412
SEG-008,2025-11-21,11,2025-12-02,0.99901635,0.00098365
SEG-008,2025-11-21,12,2025-12-03,0.99892679,0.00107321
SEG-008,2025-11-21,13,2025-12-04,0.99883721,0.00116279
SEG-008,2025-11-21,14,2025-12-05,0.9987476,0.0012524
SEG-008,2025-11-21,15,2025-12-06,0.99865798,0.00134202
SEG-008,2025-11-21,16,2025-12-07,0.99856833,0.00143167
SEG-008,2025-11-21,17,2025-12-08,0.99847866,0.00152134
SEG-008,2025-11-21,18,2025-12-09,0.99838897,0.00161103
SEG-008,2025-11-21,19,2025-12-10,0.99829925,0.00170075
SEG-008,2025-11-21,20,2025-12-11,0.99820952,0.00179048
SEG-008,2025-11-21,21,2025-12-12,0.99811976,0.00188024
SEG-008,2025-11-21,22,2025-12-13,0.99802998,0.00197002
SEG-008,2025-11-21,23,2025-12-14,0.99794017,0.00205983
SEG-008,2025-11-21,24,2025-12-15,0.99785035,0.00214965
SEG-008,2025-11-21,25,2025-12-16,0.9977605,0.0022395
SEG-008,2025-11-21,26,2025-12-17,0.99767063,0.00232937
SEG-008,2025-11-21,27,2025-12-18,0.99758074,0.00241926
SEG-008,2025-11-21,28,2025-12-19,0.99749083,0.00250917
SEG-008,2025-11-21,29,2025-12-20,0.99740089,0.00259911
SEG-008,2025-11-21,30,2025-12-21,0.99731094,0.00268906
SEG-009,2025-11-21,1,2025-11-22,0.99984569,0.00015431
SEG-009,2025-11-21,2,2025-11-23,0.99969135,0.00030865
SEG-009,2025-11-21,3,2025-11-24,0.99953698,0.00046302
SEG-009,2025-11-21,4,2025-11-25,0.99938259,0.00061741
SEG-009,2025-11-21,5,2025-11-26,0.99922816,0.00077184
SEG-009,2025-11-21,6,2025-11-27,0.99907371,0.00092629
SEG-009,2025-11-21,7,2025-11-28,0.99891922,0.00108078
SEG-009,2025-11-21,8,2025-11-29,0.99876471,0.00123529
SEG-009,2025-11-21,9,2025-11-30,0.99861016,0.00138984
SEG-009,2025-11-21,10,2025-12-01,0.99845559,0.00154441
SEG-009,2025-11-21,11,2025-12-02,0.99830099,0.00169901
SEG-009,2025-11-21,12,2025-12-03,0.99814636,0.00185364
SEG-009,2025-11-21,13,2025-12-04,0.99799171,0.00200829
SEG-009,2025-11-21,14,2025-12-05,0.99783702,0.00216298
SEG-009,2025-11-21,15,2025-12-06,0.9976823,0.0023177
SEG-009,2025-11-21,16,2025-12-07,0.99752756,0.00247244
SEG-009,2025-11-21,17,2025-12-08,0.99737279,0.00262721
SEG-009,2025-11-21,18,2025-12-09,0.99721799,0.00278201
SEG-009,2025-11-21,19,2025-12-10,0.99706316,0.00293684
SEG-009,2025-11-21,20,2025-12-11,0.9969083,0.0030917
SEG-009,2025-11-21,21,2025-12-12,0.99675342,0.00324658
SEG-009,2025-11-21,22,2025-12-13,0.99659851,0.00340149
SEG-009,2025-11-21,23,2025-12-14,0.99644357,0.00355643
SEG-009,2025-11-21,24,2025-12-15,0.9962886,0.0037114
SEG-009,2025-11-21,25,2025-12-16,0.9961336,0.0038664
SEG-009,2025-11-21,26,2025-12-17,0.99597858,0.00402142
SEG-009,2025-11-21,27,2025-12-18,0.99582353,0.00417647
SEG-009,2025-11-21,28,2025-12-19,0.99566845,0.00433155
SEG-009,2025-11-21,29,2025-12-20,0.99551335,0.00448665
SEG-009,2025-11-21,30,2025-12-21,0.99535821,0.00464179
SEG-010,2025-11-21,1,2025-11-22,0.99998727,1.273e-05
SEG-010,2025-11-21,2,2025-11-23,0.99997454,2.546e-05
SEG-010,2025-11-21,3,2025-11-24,0.9999618,3.82e-05
SEG-010,2025-11-21,4,2025-11-25,0.99994906,5.094e-05
SEG-010,2025-11-21,5,2025-11-26,0.99993632,6.368e-05
SEG-010,2025-11-21,6,2025-11-27,0.99992357,7.643e-05
SEG-010,2025-11-21,7,2025-11-28,0.99991082,8.918e-05
SEG-010,2025-11-21,8,2025-11-29,0.99989806,0.00010194
SEG-010,2025-11-21,9,2025-11-30,0.9998853,0.0001147
SEG-010,2025-11-21,10,2025-12-01,0.99987253,0.00012747
SEG-010,2025-11-21,11,2025-12-02,0.99985976,0.00014024
SEG-010,2025-11-21,12,2025-12-03,0.99984699,0.00015301
SEG-010,2025-11-21,13,2025-12-04,0.99983421,0.00016579
SEG-010,2025-11-21,14,2025-12-05,0.99982143,0.00017857
SEG-010,2025-11-21,15,2025-12-06,0.99980864,0.00019136
SEG-010,2025-11-21,16,2025-12-07,0.99979585,0.00020415
SEG-010,2025-11-21,17,2025-12-08,0.99978306,0.00021694
SEG-010,2025-11-21,18,2025-12-09,0.99977026,0.00022974
SEG-010,2025-11-21,19,2025-12-10,0.99975745,0.00024255
SEG-010,2025-11-21,20,2025-12-11,0.99974465,0.00025535
SEG-010,2025-11-21,21,2025-12-12,0.99973184,0.00026816
SEG-010,2025-11-21,22,2025-12-13,0.99971902,0.00028098
SEG-010,2025-11-21,23,2025-12-14,0.9997062,0.0002938
SEG-010,2025-11-21,24,2025-12-15,0.99969338,0.00030662
SEG-010,2025-11-21,25,2025-12-16,0.99968055,0.00031945
SEG-010,2025-11-21,26,2025-12-17,0.99966772,0.00033228
SEG-010,2025-11-21,27,2025-12-18,0.99965488,0.00034512
SEG-010,2025-11-21,28,2025-12-19,0.99964204,0.00035796
SEG-010,2025-11-21,29,2025-12-20,0.9996292,0.0003708
SEG-010,2025-11-21,30,2025-12-21,0.99961635,0.00038365
SEG-011,2025-11-21,1,2025-11-22,0.99998326,1.674e-05
SEG-011,2025-11-21,2,2025-11-23,0.99996651,3.349e-05
SEG-011,2025-11-21,3,2025-11-24,0.99994976,5.024e-05
SEG-011,2025-11-21,4,2025-11-25,0.999933,6.7e-05
SEG-011,2025-11-21,5,2025-11-26,0.99991623,8.377e-05
SEG-011,2025-11-21,6,2025-11-27,0.99989946,0.00010054
SEG-011,2025-11-21,7,2025-11-28,0.99988269,0.00011731
SEG-011,2025-11-21,8,2025-11-29,0.99986591,0.00013409
SEG-011,2025-11-21,9,2025-11-30,0.99984912,0.00015088
SEG-011,2025-11-21,10,2025-12-01,0.99983233,0.00016767
SEG-011,2025-11-21,11,2025-12-02,0.99981553,0.00018447
SEG-011,2025-11-21,12,2025-12-03,0.99979873,0.00020127
SEG-011,2025-11-21,13,2025-12-04,0.99978192,0.00021808
SEG-011,2025-11-21,14,2025-12-05,0.99976511,0.00023489
SEG-011,2025-11-21,15,2025-12-06,0.99974829,0.00025171
SEG-011,2025-11-21,16,2025-12-07,0.99973147,0.00026853
SEG-011,2025-11-21,17,2025-12-08,0.99971464,0.00028536
SEG-011,2025-11-21,18,2025-12-09,0.9996978,0.0003022
SEG-011,2025-11-21,19,2025-12-10,0.99968096,0.00031904
SEG-011,2025-11-21,20,2025-12-11,0.99966412,0.00033588
SEG-011,2025-11-21,21,2025-12-12,0.99964727,0.00035273
SEG-011,2025-11-21,22,2025-12-13,0.99963041,0.00036959
SEG-011,2025-11-21,23,2025-12-14,0.99961355,0.00038645
SEG-011,2025-11-21,24,2025-12-15,0.99959668,0.00040332
SEG-011,2025-11-21,25,2025-12-16,0.99957981,0.00042019
SEG-011,2025-11-21,26,2025-12-17,0.99956293,0.00043707
SEG-011,2025-11-21,27,2025-12-18,0.99954605,0.00045395
SEG-011,2025-11-21,28,2025-12-19,0.99952916,0.00047084
SEG-011,2025-11-21,29,2025-12-20,0.99951227,0.00048773
SEG-011,2025-11-21,30,2025-12-21,0.99949537,0.00050463
SEG-012,2025-11-21,1,2025-11-22,0.9999326,6.74e-05
SEG-012,2025-11-21,2,2025-11-23,0.99986518,0.00013482
SEG-012,2025-11-21,3,2025-11-24,0.99979774,0.00020226
SEG-012,2025-11-21,4,2025-11-25,0.99973028,0.00026972
SEG-012,2025-11-21,5,2025-11-26,0.9996628,0.0003372
SEG-012,2025-11-21,6,2025-11-27,0.99959531,0.00040469
SEG-012,2025-11-21,7,2025-11-28,0.99952779,0.00047221
SEG-012,2025-11-21,8,2025-11-29,0.99946026,0.00053974
SEG-012,2025-11-21,9,2025-11-30,0.99939271,0.00060729
SEG-012,2025-11-21,10,2025-12-01,0.99932514,0.00067486
SEG-012,2025-11-21,11,2025-12-02,0.99925755,0.00074245
SEG-012,2025-11-21,12,2025-12-03,0.99918994,0.00081006
SEG-012,2025-11-21,13,2025-12-04,0.99912232,0.00087768
SEG-012,2025-11-21,14,2025-12-05,0.99905468,0.00094532
SEG-012,2025-11-21,15,2025-12-06,0.99898701,0.00101299
SEG-012,2025-11-21,16,2025-12-07,0.99891933,0.00108067
SEG-012,2025-11-21,17,2025-12-08,0.99885163,0.00114837
SEG-012,2025-11-21,18,2025-12-09,0.99878392,0.00121608
SEG-012,2025-11-21,19,2025-12-10,0.99871618,0.00128382
SEG-012,2025-11-21,20,2025-12-11,0.99864843,0.00135157
SEG-012,2025-11-21,21,2025-12-12,0.99858066,0.00141934
SEG-012,2025-11-21,22,2025-12-13,0.99851287,0.00148713
SEG-012,2025-11-21,23,2025-12-14,0.99844506,0.00155494
SEG-012,2025-11-21,24,2025-12-15,0.99837723,0.00162277
SEG-012,2025-11-21,25,2025-12-16,0.99830939,0.00169061
SEG-012,2025-11-21,26,2025-12-17,0.99824153,0.00175847
SEG-012,2025-11-21,27,2025-12-18,0.99817365,0.00182635
SEG-012,2025-11-21,28,2025-12-19,0.99810575,0.00189425
SEG-012,2025-11-21,29,2025-12-20,0.99803783,0.00196217
SEG-012,2025-11-21,30,2025-12-21,0.9979699,0.0020301
SEG-013,2025-11-21,1,2025-11-22,0.99993649,6.351e-05
SEG-013,2025-11-21,2,2025-11-23,0.99987296,0.00012704
SEG-013,2025-11-21,3,2025-11-24,0.99980941,0.00019059
SEG-013,2025-11-21,4,2025-11-25,0.99974585,0.00025415
SEG-013,2025-11-21,5,2025-11-26,0.99968227,0.00031773
SEG-013,2025-11-21,6,2025-11-27,0.99961867,0.00038133
SEG-013,2025-11-21,7,2025-11-28,0.99955505,0.00044495
SEG-013,2025-11-21,8,2025-11-29,0.99949141,0.00050859
SEG-013,2025-11-21,9,2025-11-30,0.99942776,0.00057224
SEG-013,2025-11-21,10,2025-12-01,0.99936409,0.00063591
SEG-013,2025-11-21,11,2025-12-02,0.9993004,0.0006996
SEG-013,2025-11-21,12,2025-12-03,0.99923669,0.00076331
SEG-013,2025-11-21,13,2025-12-04,0.99917297,0.00082703
SEG-013,2025-11-21,14,2025-12-05,0.99910923,0.00089077
SEG-013,2025-11-21,15,2025-12-06,0.99904547,0.00095453
SEG-013,2025-11-21,16,2025-12-07,0.99898169,0.00101831
SEG-013,2025-11-21,17,2025-12-08,0.9989179,0.0010821
SEG-013,2025-11-21,18,2025-12-09,0.99885409,0.00114591
SEG-013,2025-11-21,19,2025-12-10,0.99879026,0.00120974
SEG-013,2025-11-21,20,2025-12-11,0.99872641,0.00127359
SEG-013,2025-11-21,21,2025-12-12,0.99866255,0.00133745
SEG-013,2025-11-21,22,2025-12-13,0.99859867,0.00140133
SEG-013,2025-11-21,23,2025-12-14,0.99853477,0.00146523
SEG-013,2025-11-21,24,2025-12-15,0.99847085,0.00152915
SEG-013,2025-11-21,25,2025-12-16,0.99840692,0.00159308
SEG-013,2025-11-21,26,2025-12-17,0.99834297,0.00165703
SEG-013,2025-11-21,27,2025-12-18,0.998279,0.001721
SEG-013,2025-11-21,28,2025-12-19,0.99821502,0.00178498
SEG-013,2025-11-21,29,2025-12-20,0.99815101,0.00184899
SEG-013,2025-11-21,30,2025-12-21,0.99808699,0.00191301
SEG-014,2025-11-21,1,2025-11-22,0.99978946,0.00021054
SEG-014,2025-11-21,2,2025-11-23,0.9995789,0.0004211
SEG-014,2025-11-21,3,2025-11-24,0.99936831,0.00063169
SEG-014,2025-11-21,4,2025-11-25,0.99915769,0.00084231
SEG-014,2025-11-21,5,2025-11-26,0.99894704,0.00105296
SEG-014,2025-11-21,6,2025-11-27,0.99873637,0.00126363
SEG-014,2025-11-21,7,2025-11-28,0.99852566,0.00147434
SEG-014,2025-11-21,8,2025-11-29,0.99831493,0.00168507
SEG-014,2025-11-21,9,2025-11-30,0.99810417,0.00189583
SEG-014,2025-11-21,10,2025-12-01,0.99789338,0.00210662
SEG-014,2025-11-21,11,2025-12-02,0.99768257,0.00231743
SEG-014,2025-11-21,12,2025-12-03,0.99747173,0.00252827
SEG-014,2025-11-21,13,2025-12-04,0.99726086,0.00273914
SEG-014,2025-11-21,14,2025-12-05,0.99704997,0.00295003
SEG-014,2025-11-21,15,2025-12-06,0.99683904,0.00316096
SEG-014,2025-11-21,16,2025-12-07,0.99662809,0.00337191
SEG-014,2025-11-21,17,2025-12-08,0.99641712,0.00358288
SEG-014,2025-11-21,18,2025-12-09,0.99620612,0.00379388
SEG-014,2025-11-21,19,2025-12-10,0.99599509,0.00400491
SEG-014,2025-11-21,20,2025-12-11,0.99578403,0.00421597
SEG-014,2025-11-21,21,2025-12-12,0.99557295,0.00442705
SEG-014,2025-11-21,22,2025-12-13,0.99536184,0.00463816
SEG-014,2025-11-21,23,2025-12-14,0.99515071,0.00484929
SEG-014,2025-11-21,24,2025-12-15,0.99493955,0.00506045
SEG-014,2025-11-21,25,2025-12-16,0.99472836,0.00527164
SEG-014,2025-11-21,26,2025-12-17,0.99451715,0.00548285
SEG-014,2025-11-21,27,2025-12-18,0.99430591,0.00569409
SEG-014,2025-11-21,28,2025-12-19,0.99409465,0.00590535
SEG-014,2025-11-21,29,2025-12-20,0.99388337,0.00611663
SEG-014,2025-11-21,30,2025-12-21,0.99367205,0.00632795
SEG-015,2025-11-21,1,2025-11-22,0.999897,0.000103
SEG-015,2025-11-21,2,2025-11-23,0.99979398,0.00020602
SEG-015,2025-11-21,3,2025-11-24,0.99969093,0.00030907
SEG-015,2025-11-21,4,2025-11-25,0.99958785,0.00041215
SEG-015,2025-11-21,5,2025-11-26,0.99948475,0.00051525
SEG-015,2025-11-21,6,2025-11-27,0.99938163,0.00061837
SEG-015,2025-11-21,7,2025-11-28,0.99927848,0.00072152
SEG-015,2025-11-21,8,2025-11-29,0.99917531,0.00082469
SEG-015,2025-11-21,9,2025-11-30,0.99907211,0.00092789
SEG-015,2025-11-21,10,2025-12-01,0.99896889,0.00103111
SEG-015,2025-11-21,11,2025-12-02,0.99886564,0.00113436
SEG-015,2025-11-21,12,2025-12-03,0.99876237,0.00123763
SEG-015,2025-11-21,13,2025-12-04,0.99865908,0.00134092
SEG-015,2025-11-21,14,2025-12-05,0.99855575,0.00144425
SEG-015,2025-11-21,15,2025-12-06,0.99845241,0.00154759
SEG-015,2025-11-21,16,2025-12-07,0.99834904,0.00165096
SEG-015,2025-11-21,17,2025-12-08,0.99824565,0.00175435
SEG-015,2025-11-21,18,2025-12-09,0.99814223,0.00185777
SEG-015,2025-11-21,19,2025-12-10,0.99803879,0.00196121
SEG-015,2025-11-21,20,2025-12-11,0.99793532,0.00206468
SEG-015,2025-11-21,21,2025-12-12,0.99783183,0.00216817
SEG-015,2025-11-21,22,2025-12-13,0.99772832,0.00227168
SEG-015,2025-11-21,23,2025-12-14,0.99762478,0.00237522
SEG-015,2025-11-21,24,2025-12-15,0.99752122,0.00247878
SEG-015,2025-11-21,25,2025-12-16,0.99741764,0.00258236
SEG-015,2025-11-21,26,2025-12-17,0.99731403,0.00268597
SEG-015,2025-11-21,27,2025-12-18,0.99721039,0.00278961
SEG-015,2025-11-21,28,2025-12-19,0.99710674,0.00289326
SEG-015,2025-11-21,29,2025-12-20,0.99700305,0.00299695
SEG-015,2025-11-21,30,2025-12-21,0.99689935,0.00310065
SEG-016,2025-11-21,1,2025-11-22,0.99985759,0.00014241
SEG-016,2025-11-21,2,2025-11-23,0.99971515,0.00028485
SEG-016,2025-11-21,3,2025-11-24,0.99957269,0.00042731
SEG-016,2025-11-21,4,2025-11-25,0.99943019,0.00056981
SEG-016,2025-11-21,5,2025-11-26,0.99928767,0.00071233
SEG-016,2025-11-21,6,2025-11-27,0.99914512,0.00085488
SEG-016,2025-11-21,7,2025-11-28,0.99900253,0.00099747
SEG-016,2025-11-21,8,2025-11-29,0.99885992,0.00114008
SEG-016,2025-11-21,9,2025-11-30,0.99871729,0.00128271
SEG-016,2025-11-21,10,2025-12-01,0.99857462,0.00142538
SEG-016,2025-11-21,11,2025-12-02,0.99843193,0.00156807
SEG-016,2025-11-21,12,2025-12-03,0.9982892,0.0017108
SEG-016,2025-11-21,13,2025-12-04,0.99814645,0.00185355
SEG-016,2025-11-21,14,2025-12-05,0.99800367,0.00199633
SEG-016,2025-11-21,15,2025-12-06,0.99786087,0.00213913
SEG-016,2025-11-21,16,2025-12-07,0.99771803,0.00228197
SEG-016,2025-11-21,17,2025-12-08,0.99757517,0.00242483
SEG-016,2025-11-21,18,2025-12-09,0.99743228,0.00256772
SEG-016,2025-11-21,19,2025-12-10,0.99728936,0.00271064
SEG-016,2025-11-21,20,2025-12-11,0.99714641,0.00285359
SEG-016,2025-11-21,21,2025-12-12,0.99700344,0.00299656
SEG-016,2025-11-21,22,2025-12-13,0.99686044,0.00313956
SEG-016,2025-11-21,23,2025-12-14,0.99671741,0.00328259
SEG-016,2025-11-21,24,2025-12-15,0.99657435,0.00342565
SEG-016,2025-11-21,25,2025-12-16,0.99643127,0.00356873
SEG-016,2025-11-21,26,2025-12-17,0.99628816,0.00371184
SEG-016,2025-11-21,27,2025-12-18,0.99614502,0.00385498
SEG-016,2025-11-21,28,2025-12-19,0.99600185,0.00399815
SEG-016,2025-11-21,29,2025-12-20,0.99585866,0.00414134
SEG-016,2025-11-21,30,2025-12-21,0.99571544,0.00428456
SEG-017,2025-11-21,1,2025-11-22,0.99982016,0.00017984
SEG-017,2025-11-21,2,2025-11-23,0.99964028,0.00035972
SEG-017,2025-11-21,3,2025-11-24,0.99946038,0.00053962
SEG-017,2025-11-21,4,2025-11-25,0.99928045,0.00071955
SEG-017,2025-11-21,5,2025-11-26,0.99910049,0.00089951
SEG-017,2025-11-21,6,2025-11-27,0.9989205,0.0010795
SEG-017,2025-11-21,7,2025-11-28,0.99874048,0.00125952
SEG-017,2025-11-21,8,2025-11-29,0.99856043,0.00143957
SEG-017,2025-11-21,9,2025-11-30,0.99838035,0.00161965
SEG-017,2025-11-21,10,2025-12-01,0.99820024,0.00179976
SEG-017,2025-11-21,11,2025-12-02,0.99802011,0.00197989
SEG-017,2025-11-21,12,2025-12-03,0.99783994,0.00216006
SEG-017,2025-11-21,13,2025-12-04,0.99765975,0.00234025
SEG-017,2025-11-21,14,2025-12-05,0.99747952,0.00252048
SEG-017,2025-11-21,15,2025-12-06,0.99729927,0.00270073
SEG-017,2025-11-21,16,2025-12-07,0.99711899,0.00288101
SEG-017,2025-11-21,17,2025-12-08,0.99693868,0.00306132
SEG-017,2025-11-21,18,2025-12-09,0.99675835,0.00324165
SEG-017,2025-11-21,19,2025-12-10,0.99657798,0.00342202
SEG-017,2025-11-21,20,2025-12-11,0.99639759,0.00360241
SEG-017,2025-11-21,21,2025-12-12,0.99621717,0.00378283
SEG-017,2025-11-21,22,2025-12-13,0.99603672,0.00396328
SEG-017,2025-11-21,23,2025-12-14,0.99585624,0.00414376
SEG-017,2025-11-21,24,2025-12-15,0.99567574,0.00432426
SEG-017,2025-11-21,25,2025-12-16,0.99549521,0.00450479
SEG-017,2025-11-21,26,2025-12-17,0.99531465,0.00468535
SEG-017,2025-11-21,27,2025-12-18,0.99513406,0.00486594
SEG-017,2025-11-21,28,2025-12-19,0.99495345,0.00504655
SEG-017,2025-11-21,29,2025-12-20,0.9947728,0.0052272
SEG-017,2025-11-21,30,2025-12-21,0.99459213,0.00540787
SEG-018,2025-11-21,1,2025-11-22,0.99867942,0.00132058
SEG-018,2025-11-21,2,2025-11-23,0.99736013,0.00263987
SEG-018,2025-11-21,3,2025-11-24,0.99604213,0.00395787
SEG-018,2025-11-21,4,2025-11-25,0.99472541,0.00527459
SEG-018,2025-11-21,5,2025-11-26,0.99340999,0.00659001
SEG-018,2025-11-21,6,2025-11-27,0.99209585,0.00790415
SEG-018,2025-11-21,7,2025-11-28,0.990783,0.009217
SEG-018,2025-11-21,8,2025-11-29,0.98947144,0.01052856
SEG-018,2025-11-21,9,2025-11-30,0.98816117,0.01183883
SEG-018,2025-11-21,10,2025-12-01,0.98685219,0.01314781
SEG-018,2025-11-21,11,2025-12-02,0.98554449,0.01445551
SEG-018,2025-11-21,12,2025-12-03,0.98423808,0.01576192
SEG-018,2025-11-21,13,2025-12-04,0.98293296,0.01706704
SEG-018,2025-11-21,14,2025-12-05,0.98162913,0.01837087
SEG-018,2025-11-21,15,2025-12-06,0.98032659,0.01967341
SEG-018,2025-11-21,16,2025-12-07,0.97902533,0.02097467
SEG-018,2025-11-21,17,2025-12-08,0.97772537,0.02227463
SEG-018,2025-11-21,18,2025-12-09,0.97642669,0.02357331
SEG-018,2025-11-21,19,2025-12-10,0.9751293,0.0248707
SEG-018,2025-11-21,20,2025-12-11,0.97383319,0.02616681
SEG-018,2025-11-21,21,2025-12-12,0.97253838,0.02746162
SEG-018,2025-11-21,22,2025-12-13,0.97124485,0.02875515
SEG-018,2025-11-21,23,2025-12-14,0.9699526,0.0300474
SEG-018,2025-11-21,24,2025-12-15,0.96866165,0.03133835
SEG-018,2025-11-21,25,2025-12-16,0.96737198,0.03262802
SEG-018,2025-11-21,26,2025-12-17,0.9660836,0.0339164
SEG-018,2025-11-21,27,2025-12-18,0.96479651,0.03520349
SEG-018,2025-11-21,28,2025-12-19,0.9635107,0.0364893
SEG-018,2025-11-21,29,2025-12-20,0.96222619,0.03777381
SEG-018,2025-11-21,30,2025-12-21,0.96094295,0.03905705
SEG-019,2025-11-21,1,2025-11-22,0.99983789,0.00016211
SEG-019,2025-11-21,2,2025-11-23,0.99967575,0.00032425
SEG-019,2025-11-21,3,2025-11-24,0.99951357,0.00048643
SEG-019,2025-11-21,4,2025-11-25,0.99935137,0.00064863
SEG-019,2025-11-21,5,2025-11-26,0.99918914,0.00081086
SEG-019,2025-11-21,6,2025-11-27,0.99902688,0.00097312
SEG-019,2025-11-21,7,2025-11-28,0.99886459,0.00113541
SEG-019,2025-11-21,8,2025-11-29,0.99870227,0.00129773
SEG-019,2025-11-21,9,2025-11-30,0.99853993,0.00146007
SEG-019,2025-11-21,10,2025-12-01,0.99837755,0.00162245
SEG-019,2025-11-21,11,2025-12-02,0.99821514,0.00178486
SEG-019,2025-11-21,12,2025-12-03,0.99805271,0.00194729
SEG-019,2025-11-21,13,2025-12-04,0.99789024,0.00210976
SEG-019,2025-11-21,14,2025-12-05,0.99772775,0.00227225
SEG-019,2025-11-21,15,2025-12-06,0.99756523,0.00243477
SEG-019,2025-11-21,16,2025-12-07,0.99740268,0.00259732
SEG-019,2025-11-21,17,2025-12-08,0.9972401,0.0027599
SEG-019,2025-11-21,18,2025-12-09,0.9970775,0.0029225
SEG-019,2025-11-21,19,2025-12-10,0.99691486,0.00308514
SEG-019,2025-11-21,20,2025-12-11,0.9967522,0.0032478
SEG-019,2025-11-21,21,2025-12-12,0.99658951,0.00341049
SEG-019,2025-11-21,22,2025-12-13,0.99642679,0.00357321
SEG-019,2025-11-21,23,2025-12-14,0.99626404,0.00373596
SEG-019,2025-11-21,24,2025-12-15,0.99610127,0.00389873
SEG-019,2025-11-21,25,2025-12-16,0.99593846,0.00406154
SEG-019,2025-11-21,26,2025-12-17,0.99577563,0.00422437
SEG-019,2025-11-21,27,2025-12-18,0.99561277,0.00438723
SEG-019,2025-11-21,28,2025-12-19,0.99544989,0.00455011
SEG-019,2025-11-21,29,2025-12-20,0.99528697,0.00471303
SEG-019,2025-11-21,30,2025-12-21,0.99512403,0.00487597
SEG-020,2025-11-21,1,2025-11-22,0.99941669,0.00058331
SEG-020,2025-11-21,2,2025-11-23,0.99883351,0.00116649
SEG-020,2025-11-21,3,2025-11-24,0.99825048,0.00174952
SEG-020,2025-11-21,4,2025-11-25,0.99766758,0.00233242
SEG-020,2025-11-21,5,2025-11-26,0.99708483,0.00291517
SEG-020,2025-11-21,6,2025-11-27,0.99650221,0.00349779
SEG-020,2025-11-21,7,2025-11-28,0.99591974,0.00408026
SEG-020,2025-11-21,8,2025-11-29,0.9953374,0.0046626
SEG-020,2025-11-21,9,2025-11-30,0.99475521,0.00524479
SEG-020,2025-11-21,10,2025-12-01,0.99417316,0.00582684
SEG-020,2025-11-21,11,2025-12-02,0.99359125,0.00640875
SEG-020,2025-11-21,12,2025-12-03,0.99300949,0.00699051
SEG-020,2025-11-21,13,2025-12-04,0.99242787,0.00757213
SEG-020,2025-11-21,14,2025-12-05,0.99184639,0.00815361
SEG-020,2025-11-21,15,2025-12-06,0.99126505,0.00873495
SEG-020,2025-11-21,16,2025-12-07,0.99068386,0.00931614
SEG-020,2025-11-21,17,2025-12-08,0.99010281,0.00989719
SEG-020,2025-11-21,18,2025-12-09,0.98952191,0.01047809
SEG-020,2025-11-21,19,2025-12-10,0.98894115,0.01105885
SEG-020,2025-11-21,20,2025-12-11,0.98836054,0.01163946
SEG-020,2025-11-21,21,2025-12-12,0.98778007,0.01221993
SEG-020,2025-11-21,22,2025-12-13,0.98719975,0.01280025
SEG-020,2025-11-21,23,2025-12-14,0.98661958,0.01338042
SEG-020,2025-11-21,24,2025-12-15,0.98603955,0.01396045
SEG-020,2025-11-21,25,2025-12-16,0.98545967,0.01454033
SEG-020,2025-11-21,26,2025-12-17,0.98487993,0.01512007
SEG-020,2025-11-21,27,2025-12-18,0.98430035,0.01569965
SEG-020,2025-11-21,28,2025-12-19,0.98372091,0.01627909
SEG-020,2025-11-21,29,2025-12-20,0.98314162,0.01685838
SEG-020,2025-11-21,30,2025-12-21,0.98256249,0.01743751
SEG-021,2025-11-21,1,2025-11-22,0.99942707,0.00057293
SEG-021,2025-11-21,2,2025-11-23,0.99885427,0.00114573
SEG-021,2025-11-21,3,2025-11-24,0.9982816,0.0017184
SEG-021,2025-11-21,4,2025-11-25,0.99770906,0.00229094
SEG-021,2025-11-21,5,2025-11-26,0.99713665,0.00286335
SEG-021,2025-11-21,6,2025-11-27,0.99656438,0.00343562
SEG-021,2025-11-21,7,2025-11-28,0.99599224,0.00400776
SEG-021,2025-11-21,8,2025-11-29,0.99542022,0.00457978
SEG-021,2025-11-21,9,2025-11-30,0.99484835,0.00515165
SEG-021,2025-11-21,10,2025-12-01,0.9942766,0.0057234
SEG-021,2025-11-21,11,2025-12-02,0.99370499,0.00629501
SEG-021,2025-11-21,12,2025-12-03,0.99313352,0.00686648
SEG-021,2025-11-21,13,2025-12-04,0.99256217,0.00743783
SEG-021,2025-11-21,14,2025-12-05,0.99199097,0.00800903
SEG-021,2025-11-21,15,2025-12-06,0.99141989,0.00858011
SEG-021,2025-11-21,16,2025-12-07,0.99084896,0.00915104
SEG-021,2025-11-21,17,2025-12-08,0.99027816,0.00972184
SEG-021,2025-11-21,18,2025-12-09,0.98970749,0.01029251
SEG-021,2025-11-21,19,2025-12-10,0.98913696,0.01086304
SEG-021,2025-11-21,20,2025-12-11,0.98856657,0.01143343
SEG-021,2025-11-21,21,2025-12-12,0.98799632,0.01200368
SEG-021,2025-11-21,22,2025-12-13,0.9874262,0.0125738
SEG-021,2025-11-21,23,2025-12-14,0.98685622,0.01314378
SEG-021,2025-11-21,24,2025-12-15,0.98628638,0.01371362
SEG-021,2025-11-21,25,2025-12-16,0.98571668,0.01428332
SEG-021,2025-11-21,26,2025-12-17,0.98514712,0.01485288
SEG-021,2025-11-21,27,2025-12-18,0.98457769,0.01542231
SEG-021,2025-11-21,28,2025-12-19,0.98400841,0.01599159
SEG-021,2025-11-21,29,2025-12-20,0.98343927,0.01656073
SEG-021,2025-11-21,30,2025-12-21,0.98287026,0.01712974
SEG-022,2025-11-21,1,2025-11-22,0.99952788,0.00047212
SEG-022,2025-11-21,2,2025-11-23,0.99905581,0.00094419
SEG-022,2025-11-21,3,2025-11-24,0.99858381,0.00141619
SEG-022,2025-11-21,4,2025-11-25,0.99811186,0.00188814
SEG-022,2025-11-21,5,2025-11-26,0.99763998,0.00236002
SEG-022,2025-11-21,6,2025-11-27,0.99716815,0.00283185
SEG-022,2025-11-21,7,2025-11-28,0.99669639,0.00330361
SEG-022,2025-11-21,8,2025-11-29,0.99622469,0.00377531
SEG-022,2025-11-21,9,2025-11-30,0.99575306,0.00424694
SEG-022,2025-11-21,10,2025-12-01,0.99528148,0.00471852
SEG-022,2025-11-21,11,2025-12-02,0.99480997,0.00519003
SEG-022,2025-11-21,12,2025-12-03,0.99433852,0.00566148
SEG-022,2025-11-21,13,2025-12-04,0.99386713,0.00613287
SEG-022,2025-11-21,14,2025-12-05,0.99339581,0.00660419
SEG-022,2025-11-21,15,2025-12-06,0.99292455,0.00707545
SEG-022,2025-11-21,16,2025-12-07,0.99245335,0.00754665
SEG-022,2025-11-21,17,2025-12-08,0.99198222,0.00801778
SEG-022,2025-11-21,18,2025-12-09,0.99151115,0.00848885
SEG-022,2025-11-21,19,2025-12-10,0.99104015,0.00895985
SEG-022,2025-11-21,20,2025-12-11,0.99056922,0.00943078
SEG-022,2025-11-21,21,2025-12-12,0.99009834,0.00990166
SEG-022,2025-11-21,22,2025-12-13,0.98962754,0.01037246
SEG-022,2025-11-21,23,2025-12-14,0.9891568,0.0108432
SEG-022,2025-11-21,24,2025-12-15,0.98868613,0.01131387
SEG-022,2025-11-21,25,2025-12-16,0.98821552,0.01178448
SEG-022,2025-11-21,26,2025-12-17,0.98774498,0.01225502
SEG-022,2025-11-21,27,2025-12-18,0.98727451,0.01272549
SEG-022,2025-11-21,28,2025-12-19,0.9868041,0.0131959
SEG-022,2025-11-21,29,2025-12-20,0.98633377,0.01366623
SEG-022,2025-11-21,30,2025-12-21,0.9858635,0.0141365
SEG-023,2025-11-21,1,2025-11-22,0.99986688,0.00013312
SEG-023,2025-11-21,2,2025-11-23,0.99973374,0.00026626
SEG-023,2025-11-21,3,2025-11-24,0.99960056,0.00039944
SEG-023,2025-11-21,4,2025-11-25,0.99946736,0.00053264
SEG-023,2025-11-21,5,2025-11-26,0.99933413,0.00066587
SEG-023,2025-11-21,6,2025-11-27,0.99920087,0.00079913
SEG-023,2025-11-21,7,2025-11-28,0.99906758,0.00093242
SEG-023,2025-11-21,8,2025-11-29,0.99893427,0.00106573
SEG-023,2025-11-21,9,2025-11-30,0.99880093,0.00119907
SEG-023,2025-11-21,10,2025-12-01,0.99866756,0.00133244
SEG-023,2025-11-21,11,2025-12-02,0.99853416,0.00146584
SEG-023,2025-11-21,12,2025-12-03,0.99840073,0.00159927
SEG-023,2025-11-21,13,2025-12-04,0.99826728,0.00173272
SEG-023,2025-11-21,14,2025-12-05,0.9981338,0.0018662
SEG-023,2025-11-21,15,2025-12-06,0.99800029,0.00199971
SEG-023,2025-11-21,16,2025-12-07,0.99786676,0.00213324
SEG-023,2025-11-21,17,2025-12-08,0.99773319,0.00226681
SEG-023,2025-11-21,18,2025-12-09,0.9975996,0.0024004
SEG-023,2025-11-21,19,2025-12-10,0.99746599,0.00253401
SEG-023,2025-11-21,20,2025-12-11,0.99733234,0.00266766
SEG-023,2025-11-21,21,2025-12-12,0.99719867,0.00280133
SEG-023,2025-11-21,22,2025-12-13,0.99706497,0.00293503
SEG-023,2025-11-21,23,2025-12-14,0.99693125,0.00306875
SEG-023,2025-11-21,24,2025-12-15,0.9967975,0.0032025
SEG-023,2025-11-21,25,2025-12-16,0.99666372,0.00333628
SEG-023,2025-11-21,26,2025-12-17,0.99652991,0.00347009
SEG-023,2025-11-21,27,2025-12-18,0.99639608,0.00360392
SEG-023,2025-11-21,28,2025-12-19,0.99626222,0.00373778
SEG-023,2025-11-21,29,2025-12-20,0.99612834,0.00387166
SEG-023,2025-11-21,30,2025-12-21,0.99599442,0.00400558
SEG-024,2025-11-21,1,2025-11-22,0.99956836,0.00043164
SEG-024,2025-11-21,2,2025-11-23,0.99913675,0.00086325
SEG-024,2025-11-21,3,2025-11-24,0.99870518,0.00129482
SEG-024,2025-11-21,4,2025-11-25,0.99827365,0.00172635
SEG-024,2025-11-21,5,2025-11-26,0.99784215,0.00215785
SEG-024,2025-11-21,6,2025-11-27,0.9974107,0.0025893
SEG-024,2025-11-21,7,2025-11-28,0.99697928,0.00302072
SEG-024,2025-11-21,8,2025-11-29,0.9965479,0.0034521
SEG-024,2025-11-21,9,2025-11-30,0.99611656,0.00388344
SEG-024,2025-11-21,10,2025-12-01,0.99568526,0.00431474
SEG-024,2025-11-21,11,2025-12-02,0.995254,0.004746
SEG-024,2025-11-21,12,2025-12-03,0.99482278,0.00517722
SEG-024,2025-11-21,13,2025-12-04,0.9943916,0.0056084
SEG-024,2025-11-21,14,2025-12-05,0.99396046,0.00603954
SEG-024,2025-11-21,15,2025-12-06,0.99352936,0.00647064
SEG-024,2025-11-21,16,2025-12-07,0.9930983,0.0069017
SEG-024,2025-11-21,17,2025-12-08,0.99266729,0.00733271
SEG-024,2025-11-21,18,2025-12-09,0.99223631,0.00776369
SEG-024,2025-11-21,19,2025-12-10,0.99180538,0.00819462
SEG-024,2025-11-21,20,2025-12-11,0.99137449,0.00862551
SEG-024,2025-11-21,21,2025-12-12,0.99094364,0.00905636
SEG-024,2025-11-21,22,2025-12-13,0.99051283,0.00948717
SEG-024,2025-11-21,23,2025-12-14,0.99008207,0.00991793
SEG-024,2025-11-21,24,2025-12-15,0.98965135,0.01034865
SEG-024,2025-11-21,25,2025-12-16,0.98922067,0.01077933
SEG-024,2025-11-21,26,2025-12-17,0.98879004,0.01120996
SEG-024,2025-11-21,27,2025-12-18,0.98835945,0.01164055
SEG-024,2025-11-21,28,2025-12-19,0.98792891,0.01207109
SEG-024,2025-11-21,29,2025-12-20,0.9874984,0.0125016
SEG-024,2025-11-21,30,2025-12-21,0.98706795,0.01293205
SEG-025,2025-11-21,1,2025-11-22,0.99957745,0.00042255
SEG-025,2025-11-21,2,2025-11-23,0.99915494,0.00084506
SEG-025,2025-11-21,3,2025-11-24,0.99873246,0.00126754
SEG-025,2025-11-21,4,2025-11-25,0.99831001,0.00168999
SEG-025,2025-11-21,5,2025-11-26,0.9978876,0.0021124
SEG-025,2025-11-21,6,2025-11-27,0.99746522,0.00253478
SEG-025,2025-11-21,7,2025-11-28,0.99704287,0.00295713
SEG-025,2025-11-21,8,2025-11-29,0.99662056,0.00337944
SEG-025,2025-11-21,9,2025-11-30,0.99619828,0.00380172
SEG-025,2025-11-21,10,2025-12-01,0.99577604,0.00422396
SEG-025,2025-11-21,11,2025-12-02,0.99535383,0.00464617
SEG-025,2025-11-21,12,2025-12-03,0.99493166,0.00506834
SEG-025,2025-11-21,13,2025-12-04,0.99450952,0.00549048
SEG-025,2025-11-21,14,2025-12-05,0.99408742,0.00591258
SEG-025,2025-11-21,15,2025-12-06,0.99366536,0.00633464
SEG-025,2025-11-21,16,2025-12-07,0.99324333,0.00675667
SEG-025,2025-11-21,17,2025-12-08,0.99282134,0.00717866
SEG-025,2025-11-21,18,2025-12-09,0.99239938,0.00760062
SEG-025,2025-11-21,19,2025-12-10,0.99197746,0.00802254
SEG-025,2025-11-21,20,2025-12-11,0.99155558,0.00844442
SEG-025,2025-11-21,21,2025-12-12,0.99113374,0.00886626
SEG-025,2025-11-21,22,2025-12-13,0.99071193,0.00928807
SEG-025,2025-11-21,23,2025-12-14,0.99029016,0.00970984
SEG-025,2025-11-21,24,2025-12-15,0.98986843,0.01013157
SEG-025,2025-11-21,25,2025-12-16,0.98944674,0.01055326
SEG-025,2025-11-21,26,2025-12-17,0.98902509,0.01097491
SEG-025,2025-11-21,27,2025-12-18,0.98860348,0.01139652
SEG-025,2025-11-21,28,2025-12-19,0.98818191,0.01181809
SEG-025,2025-11-21,29,2025-12-20,0.98776037,0.01223963
SEG-025,2025-11-21,30,2025-12-21,0.98733888,0.01266112
SEG-026,2025-11-21,1,2025-11-22,0.9998201,0.0001799
SEG-026,2025-11-21,2,2025-11-23,0.99964018,0.00035982
SEG-026,2025-11-21,3,2025-11-24,0.99946022,0.00053978
SEG-026,2025-11-21,4,2025-11-25,0.99928023,0.00071977
SEG-026,2025-11-21,5,2025-11-26,0.99910022,0.00089978
SEG-026,2025-11-21,6,2025-11-27,0.99892017,0.00107983
SEG-026,2025-11-21,7,2025-11-28,0.9987401,0.0012599
SEG-026,2025-11-21,8,2025-11-29,0.99856,0.00144
SEG-026,2025-11-21,9,2025-11-30,0.99837986,0.00162014
SEG-026,2025-11-21,10,2025-12-01,0.9981997,0.0018003
SEG-026,2025-11-21,11,2025-12-02,0.99801951,0.00198049
SEG-026,2025-11-21,12,2025-12-03,0.99783929,0.00216071
SEG-026,2025-11-21,13,2025-12-04,0.99765904,0.00234096
SEG-026,2025-11-21,14,2025-12-05,0.99747877,0.00252123
SEG-026,2025-11-21,15,2025-12-06,0.99729846,0.00270154
SEG-026,2025-11-21,16,2025-12-07,0.99711813,0.00288187
SEG-026,2025-11-21,17,2025-12-08,0.99693777,0.00306223
SEG-026,2025-11-21,18,2025-12-09,0.99675738,0.00324262
SEG-026,2025-11-21,19,2025-12-10,0.99657696,0.00342304
SEG-026,2025-11-21,20,2025-12-11,0.99639651,0.00360349
SEG-026,2025-11-21,21,2025-12-12,0.99621603,0.00378397
SEG-026,2025-11-21,22,2025-12-13,0.99603553,0.00396447
SEG-026,2025-11-21,23,2025-12-14,0.995855,0.004145
SEG-026,2025-11-21,24,2025-12-15,0.99567444,0.00432556
SEG-026,2025-11-21,25,2025-12-16,0.99549386,0.00450614
SEG-026,2025-11-21,26,2025-12-17,0.99531324,0.00468676
SEG-026,2025-11-21,27,2025-12-18,0.9951326,0.0048674
SEG-026,2025-11-21,28,2025-12-19,0.99495193,0.00504807
SEG-026,2025-11-21,29,2025-12-20,0.99477124,0.00522876
SEG-026,2025-11-21,30,2025-12-21,0.99459052,0.00540948
SEG-027,2025-11-21,1,2025-11-22,0.99993821,6.179e-05
SEG-027,2025-11-21,2,2025-11-23,0.9998764,0.0001236
SEG-027,2025-11-21,3,2025-11-24,0.99981457,0.00018543
SEG-027,2025-11-21,4,2025-11-25,0.99975273,0.00024727
SEG-027,2025-11-21,5,2025-11-26,0.99969087,0.00030913
SEG-027,2025-11-21,6,2025-11-27,0.99962899,0.00037101
SEG-027,2025-11-21,7,2025-11-28,0.9995671,0.0004329
SEG-027,2025-11-21,8,2025-11-29,0.99950518,0.00049482
SEG-027,2025-11-21,9,2025-11-30,0.99944325,0.00055675
SEG-027,2025-11-21,10,2025-12-01,0.9993813,0.0006187
SEG-027,2025-11-21,11,2025-12-02,0.99931934,0.00068066
SEG-027,2025-11-21,12,2025-12-03,0.99925736,0.00074264
SEG-027,2025-11-21,13,2025-12-04,0.99919536,0.00080464
SEG-027,2025-11-21,14,2025-12-05,0.99913334,0.00086666
SEG-027,2025-11-21,15,2025-12-06,0.99907131,0.00092869
SEG-027,2025-11-21,16,2025-12-07,0.99900926,0.00099074
SEG-027,2025-11-21,17,2025-12-08,0.99894719,0.00105281
SEG-027,2025-11-21,18,2025-12-09,0.9988851,0.0011149
SEG-027,2025-11-21,19,2025-12-10,0.998823,0.001177
SEG-027,2025-11-21,20,2025-12-11,0.99876088,0.00123912
SEG-027,2025-11-21,21,2025-12-12,0.99869874,0.00130126
SEG-027,2025-11-21,22,2025-12-13,0.99863659,0.00136341
SEG-027,2025-11-21,23,2025-12-14,0.99857442,0.00142558
SEG-027,2025-11-21,24,2025-12-15,0.99851223,0.00148777
SEG-027,2025-11-21,25,2025-12-16,0.99845003,0.00154997
SEG-027,2025-11-21,26,2025-12-17,0.9983878,0.0016122
SEG-027,2025-11-21,27,2025-12-18,0.99832557,0.00167443
SEG-027,2025-11-21,28,2025-12-19,0.99826331,0.00173669
SEG-027,2025-11-21,29,2025-12-20,0.99820104,0.00179896
SEG-027,2025-11-21,30,2025-12-21,0.99813875,0.00186125
SEG-028,2025-11-21,1,2025-11-22,0.99978903,0.00021097
SEG-028,2025-11-21,2,2025-11-23,0.99957804,0.00042196
SEG-028,2025-11-21,3,2025-11-24,0.99936701,0.00063299
SEG-028,2025-11-21,4,2025-11-25,0.99915596,0.00084404
SEG-028,2025-11-21,5,2025-11-26,0.99894488,0.00105512
SEG-028,2025-11-21,6,2025-11-27,0.99873377,0.00126623
SEG-028,2025-11-21,7,2025-11-28,0.99852264,0.00147736
SEG-028,2025-11-21,8,2025-11-29,0.99831148,0.00168852
SEG-028,2025-11-21,9,2025-11-30,0.99810028,0.00189972
SEG-028,2025-11-21,10,2025-12-01,0.99788907,0.00211093
SEG-028,2025-11-21,11,2025-12-02,0.99767782,0.00232218
SEG-028,2025-11-21,12,2025-12-03,0.99746655,0.00253345
SEG-028,2025-11-21,13,2025-12-04,0.99725525,0.00274475
SEG-028,2025-11-21,14,2025-12-05,0.99704392,0.00295608
SEG-028,2025-11-21,15,2025-12-06,0.99683257,0.00316743
SEG-028,2025-11-21,16,2025-12-07,0.99662119,0.00337881
SEG-028,2025-11-21,17,2025-12-08,0.99640978,0.00359022
SEG-028,2025-11-21,18,2025-12-09,0.99619835,0.00380165
SEG-028,2025-11-21,19,2025-12-10,0.99598688,0.00401312
SEG-028,2025-11-21,20,2025-12-11,0.9957754,0.0042246
SEG-028,2025-11-21,21,2025-12-12,0.99556389,0.00443611
SEG-028,2025-11-21,22,2025-12-13,0.99535235,0.00464765
SEG-028,2025-11-21,23,2025-12-14,0.99514078,0.00485922
SEG-028,2025-11-21,24,2025-12-15,0.99492919,0.00507081
SEG-028,2025-11-21,25,2025-12-16,0.99471757,0.00528243
SEG-028,2025-11-21,26,2025-12-17,0.99450593,0.00549407
SEG-028,2025-11-21,27,2025-12-18,0.99429426,0.00570574
SEG-028,2025-11-21,28,2025-12-19,0.99408257,0.00591743
SEG-028,2025-11-21,29,2025-12-20,0.99387085,0.00612915
SEG-028,2025-11-21,30,2025-12-21,0.99365911,0.00634089
SEG-029,2025-11-21,1,2025-11-22,0.99973737,0.00026263
SEG-029,2025-11-21,2,2025-11-23,0.99947472,0.00052528
SEG-029,2025-11-21,3,2025-11-24,0.99921204,0.00078796
SEG-029,2025-11-21,4,2025-11-25,0.99894935,0.00105065
SEG-029,2025-11-21,5,2025-11-26,0.99868663,0.00131337
SEG-029,2025-11-21,6,2025-11-27,0.99842389,0.00157611
SEG-029,2025-11-21,7,2025-11-28,0.99816113,0.00183887
SEG-029,2025-11-21,8,2025-11-29,0.99789835,0.00210165
SEG-029,2025-11-21,9,2025-11-30,0.99763555,0.00236445
SEG-029,2025-11-21,10,2025-12-01,0.99737273,0.00262727
SEG-029,2025-11-21,11,2025-12-02,0.99710989,0.00289011
SEG-029,2025-11-21,12,2025-12-03,0.99684703,0.00315297
SEG-029,2025-11-21,13,2025-12-04,0.99658415,0.00341585
SEG-029,2025-11-21,14,2025-12-05,0.99632125,0.00367875
SEG-029,2025-11-21,15,2025-12-06,0.99605833,0.00394167
SEG-029,2025-11-21,16,2025-12-07,0.99579538,0.00420462
SEG-029,2025-11-21,17,2025-12-08,0.99553242,0.00446758
SEG-029,2025-11-21,18,2025-12-09,0.99526944,0.00473056
SEG-029,2025-11-21,19,2025-12-10,0.99500644,0.00499356
SEG-029,2025-11-21,20,2025-12-11,0.99474343,0.00525657
SEG-029,2025-11-21,21,2025-12-12,0.99448039,0.00551961
SEG-029,2025-11-21,22,2025-12-13,0.99421733,0.00578267
SEG-029,2025-11-21,23,2025-12-14,0.99395426,0.00604574
SEG-029,2025-11-21,24,2025-12-15,0.99369117,0.00630883
SEG-029,2025-11-21,25,2025-12-16,0.99342805,0.00657195
SEG-029,2025-11-21,26,2025-12-17,0.99316492,0.00683508
SEG-029,2025-11-21,27,2025-12-18,0.99290178,0.00709822
SEG-029,2025-11-21,28,2025-12-19,0.99263861,0.00736139
SEG-029,2025-11-21,29,2025-12-20,0.99237543,0.00762457
SEG-029,2025-11-21,30,2025-12-21,0.99211223,0.00788777
SEG-030,2025-11-21,1,2025-11-22,0.99993621,6.379e-05
SEG-030,2025-11-21,2,2025-11-23,0.99987241,0.00012759
SEG-030,2025-11-21,3,2025-11-24,0.99980859,0.00019141
SEG-030,2025-11-21,4,2025-11-25,0.99974475,0.00025525
SEG-030,2025-11-21,5,2025-11-26,0.99968089,0.00031911
SEG-030,2025-11-21,6,2025-11-27,0.99961702,0.00038298
SEG-030,2025-11-21,7,2025-11-28,0.99955312,0.00044688
SEG-030,2025-11-21,8,2025-11-29,0.99948921,0.00051079
SEG-030,2025-11-21,9,2025-11-30,0.99942528,0.00057472
SEG-030,2025-11-21,10,2025-12-01,0.99936134,0.00063866
SEG-030,2025-11-21,11,2025-12-02,0.99929737,0.00070263
SEG-030,2025-11-21,12,2025-12-03,0.99923339,0.00076661
SEG-030,2025-11-21,13,2025-12-04,0.99916939,0.00083061
SEG-030,2025-11-21,14,2025-12-05,0.99910537,0.00089463
SEG-030,2025-11-21,15,2025-12-06,0.99904134,0.00095866
SEG-030,2025-11-21,16,2025-12-07,0.99897729,0.00102271
SEG-030,2025-11-21,17,2025-12-08,0.99891322,0.00108678
SEG-030,2025-11-21,18,2025-12-09,0.99884913,0.00115087
SEG-030,2025-11-21,19,2025-12-10,0.99878502,0.00121498
SEG-030,2025-11-21,20,2025-12-11,0.9987209,0.0012791
SEG-030,2025-11-21,21,2025-12-12,0.99865676,0.00134324
SEG-030,2025-11-21,22,2025-12-13,0.9985926,0.0014074
SEG-030,2025-11-21,23,2025-12-14,0.99852843,0.00147157
SEG-030,2025-11-21,24,2025-12-15,0.99846423,0.00153577
SEG-030,2025-11-21,25,2025-12-16,0.99840003,0.00159997
SEG-030,2025-11-21,26,2025-12-17,0.9983358,0.0016642
SEG-030,2025-11-21,27,2025-12-18,0.99827155,0.00172845
SEG-030,2025-11-21,28,2025-12-19,0.99820729,0.00179271
SEG-030,2025-11-21,29,2025-12-20,0.99814301,0.00185699
SEG-030,2025-11-21,30,2025-12-21,0.99807872,0.00192128
SEG-031,2025-11-21,1,2025-11-22,0.99929558,0.00070442
SEG-031,2025-11-21,2,2025-11-23,0.99859141,0.00140859
SEG-031,2025-11-21,3,2025-11-24,0.99788749,0.00211251
SEG-031,2025-11-21,4,2025-11-25,0.99718383,0.00281617
SEG-031,2025-11-21,5,2025-11-26,0.99648042,0.00351958
SEG-031,2025-11-21,6,2025-11-27,0.99577727,0.00422273
SEG-031,2025-11-21,7,2025-11-28,0.99507437,0.00492563
SEG-031,2025-11-21,8,2025-11-29,0.99437173,0.00562827
SEG-031,2025-11-21,9,2025-11-30,0.99366934,0.00633066
SEG-031,2025-11-21,10,2025-12-01,0.99296721,0.00703279
SEG-031,2025-11-21,11,2025-12-02,0.99226534,0.00773466
SEG-031,2025-11-21,12,2025-12-03,0.99156372,0.00843628
SEG-031,2025-11-21,13,2025-12-04,0.99086237,0.00913763
SEG-031,2025-11-21,14,2025-12-05,0.99016126,0.00983874
SEG-031,2025-11-21,15,2025-12-06,0.98946042,0.01053958
SEG-031,2025-11-21,16,2025-12-07,0.98875984,0.01124016
SEG-031,2025-11-21,17,2025-12-08,0.98805952,0.01194048
SEG-031,2025-11-21,18,2025-12-09,0.98735945,0.01264055
SEG-031,2025-11-21,19,2025-12-10,0.98665965,0.01334035
SEG-031,2025-11-21,20,2025-12-11,0.98596011,0.01403989
SEG-031,2025-11-21,21,2025-12-12,0.98526082,0.01473918
SEG-031,2025-11-21,22,2025-12-13,0.9845618,0.0154382
SEG-031,2025-11-21,23,2025-12-14,0.98386304,0.01613696
SEG-031,2025-11-21,24,2025-12-15,0.98316454,0.01683546
SEG-031,2025-11-21,25,2025-12-16,0.98246631,0.01753369
SEG-031,2025-11-21,26,2025-12-17,0.98176834,0.01823166
SEG-031,2025-11-21,27,2025-12-18,0.98107063,0.01892937
SEG-031,2025-11-21,28,2025-12-19,0.98037318,0.01962682
SEG-031,2025-11-21,29,2025-12-20,0.979676,0.020324
SEG-031,2025-11-21,30,2025-12-21,0.97897909,0.02102091
SEG-032,2025-11-21,1,2025-11-22,0.99950706,0.00049294
SEG-032,2025-11-21,2,2025-11-23,0.9990142,0.0009858
SEG-032,2025-11-21,3,2025-11-24,0.9985214,0.0014786
SEG-032,2025-11-21,4,2025-11-25,0.99802868,0.00197132
SEG-032,2025-11-21,5,2025-11-26,0.99753604,0.00246396
SEG-032,2025-11-21,6,2025-11-27,0.99704347,0.00295653
SEG-032,2025-11-21,7,2025-11-28,0.99655097,0.00344903
SEG-032,2025-11-21,8,2025-11-29,0.99605855,0.00394145
SEG-032,2025-11-21,9,2025-11-30,0.9955662,0.0044338
SEG-032,2025-11-21,10,2025-12-01,0.99507393,0.00492607
SEG-032,2025-11-21,11,2025-12-02,0.99458173,0.00541827
SEG-032,2025-11-21,12,2025-12-03,0.99408961,0.00591039
SEG-032,2025-11-21,13,2025-12-04,0.99359756,0.00640244
SEG-032,2025-11-21,14,2025-12-05,0.99310559,0.00689441
SEG-032,2025-11-21,15,2025-12-06,0.9926137,0.0073863
SEG-032,2025-11-21,16,2025-12-07,0.99212189,0.00787811
SEG-032,2025-11-21,17,2025-12-08,0.99163015,0.00836985
SEG-032,2025-11-21,18,2025-12-09,0.99113849,0.00886151
SEG-032,2025-11-21,19,2025-12-10,0.99064691,0.00935309
SEG-032,2025-11-21,20,2025-12-11,0.99015541,0.00984459
SEG-032,2025-11-21,21,2025-12-12,0.98966398,0.01033602
SEG-032,2025-11-21,22,2025-12-13,0.98917264,0.01082736
SEG-032,2025-11-21,23,2025-12-14,0.98868137,0.01131863
SEG-032,2025-11-21,24,2025-12-15,0.98819019,0.01180981
SEG-032,2025-11-21,25,2025-12-16,0.98769908,0.01230092
SEG-032,2025-11-21,26,2025-12-17,0.98720805,0.01279195
SEG-032,2025-11-21,27,2025-12-18,0.98671711,0.01328289
SEG-032,2025-11-21,28,2025-12-19,0.98622624,0.01377376
SEG-032,2025-11-21,29,2025-12-20,0.98573546,0.01426454
SEG-032,2025-11-21,30,2025-12-21,0.98524475,0.01475525
SEG-033,2025-11-21,1,2025-11-22,0.99940066,0.00059934
SEG-033,2025-11-21,2,2025-11-23,0.99880147,0.00119853
SEG-033,2025-11-21,3,2025-11-24,0.99820243,0.00179757
SEG-033,2025-11-21,4,2025-11-25,0.99760354,0.00239646
SEG-033,2025-11-21,5,2025-11-26,0.99700481,0.00299519
SEG-033,2025-11-21,6,2025-11-27,0.99640623,0.00359377
SEG-033,2025-11-21,7,2025-11-28,0.99580781,0.00419219
SEG-033,2025-11-21,8,2025-11-29,0.99520954,0.00479046
SEG-033,2025-11-21,9,2025-11-30,0.99461142,0.00538858
SEG-033,2025-11-21,10,2025-12-01,0.99401346,0.00598654
SEG-033,2025-11-21,11,2025-12-02,0.99341566,0.00658434
SEG-033,2025-11-21,12,2025-12-03,0.99281801,0.00718199
SEG-033,2025-11-21,13,2025-12-04,0.99222052,0.00777948
SEG-033,2025-11-21,14,2025-12-05,0.99162319,0.00837681
SEG-033,2025-11-21,15,2025-12-06,0.99102601,0.00897399
SEG-033,2025-11-21,16,2025-12-07,0.99042899,0.00957101
SEG-033,2025-11-21,17,2025-12-08,0.98983213,0.01016787
SEG-033,2025-11-21,18,2025-12-09,0.98923542,0.01076458
SEG-033,2025-11-21,19,2025-12-10,0.98863888,0.01136112
SEG-033,2025-11-21,20,2025-12-11,0.98804249,0.01195751
SEG-033,2025-11-21,21,2025-12-12,0.98744626,0.01255374
SEG-033,2025-11-21,22,2025-12-13,0.9868502,0.0131498
SEG-033,2025-11-21,23,2025-12-14,0.98625429,0.01374571
SEG-033,2025-11-21,24,2025-12-15,0.98565854,0.01434146
SEG-033,2025-11-21,25,2025-12-16,0.98506296,0.01493704
SEG-033,2025-11-21,26,2025-12-17,0.98446753,0.01553247
SEG-033,2025-11-21,27,2025-12-18,0.98387227,0.01612773
SEG-033,2025-11-21,28,2025-12-19,0.98327717,0.01672283
SEG-033,2025-11-21,29,2025-12-20,0.98268223,0.01731777
SEG-033,2025-11-21,30,2025-12-21,0.98208745,0.01791255
SEG-034,2025-11-21,1,2025-11-22,0.99955849,0.00044151
SEG-034,2025-11-21,2,2025-11-23,0.99911703,0.00088297
SEG-034,2025-11-21,3,2025-11-24,0.9986756,0.0013244
SEG-034,2025-11-21,4,2025-11-25,0.99823422,0.00176578
SEG-034,2025-11-21,5,2025-11-26,0.99779289,0.00220711
SEG-034,2025-11-21,6,2025-11-27,0.99735159,0.00264841
SEG-034,2025-11-21,7,2025-11-28,0.99691034,0.00308966
SEG-034,2025-11-21,8,2025-11-29,0.99646914,0.00353086
SEG-034,2025-11-21,9,2025-11-30,0.99602798,0.00397202
SEG-034,2025-11-21,10,2025-12-01,0.99558686,0.00441314
SEG-034,2025-11-21,11,2025-12-02,0.99514579,0.00485421
SEG-034,2025-11-21,12,2025-12-03,0.99470476,0.00529524
SEG-034,2025-11-21,13,2025-12-04,0.99426378,0.00573622
SEG-034,2025-11-21,14,2025-12-05,0.99382285,0.00617715
SEG-034,2025-11-21,15,2025-12-06,0.99338196,0.00661804
SEG-034,2025-11-21,16,2025-12-07,0.99294111,0.00705889
SEG-034,2025-11-21,17,2025-12-08,0.99250032,0.00749968
SEG-034,2025-11-21,18,2025-12-09,0.99205957,0.00794043
SEG-034,2025-11-21,19,2025-12-10,0.99161887,0.00838113
SEG-034,2025-11-21,20,2025-12-11,0.99117821,0.00882179
SEG-034,2025-11-21,21,2025-12-12,0.99073761,0.00926239
SEG-034,2025-11-21,22,2025-12-13,0.99029705,0.00970295
SEG-034,2025-11-21,23,2025-12-14,0.98985654,0.01014346
SEG-034,2025-11-21,24,2025-12-15,0.98941607,0.01058393
SEG-034,2025-11-21,25,2025-12-16,0.98897566,0.01102434
SEG-034,2025-11-21,26,2025-12-17,0.9885353,0.0114647
SEG-034,2025-11-21,27,2025-12-18,0.98809498,0.01190502
SEG-034,2025-11-21,28,2025-12-19,0.98765472,0.01234528
SEG-034,2025-11-21,29,2025-12-20,0.9872145,0.0127855
SEG-034,2025-11-21,30,2025-12-21,0.98677433,0.01322567
SEG-035,2025-11-21,1,2025-11-22,0.99962649,0.00037351
SEG-035,2025-11-21,2,2025-11-23,0.99925299,0.00074701
SEG-035,2025-11-21,3,2025-11-24,0.99887951,0.00112049
SEG-035,2025-11-21,4,2025-11-25,0.99850603,0.00149397
SEG-035,2025-11-21,5,2025-11-26,0.99813257,0.00186743
SEG-035,2025-11-21,6,2025-11-27,0.99775911,0.00224089
SEG-035,2025-11-21,7,2025-11-28,0.99738567,0.00261433
SEG-035,2025-11-21,8,2025-11-29,0.99701224,0.00298776
SEG-035,2025-11-21,9,2025-11-30,0.99663883,0.00336117
SEG-035,2025-11-21,10,2025-12-01,0.99626542,0.00373458
SEG-035,2025-11-21,11,2025-12-02,0.99589203,0.00410797
SEG-035,2025-11-21,12,2025-12-03,0.99551865,0.00448135
SEG-035,2025-11-21,13,2025-12-04,0.99514528,0.00485472
SEG-035,2025-11-21,14,2025-12-05,0.99477193,0.00522807
SEG-035,2025-11-21,15,2025-12-06,0.99439859,0.00560141
SEG-035,2025-11-21,16,2025-12-07,0.99402526,0.00597474
SEG-035,2025-11-21,17,2025-12-08,0.99365195,0.00634805
SEG-035,2025-11-21,18,2025-12-09,0.99327865,0.00672135
SEG-035,2025-11-21,19,2025-12-10,0.99290537,0.00709463
SEG-035,2025-11-21,20,2025-12-11,0.9925321,0.0074679
SEG-035,2025-11-21,21,2025-12-12,0.99215884,0.00784116
SEG-035,2025-11-21,22,2025-12-13,0.9917856,0.0082144
SEG-035,2025-11-21,23,2025-12-14,0.99141238,0.00858762
SEG-035,2025-11-21,24,2025-12-15,0.99103917,0.00896083
SEG-035,2025-11-21,25,2025-12-16,0.99066598,0.00933402
SEG-035,2025-11-21,26,2025-12-17,0.9902928,0.0097072
SEG-035,2025-11-21,27,2025-12-18,0.98991964,0.01008036
SEG-035,2025-11-21,28,2025-12-19,0.9895465,0.0104535
SEG-035,2025-11-21,29,2025-12-20,0.98917337,0.01082663
SEG-035,2025-11-21,30,2025-12-21,0.98880026,0.01119974
SEG-036,2025-11-21,1,2025-11-22,0.99987815,0.00012185
SEG-036,2025-11-21,2,2025-11-23,0.99975627,0.00024373
SEG-036,2025-11-21,3,2025-11-24,0.99963437,0.00036563
SEG-036,2025-11-21,4,2025-11-25,0.99951244,0.00048756
SEG-036,2025-11-21,5,2025-11-26,0.99939048,0.00060952
SEG-036,2025-11-21,6,2025-11-27,0.9992685,0.0007315
SEG-036,2025-11-21,7,2025-11-28,0.99914648,0.00085352
SEG-036,2025-11-21,8,2025-11-29,0.99902444,0.00097556
SEG-036,2025-11-21,9,2025-11-30,0.99890238,0.00109762
SEG-036,2025-11-21,10,2025-12-01,0.99878029,0.00121971
SEG-036,2025-11-21,11,2025-12-02,0.99865817,0.00134183
SEG-036,2025-11-21,12,2025-12-03,0.99853602,0.00146398
SEG-036,2025-11-21,13,2025-12-04,0.99841385,0.00158615
SEG-036,2025-11-21,14,2025-12-05,0.99829165,0.00170835
SEG-036,2025-11-21,15,2025-12-06,0.99816942,0.00183058
SEG-036,2025-11-21,16,2025-12-07,0.99804717,0.00195283
SEG-036,2025-11-21,17,2025-12-08,0.99792489,0.00207511
SEG-036,2025-11-21,18,2025-12-09,0.99780259,0.00219741
SEG-036,2025-11-21,19,2025-12-10,0.99768026,0.00231974
SEG-036,2025-11-21,20,2025-12-11,0.9975579,0.0024421
SEG-036,2025-11-21,21,2025-12-12,0.99743552,0.00256448
SEG-036,2025-11-21,22,2025-12-13,0.99731311,0.00268689
SEG-036,2025-11-21,23,2025-12-14,0.99719067,0.00280933
SEG-036,2025-11-21,24,2025-12-15,0.99706821,0.00293179
SEG-036,2025-11-21,25,2025-12-16,0.99694572,0.00305428
SEG-036,2025-11-21,26,2025-12-17,0.99682321,0.00317679
SEG-036,2025-11-21,27,2025-12-18,0.99670067,0.00329933
SEG-036,2025-11-21,28,2025-12-19,0.99657811,0.00342189
SEG-036,2025-11-21,29,2025-12-20,0.99645551,0.00354449
SEG-036,2025-11-21,30,2025-12-21,0.9963329,0.0036671
SEG-037,2025-11-21,1,2025-11-22,0.99986008,0.00013992
SEG-037,2025-11-21,2,2025-11-23,0.99972014,0.00027986
SEG-037,2025-11-21,3,2025-11-24,0.99958016,0.00041984
SEG-037,2025-11-21,4,2025-11-25,0.99944016,0.00055984
SEG-037,2025-11-21,5,2025-11-26,0.99930013,0.00069987
SEG-037,2025-11-21,6,2025-11-27,0.99916006,0.00083994
SEG-037,2025-11-21,7,2025-11-28,0.99901998,0.00098002
SEG-037,2025-11-21,8,2025-11-29,0.99887986,0.00112014
SEG-037,2025-11-21,9,2025-11-30,0.99873971,0.00126029
SEG-037,2025-11-21,10,2025-12-01,0.99859954,0.00140046
SEG-037,2025-11-21,11,2025-12-02,0.99845934,0.00154066
SEG-037,2025-11-21,12,2025-12-03,0.99831911,0.00168089
SEG-037,2025-11-21,13,2025-12-04,0.99817885,0.00182115
SEG-037,2025-11-21,14,2025-12-05,0.99803856,0.00196144
SEG-037,2025-11-21,15,2025-12-06,0.99789825,0.00210175
SEG-037,2025-11-21,16,2025-12-07,0.99775791,0.00224209
SEG-037,2025-11-21,17,2025-12-08,0.99761754,0.00238246
SEG-037,2025-11-21,18,2025-12-09,0.99747714,0.00252286
SEG-037,2025-11-21,19,2025-12-10,0.99733671,0.00266329
SEG-037,2025-11-21,20,2025-12-11,0.99719626,0.00280374
SEG-037,2025-11-21,21,2025-12-12,0.99705578,0.00294422
SEG-037,2025-11-21,22,2025-12-13,0.99691527,0.00308473
SEG-037,2025-11-21,23,2025-12-14,0.99677474,0.00322526
SEG-037,2025-11-21,24,2025-12-15,0.99663418,0.00336582
SEG-037,2025-11-21,25,2025-12-16,0.99649359,0.00350641
SEG-037,2025-11-21,26,2025-12-17,0.99635297,0.00364703
SEG-037,2025-11-21,27,2025-12-18,0.99621233,0.00378767
SEG-037,2025-11-21,28,2025-12-19,0.99607166,0.00392834
SEG-037,2025-11-21,29,2025-12-20,0.99593096,0.00406904
SEG-037,2025-11-21,30,2025-12-21,0.99579024,0.00420976
SEG-038,2025-11-21,1,2025-11-22,0.99983518,0.00016482
SEG-038,2025-11-21,2,2025-11-23,0.99967033,0.00032967
SEG-038,2025-11-21,3,2025-11-24,0.99950545,0.00049455
SEG-038,2025-11-21,4,2025-11-25,0.99934054,0.00065946
SEG-038,2025-11-21,5,2025-11-26,0.9991756,0.0008244
SEG-038,2025-11-21,6,2025-11-27,0.99901063,0.00098937
SEG-038,2025-11-21,7,2025-11-28,0.99884563,0.00115437
SEG-038,2025-11-21,8,2025-11-29,0.99868061,0.00131939
SEG-038,2025-11-21,9,2025-11-30,0.99851555,0.00148445
SEG-038,2025-11-21,10,2025-12-01,0.99835046,0.00164954
SEG-038,2025-11-21,11,2025-12-02,0.99818535,0.00181465
SEG-038,2025-11-21,12,2025-12-03,0.99802021,0.00197979
SEG-038,2025-11-21,13,2025-12-04,0.99785503,0.00214497
SEG-038,2025-11-21,14,2025-12-05,0.99768983,0.00231017
SEG-038,2025-11-21,15,2025-12-06,0.9975246,0.0024754
SEG-038,2025-11-21,16,2025-12-07,0.99735935,0.00264065
SEG-038,2025-11-21,17,2025-12-08,0.99719406,0.00280594
SEG-038,2025-11-21,18,2025-12-09,0.99702874,0.00297126
SEG-038,2025-11-21,19,2025-12-10,0.9968634,0.0031366
SEG-038,2025-11-21,20,2025-12-11,0.99669803,0.00330197
SEG-038,2025-11-21,21,2025-12-12,0.99653263,0.00346737
SEG-038,2025-11-21,22,2025-12-13,0.9963672,0.0036328
SEG-038,2025-11-21,23,2025-12-14,0.99620174,0.00379826
SEG-038,2025-11-21,24,2025-12-15,0.99603626,0.00396374
SEG-038,2025-11-21,25,2025-12-16,0.99587075,0.00412925
SEG-038,2025-11-21,26,2025-12-17,0.99570521,0.00429479
SEG-038,2025-11-21,27,2025-12-18,0.99553964,0.00446036
SEG-038,2025-11-21,28,2025-12-19,0.99537404,0.00462596
SEG-038,2025-11-21,29,2025-12-20,0.99520842,0.00479158
SEG-038,2025-11-21,30,2025-12-21,0.99504277,0.00495723
SEG-039,2025-11-21,1,2025-11-22,0.99986079,0.00013921
SEG-039,2025-11-21,2,2025-11-23,0.99972154,0.00027846
SEG-039,2025-11-21,3,2025-11-24,0.99958227,0.00041773
SEG-039,2025-11-21,4,2025-11-25,0.99944297,0.00055703
SEG-039,2025-11-21,5,2025-11-26,0.99930364,0.00069636
SEG-039,2025-11-21,6,2025-11-27,0.99916429,0.00083571
SEG-039,2025-11-21,7,2025-11-28,0.9990249,0.0009751
SEG-039,2025-11-21,8,2025-11-29,0.99888549,0.00111451
SEG-039,2025-11-21,9,2025-11-30,0.99874604,0.00125396
SEG-039,2025-11-21,10,2025-12-01,0.99860657,0.00139343
SEG-039,2025-11-21,11,2025-12-02,0.99846708,0.00153292
SEG-039,2025-11-21,12,2025-12-03,0.99832755,0.00167245
SEG-039,2025-11-21,13,2025-12-04,0.99818799,0.00181201
SEG-039,2025-11-21,14,2025-12-05,0.99804841,0.00195159
SEG-039,2025-11-21,15,2025-12-06,0.9979088,0.0020912
SEG-039,2025-11-21,16,2025-12-07,0.99776916,0.00223084
SEG-039,2025-11-21,17,2025-12-08,0.9976295,0.0023705
SEG-039,2025-11-21,18,2025-12-09,0.99748981,0.00251019
SEG-039,2025-11-21,19,2025-12-10,0.99735009,0.00264991
SEG-039,2025-11-21,20,2025-12-11,0.99721034,0.00278966
SEG-039,2025-11-21,21,2025-12-12,0.99707056,0.00292944
SEG-039,2025-11-21,22,2025-12-13,0.99693076,0.00306924
SEG-039,2025-11-21,23,2025-12-14,0.99679093,0.00320907
SEG-039,2025-11-21,24,2025-12-15,0.99665107,0.00334893
SEG-039,2025-11-21,25,2025-12-16,0.99651119,0.00348881
SEG-039,2025-11-21,26,2025-12-17,0.99637127,0.00362873
SEG-039,2025-11-21,27,2025-12-18,0.99623134,0.00376866
SEG-039,2025-11-21,28,2025-12-19,0.99609137,0.00390863
SEG-039,2025-11-21,29,2025-12-20,0.99595138,0.00404862
SEG-039,2025-11-21,30,2025-12-21,0.99581136,0.00418864
SEG-040,2025-11-21,1,2025-11-22,0.9998981,0.0001019
SEG-040,2025-11-21,2,2025-11-23,0.99979617,0.00020383
SEG-040,2025-11-21,3,2025-11-24,0.99969423,0.00030577
SEG-040,2025-11-21,4,2025-11-25,0.99959225,0.00040775
SEG-040,2025-11-21,5,2025-11-26,0.99949025,0.00050975
SEG-040,2025-11-21,6,2025-11-27,0.99938823,0.00061177
SEG-040,2025-11-21,7,2025-11-28,0.99928618,0.00071382
SEG-040,2025-11-21,8,2025-11-29,0.99918411,0.00081589
SEG-040,2025-11-21,9,2025-11-30,0.99908201,0.00091799
SEG-040,2025-11-21,10,2025-12-01,0.99897989,0.00102011
SEG-040,2025-11-21,11,2025-12-02,0.99887774,0.00112226
SEG-040,2025-11-21,12,2025-12-03,0.99877557,0.00122443
SEG-040,2025-11-21,13,2025-12-04,0.99867338,0.00132662
SEG-040,2025-11-21,14,2025-12-05,0.99857116,0.00142884
SEG-040,2025-11-21,15,2025-12-06,0.99846891,0.00153109
SEG-040,2025-11-21,16,2025-12-07,0.99836665,0.00163335
SEG-040,2025-11-21,17,2025-12-08,0.99826435,0.00173565
SEG-040,2025-11-21,18,2025-12-09,0.99816204,0.00183796
SEG-040,2025-11-21,19,2025-12-10,0.9980597,0.0019403
SEG-040,2025-11-21,20,2025-12-11,0.99795733,0.00204267
SEG-040,2025-11-21,21,2025-12-12,0.99785495,0.00214505
SEG-040,2025-11-21,22,2025-12-13,0.99775254,0.00224746
SEG-040,2025-11-21,23,2025-12-14,0.9976501,0.0023499
SEG-040,2025-11-21,24,2025-12-15,0.99754764,0.00245236
SEG-040,2025-11-21,25,2025-12-16,0.99744516,0.00255484
SEG-040,2025-11-21,26,2025-12-17,0.99734265,0.00265735
SEG-040,2025-11-21,27,2025-12-18,0.99724012,0.00275988
SEG-040,2025-11-21,28,2025-12-19,0.99713757,0.00286243
SEG-040,2025-11-21,29,2025-12-20,0.99703499,0.00296501
SEG-040,2025-11-21,30,2025-12-21,0.99693239,0.00306761
SEG-041,2025-11-21,1,2025-11-22,0.99984286,0.00015714
SEG-041,2025-11-21,2,2025-11-23,0.99968569,0.00031431
SEG-041,2025-11-21,3,2025-11-24,0.99952849,0.00047151
SEG-041,2025-11-21,4,2025-11-25,0.99937126,0.00062874
SEG-041,2025-11-21,5,2025-11-26,0.999214,0.000786
SEG-041,2025-11-21,6,2025-11-27,0.99905671,0.00094329
SEG-041,2025-11-21,7,2025-11-28,0.9988994,0.0011006
SEG-041,2025-11-21,8,2025-11-29,0.99874205,0.00125795
SEG-041,2025-11-21,9,2025-11-30,0.99858467,0.00141533
SEG-041,2025-11-21,10,2025-12-01,0.99842727,0.00157273
SEG-041,2025-11-21,11,2025-12-02,0.99826984,0.00173016
SEG-041,2025-11-21,12,2025-12-03,0.99811237,0.00188763
SEG-041,2025-11-21,13,2025-12-04,0.99795488,0.00204512
SEG-041,2025-11-21,14,2025-12-05,0.99779736,0.00220264
SEG-041,2025-11-21,15,2025-12-06,0.99763982,0.00236018
SEG-041,2025-11-21,16,2025-12-07,0.99748224,0.00251776
SEG-041,2025-11-21,17,2025-12-08,0.99732463,0.00267537
SEG-041,2025-11-21,18,2025-12-09,0.997167,0.002833
SEG-041,2025-11-21,19,2025-12-10,0.99700934,0.00299066
SEG-041,2025-11-21,20,2025-12-11,0.99685165,0.00314835
SEG-041,2025-11-21,21,2025-12-12,0.99669393,0.00330607
SEG-041,2025-11-21,22,2025-12-13,0.99653619,0.00346381
SEG-041,2025-11-21,23,2025-12-14,0.99637841,0.00362159
SEG-041,2025-11-21,24,2025-12-15,0.99622061,0.00377939
SEG-041,2025-11-21,25,2025-12-16,0.99606278,0.00393722
SEG-041,2025-11-21,26,2025-12-17,0.99590492,0.00409508
SEG-041,2025-11-21,27,2025-12-18,0.99574704,0.00425296
SEG-041,2025-11-21,28,2025-12-19,0.99558913,0.00441087
SEG-041,2025-11-21,29,2025-12-20,0.99543119,0.00456881
SEG-041,2025-11-21,30,2025-12-21,0.99527322,0.00472678
SEG-042,2025-11-21,1,2025-11-22,0.99980275,0.00019725
SEG-042,2025-11-21,2,2025-11-23,0.99960547,0.00039453
SEG-042,2025-11-21,3,2025-11-24,0.99940816,0.00059184
SEG-042,2025-11-21,4,2025-11-25,0.99921082,0.00078918
SEG-042,2025-11-21,5,2025-11-26,0.99901345,0.00098655
SEG-042,2025-11-21,6,2025-11-27,0.99881605,0.00118395
SEG-042,2025-11-21,7,2025-11-28,0.99861863,0.00138137
SEG-042,2025-11-21,8,2025-11-29,0.99842117,0.00157883
SEG-042,2025-11-21,9,2025-11-30,0.99822369,0.00177631
SEG-042,2025-11-21,10,2025-12-01,0.99802618,0.00197382
SEG-042,2025-11-21,11,2025-12-02,0.99782864,0.00217136
SEG-042,2025-11-21,12,2025-12-03,0.99763107,0.00236893
SEG-042,2025-11-21,13,2025-12-04,0.99743348,0.00256652
SEG-042,2025-11-21,14,2025-12-05,0.99723585,0.00276415
SEG-042,2025-11-21,15,2025-12-06,0.9970382,0.0029618
SEG-042,2025-11-21,16,2025-12-07,0.99684052,0.00315948
SEG-042,2025-11-21,17,2025-12-08,0.99664282,0.00335718
SEG-042,2025-11-21,18,2025-12-09,0.99644508,0.00355492
SEG-042,2025-11-21,19,2025-12-10,0.99624732,0.00375268
SEG-042,2025-11-21,20,2025-12-11,0.99604953,0.00395047
SEG-042,2025-11-21,21,2025-12-12,0.99585171,0.00414829
SEG-042,2025-11-21,22,2025-12-13,0.99565387,0.00434613
SEG-042,2025-11-21,23,2025-12-14,0.995456,0.004544
SEG-042,2025-11-21,24,2025-12-15,0.9952581,0.0047419
SEG-042,2025-11-21,25,2025-12-16,0.99506018,0.00493982
SEG-042,2025-11-21,26,2025-12-17,0.99486223,0.00513777
SEG-042,2025-11-21,27,2025-12-18,0.99466425,0.00533575
SEG-042,2025-11-21,28,2025-12-19,0.99446624,0.00553376
SEG-042,2025-11-21,29,2025-12-20,0.99426821,0.00573179
SEG-042,2025-11-21,30,2025-12-21,0.99407016,0.00592984
SEG-043,2025-11-21,1,2025-11-22,0.99996452,3.548e-05
SEG-043,2025-11-21,2,2025-11-23,0.99992902,7.098e-05
SEG-043,2025-11-21,3,2025-11-24,0.99989352,0.00010648
SEG-043,2025-11-21,4,2025-11-25,0.999858,0.000142
SEG-043,2025-11-21,5,2025-11-26,0.99982247,0.00017753
SEG-043,2025-11-21,6,2025-11-27,0.99978694,0.00021306
SEG-043,2025-11-21,7,2025-11-28,0.99975139,0.00024861
SEG-043,2025-11-21,8,2025-11-29,0.99971583,0.00028417
SEG-043,2025-11-21,9,2025-11-30,0.99968025,0.00031975
SEG-043,2025-11-21,10,2025-12-01,0.99964467,0.00035533
SEG-043,2025-11-21,11,2025-12-02,0.99960908,0.00039092
SEG-043,2025-11-21,12,2025-12-03,0.99957348,0.00042652
SEG-043,2025-11-21,13,2025-12-04,0.99953786,0.00046214
SEG-043,2025-11-21,14,2025-12-05,0.99950224,0.00049776
SEG-043,2025-11-21,15,2025-12-06,0.9994666,0.0005334
SEG-043,2025-11-21,16,2025-12-07,0.99943095,0.00056905
SEG-043,2025-11-21,17,2025-12-08,0.9993953,0.0006047
SEG-043,2025-11-21,18,2025-12-09,0.99935963,0.00064037
SEG-043,2025-11-21,19,2025-12-10,0.99932395,0.00067605
SEG-043,2025-11-21,20,2025-12-11,0.99928826,0.00071174
SEG-043,2025-11-21,21,2025-12-12,0.99925256,0.00074744
SEG-043,2025-11-21,22,2025-12-13,0.99921685,0.00078315
SEG-043,2025-11-21,23,2025-12-14,0.99918112,0.00081888
SEG-043,2025-11-21,24,2025-12-15,0.99914539,0.00085461
SEG-043,2025-11-21,25,2025-12-16,0.99910965,0.00089035
SEG-043,2025-11-21,26,2025-12-17,0.99907389,0.00092611
SEG-043,2025-11-21,27,2025-12-18,0.99903813,0.00096187
SEG-043,2025-11-21,28,2025-12-19,0.99900235,0.00099765
SEG-043,2025-11-21,29,2025-12-20,0.99896657,0.00103343
SEG-043,2025-11-21,30,2025-12-21,0.99893077,0.00106923
SEG-044,2025-11-21,1,2025-11-22,0.99995729,4.271e-05
SEG-044,2025-11-21,2,2025-11-23,0.99991456,8.544e-05
SEG-044,2025-11-21,3,2025-11-24,0.99987182,0.00012818
SEG-044,2025-11-21,4,2025-11-25,0.99982907,0.00017093
SEG-044,2025-11-21,5,2025-11-26,0.9997863,0.0002137
SEG-044,2025-11-21,6,2025-11-27,0.99974353,0.00025647
SEG-044,2025-11-21,7,2025-11-28,0.99970073,0.00029927
SEG-044,2025-11-21,8,2025-11-29,0.99965793,0.00034207
SEG-044,2025-11-21,9,2025-11-30,0.99961511,0.00038489
SEG-044,2025-11-21,10,2025-12-01,0.99957228,0.00042772
SEG-044,2025-11-21,11,2025-12-02,0.99952944,0.00047056
SEG-044,2025-11-21,12,2025-12-03,0.99948659,0.00051341
SEG-044,2025-11-21,13,2025-12-04,0.99944372,0.00055628
SEG-044,2025-11-21,14,2025-12-05,0.99940084,0.00059916
SEG-044,2025-11-21,15,2025-12-06,0.99935795,0.00064205
SEG-044,2025-11-21,16,2025-12-07,0.99931504,0.00068496
SEG-044,2025-11-21,17,2025-12-08,0.99927212,0.00072788
SEG-044,2025-11-21,18,2025-12-09,0.99922919,0.00077081
SEG-044,2025-11-21,19,2025-12-10,0.99918625,0.00081375
SEG-044,2025-11-21,20,2025-12-11,0.99914329,0.00085671
SEG-044,2025-11-21,21,2025-12-12,0.99910032,0.00089968
SEG-044,2025-11-21,22,2025-12-13,0.99905734,0.00094266
SEG-044,2025-11-21,23,2025-12-14,0.99901435,0.00098565
SEG-044,2025-11-21,24,2025-12-15,0.99897134,0.00102866
SEG-044,2025-11-21,25,2025-12-16,0.99892832,0.00107168
SEG-044,2025-11-21,26,2025-12-17,0.99888529,0.00111471
SEG-044,2025-11-21,27,2025-12-18,0.99884225,0.00115775
SEG-044,2025-11-21,28,2025-12-19,0.99879919,0.00120081
SEG-044,2025-11-21,29,2025-12-20,0.99875612,0.00124388
SEG-044,2025-11-21,30,2025-12-21,0.99871304,0.00128696
SEG-045,2025-11-21,1,2025-11-22,0.9996963,0.0003037
SEG-045,2025-11-21,2,2025-11-23,0.99939259,0.00060741
SEG-045,2025-11-21,3,2025-11-24,0.99908886,0.00091114
SEG-045,2025-11-21,4,2025-11-25,0.99878512,0.00121488
SEG-045,2025-11-21,5,2025-11-26,0.99848138,0.00151862
SEG-045,2025-11-21,6,2025-11-27,0.99817761,0.00182239
SEG-045,2025-11-21,7,2025-11-28,0.99787384,0.00212616
SEG-045,2025-11-21,8,2025-11-29,0.99757006,0.00242994
SEG-045,2025-11-21,9,2025-11-30,0.99726626,0.00273374
SEG-045,2025-11-21,10,2025-12-01,0.99696245,0.00303755
SEG-045,2025-11-21,11,2025-12-02,0.99665863,0.00334137
SEG-045,2025-11-21,12,2025-12-03,0.9963548,0.0036452
SEG-045,2025-11-21,13,2025-12-04,0.99605096,0.00394904
SEG-045,2025-11-21,14,2025-12-05,0.99574711,0.00425289
SEG-045,2025-11-21,15,2025-12-06,0.99544325,0.00455675
SEG-045,2025-11-21,16,2025-12-07,0.99513938,0.00486062
SEG-045,2025-11-21,17,2025-12-08,0.9948355,0.0051645
SEG-045,2025-11-21,18,2025-12-09,0.99453161,0.00546839
SEG-045,2025-11-21,19,2025-12-10,0.99422771,0.00577229
SEG-045,2025-11-21,20,2025-12-11,0.9939238,0.0060762
SEG-045,2025-11-21,21,2025-12-12,0.99361988,0.00638012
SEG-045,2025-11-21,22,2025-12-13,0.99331595,0.00668405
SEG-045,2025-11-21,23,2025-12-14,0.99301201,0.00698799
SEG-045,2025-11-21,24,2025-12-15,0.99270806,0.00729194
SEG-045,2025-11-21,25,2025-12-16,0.99240411,0.00759589
SEG-045,2025-11-21,26,2025-12-17,0.99210015,0.00789985
SEG-045,2025-11-21,27,2025-12-18,0.99179617,0.00820383
SEG-045,2025-11-21,28,2025-12-19,0.99149219,0.00850781
SEG-045,2025-11-21,29,2025-12-20,0.99118821,0.00881179
SEG-045,2025-11-21,30,2025-12-21,0.99088421,0.00911579
SEG-046,2025-11-21,1,2025-11-22,0.99983407,0.00016593
SEG-046,2025-11-21,2,2025-11-23,0.99966812,0.00033188
SEG-046,2025-11-21,3,2025-11-24,0.99950213,0.00049787
SEG-046,2025-11-21,4,2025-11-25,0.99933611,0.00066389
SEG-046,2025-11-21,5,2025-11-26,0.99917007,0.00082993
SEG-046,2025-11-21,6,2025-11-27,0.99900399,0.00099601
SEG-046,2025-11-21,7,2025-11-28,0.99883789,0.00116211
SEG-046,2025-11-21,8,2025-11-29,0.99867176,0.00132824
SEG-046,2025-11-21,9,2025-11-30,0.99850559,0.00149441
SEG-046,2025-11-21,10,2025-12-01,0.9983394,0.0016606
SEG-046,2025-11-21,11,2025-12-02,0.99817318,0.00182682
SEG-046,2025-11-21,12,2025-12-03,0.99800693,0.00199307
SEG-046,2025-11-21,13,2025-12-04,0.99784065,0.00215935
SEG-046,2025-11-21,14,2025-12-05,0.99767435,0.00232565
SEG-046,2025-11-21,15,2025-12-06,0.99750801,0.00249199
SEG-046,2025-11-21,16,2025-12-07,0.99734165,0.00265835
SEG-046,2025-11-21,17,2025-12-08,0.99717525,0.00282475
SEG-046,2025-11-21,18,2025-12-09,0.99700883,0.00299117
SEG-046,2025-11-21,19,2025-12-10,0.99684238,0.00315762
SEG-046,2025-11-21,20,2025-12-11,0.9966759,0.0033241
SEG-046,2025-11-21,21,2025-12-12,0.9965094,0.0034906
SEG-046,2025-11-21,22,2025-12-13,0.99634286,0.00365714
SEG-046,2025-11-21,23,2025-12-14,0.9961763,0.0038237
SEG-046,2025-11-21,24,2025-12-15,0.99600971,0.00399029
SEG-046,2025-11-21,25,2025-12-16,0.99584309,0.00415691
SEG-046,2025-11-21,26,2025-12-17,0.99567644,0.00432356
SEG-046,2025-11-21,27,2025-12-18,0.99550977,0.00449023
SEG-046,2025-11-21,28,2025-12-19,0.99534307,0.00465693
SEG-046,2025-11-21,29,2025-12-20,0.99517634,0.00482366
SEG-046,2025-11-21,30,2025-12-21,0.99500958,0.00499042
SEG-047,2025-11-21,1,2025-11-22,0.99984992,0.00015008
SEG-047,2025-11-21,2,2025-11-23,0.99969981,0.00030019
SEG-047,2025-11-21,3,2025-11-24,0.99954967,0.00045033
SEG-047,2025-11-21,4,2025-11-25,0.9993995,0.0006005
SEG-047,2025-11-21,5,2025-11-26,0.9992493,0.0007507
SEG-047,2025-11-21,6,2025-11-27,0.99909907,0.00090093
SEG-047,2025-11-21,7,2025-11-28,0.99894882,0.00105118
SEG-047,2025-11-21,8,2025-11-29,0.99879853,0.00120147
SEG-047,2025-11-21,9,2025-11-30,0.99864822,0.00135178
SEG-047,2025-11-21,10,2025-12-01,0.99849787,0.00150213
SEG-047,2025-11-21,11,2025-12-02,0.9983475,0.0016525
SEG-047,2025-11-21,12,2025-12-03,0.9981971,0.0018029
SEG-047,2025-11-21,13,2025-12-04,0.99804667,0.00195333
SEG-047,2025-11-21,14,2025-12-05,0.99789622,0.00210378
SEG-047,2025-11-21,15,2025-12-06,0.99774573,0.00225427
SEG-047,2025-11-21,16,2025-12-07,0.99759522,0.00240478
SEG-047,2025-11-21,17,2025-12-08,0.99744468,0.00255532
SEG-047,2025-11-21,18,2025-12-09,0.99729411,0.00270589
SEG-047,2025-11-21,19,2025-12-10,0.99714351,0.00285649
SEG-047,2025-11-21,20,2025-12-11,0.99699288,0.00300712
SEG-047,2025-11-21,21,2025-12-12,0.99684223,0.00315777
SEG-047,2025-11-21,22,2025-12-13,0.99669155,0.00330845
SEG-047,2025-11-21,23,2025-12-14,0.99654084,0.00345916
SEG-047,2025-11-21,24,2025-12-15,0.9963901,0.0036099
SEG-047,2025-11-21,25,2025-12-16,0.99623934,0.00376066
SEG-047,2025-11-21,26,2025-12-17,0.99608854,0.00391146
SEG-047,2025-11-21,27,2025-12-18,0.99593772,0.00406228
SEG-047,2025-11-21,28,2025-12-19,0.99578688,0.00421312
SEG-047,2025-11-21,29,2025-12-20,0.995636,0.004364
SEG-047,2025-11-21,30,2025-12-21,0.9954851,0.0045149
SEG-048,2025-11-21,1,2025-11-22,0.99987394,0.00012606
SEG-048,2025-11-21,2,2025-11-23,0.99974785,0.00025215
SEG-048,2025-11-21,3,2025-11-24,0.99962173,0.00037827
SEG-048,2025-11-21,4,2025-11-25,0.99949559,0.00050441
SEG-048,2025-11-21,5,2025-11-26,0.99936942,0.00063058
SEG-048,2025-11-21,6,2025-11-27,0.99924322,0.00075678
SEG-048,2025-11-21,7,2025-11-28,0.99911699,0.00088301
SEG-048,2025-11-21,8,2025-11-29,0.99899074,0.00100926
SEG-048,2025-11-21,9,2025-11-30,0.99886446,0.00113554
SEG-048,2025-11-21,10,2025-12-01,0.99873815,0.00126185
SEG-048,2025-11-21,11,2025-12-02,0.99861181,0.00138819
SEG-048,2025-11-21,12,2025-12-03,0.99848545,0.00151455
SEG-048,2025-11-21,13,2025-12-04,0.99835906,0.00164094
SEG-048,2025-11-21,14,2025-12-05,0.99823265,0.00176735
SEG-048,2025-11-21,15,2025-12-06,0.9981062,0.0018938
SEG-048,2025-11-21,16,2025-12-07,0.99797973,0.00202027
SEG-048,2025-11-21,17,2025-12-08,0.99785324,0.00214676
SEG-048,2025-11-21,18,2025-12-09,0.99772671,0.00227329
SEG-048,2025-11-21,19,2025-12-10,0.99760016,0.00239984
SEG-048,2025-11-21,20,2025-12-11,0.99747359,0.00252641
SEG-048,2025-11-21,21,2025-12-12,0.99734698,0.00265302
SEG-048,2025-11-21,22,2025-12-13,0.99722035,0.00277965
SEG-048,2025-11-21,23,2025-12-14,0.9970937,0.0029063
SEG-048,2025-11-21,24,2025-12-15,0.99696701,0.00303299
SEG-048,2025-11-21,25,2025-12-16,0.99684031,0.00315969
SEG-048,2025-11-21,26,2025-12-17,0.99671357,0.00328643
SEG-048,2025-11-21,27,2025-12-18,0.99658681,0.00341319
SEG-048,2025-11-21,28,2025-12-19,0.99646002,0.00353998
SEG-048,2025-11-21,29,2025-12-20,0.99633321,0.00366679
SEG-048,2025-11-21,30,2025-12-21,0.99620637,0.00379363
SEG-049,2025-11-21,1,2025-11-22,0.99984231,0.00015769
SEG-049,2025-11-21,2,2025-11-23,0.9996846,0.0003154
SEG-049,2025-11-21,3,2025-11-24,0.99952685,0.00047315
SEG-049,2025-11-21,4,2025-11-25,0.99936908,0.00063092
SEG-049,2025-11-21,5,2025-11-26,0.99921127,0.00078873
SEG-049,2025-11-21,6,2025-11-27,0.99905344,0.00094656
SEG-049,2025-11-21,7,2025-11-28,0.99889558,0.00110442
SEG-049,2025-11-21,8,2025-11-29,0.99873768,0.00126232
SEG-049,2025-11-21,9,2025-11-30,0.99857976,0.00142024
SEG-049,2025-11-21,10,2025-12-01,0.99842181,0.00157819
SEG-049,2025-11-21,11,2025-12-02,0.99826384,0.00173616
SEG-049,2025-11-21,12,2025-12-03,0.99810583,0.00189417
SEG-049,2025-11-21,13,2025-12-04,0.99794779,0.00205221
SEG-049,2025-11-21,14,2025-12-05,0.99778973,0.00221027
SEG-049,2025-11-21,15,2025-12-06,0.99763163,0.00236837
SEG-049,2025-11-21,16,2025-12-07,0.99747351,0.00252649
SEG-049,2025-11-21,17,2025-12-08,0.99731536,0.00268464
SEG-049,2025-11-21,18,2025-12-09,0.99715718,0.00284282
SEG-049,2025-11-21,19,2025-12-10,0.99699897,0.00300103
SEG-049,2025-11-21,20,2025-12-11,0.99684074,0.00315926
SEG-049,2025-11-21,21,2025-12-12,0.99668247,0.00331753
SEG-049,2025-11-21,22,2025-12-13,0.99652418,0.00347582
SEG-049,2025-11-21,23,2025-12-14,0.99636586,0.00363414
SEG-049,2025-11-21,24,2025-12-15,0.99620752,0.00379248
SEG-049,2025-11-21,25,2025-12-16,0.99604914,0.00395086
SEG-049,2025-11-21,26,2025-12-17,0.99589074,0.00410926
SEG-049,2025-11-21,27,2025-12-18,0.99573231,0.00426769
SEG-049,2025-11-21,28,2025-12-19,0.99557385,0.00442615
SEG-049,2025-11-21,29,2025-12-20,0.99541536,0.00458464
SEG-049,2025-11-21,30,2025-12-21,0.99525685,0.00474315
SEG-050,2025-11-21,1,2025-11-22,0.99988552,0.00011448
SEG-050,2025-11-21,2,2025-11-23,0.99977101,0.00022899
SEG-050,2025-11-21,3,2025-11-24,0.99965647,0.00034353
SEG-050,2025-11-21,4,2025-11-25,0.99954191,0.00045809
SEG-050,2025-11-21,5,2025-11-26,0.99942732,0.00057268
SEG-050,2025-11-21,6,2025-11-27,0.99931271,0.00068729
SEG-050,2025-11-21,7,2025-11-28,0.99919807,0.00080193
SEG-050,2025-11-21,8,2025-11-29,0.9990834,0.0009166
SEG-050,2025-11-21,9,2025-11-30,0.99896871,0.00103129
SEG-050,2025-11-21,10,2025-12-01,0.99885399,0.00114601
SEG-050,2025-11-21,11,2025-12-02,0.99873925,0.00126075
SEG-050,2025-11-21,12,2025-12-03,0.99862448,0.00137552
SEG-050,2025-11-21,13,2025-12-04,0.99850968,0.00149032
SEG-050,2025-11-21,14,2025-12-05,0.99839486,0.00160514
SEG-050,2025-11-21,15,2025-12-06,0.99828001,0.00171999
SEG-050,2025-11-21,16,2025-12-07,0.99816514,0.00183486
SEG-050,2025-11-21,17,2025-12-08,0.99805024,0.00194976
SEG-050,2025-11-21,18,2025-12-09,0.99793531,0.00206469
SEG-050,2025-11-21,19,2025-12-10,0.99782036,0.00217964
SEG-050,2025-11-21,20,2025-12-11,0.99770539,0.00229461
SEG-050,2025-11-21,21,2025-12-12,0.99759038,0.00240962
SEG-050,2025-11-21,22,2025-12-13,0.99747536,0.00252464
SEG-050,2025-11-21,23,2025-12-14,0.99736031,0.00263969
SEG-050,2025-11-21,24,2025-12-15,0.99724523,0.00275477
SEG-050,2025-11-21,25,2025-12-16,0.99713013,0.00286987
SEG-050,2025-11-21,26,2025-12-17,0.997015,0.002985
SEG-050,2025-11-21,27,2025-12-18,0.99689985,0.00310015
SEG-050,2025-11-21,28,2025-12-19,0.99678467,0.00321533
SEG-050,2025-11-21,29,2025-12-20,0.99666947,0.00333053
SEG-050,2025-11-21,30,2025-12-21,0.99655424,0.00344576
SEG-051,2025-11-21,1,2025-11-22,0.99995301,4.699e-05
SEG-051,2025-11-21,2,2025-11-23,0.99990601,9.399e-05
SEG-051,2025-11-21,3,2025-11-24,0.999859,0.000141
SEG-051,2025-11-21,4,2025-11-25,0.99981197,0.00018803
SEG-051,2025-11-21,5,2025-11-26,0.99976492,0.00023508
SEG-051,2025-11-21,6,2025-11-27,0.99971787,0.00028213
SEG-051,2025-11-21,7,2025-11-28,0.99967079,0.00032921
SEG-051,2025-11-21,8,2025-11-29,0.99962371,0.00037629
SEG-051,2025-11-21,9,2025-11-30,0.99957661,0.00042339
SEG-051,2025-11-21,10,2025-12-01,0.9995295,0.0004705
SEG-051,2025-11-21,11,2025-12-02,0.99948237,0.00051763
SEG-051,2025-11-21,12,2025-12-03,0.99943523,0.00056477
SEG-051,2025-11-21,13,2025-12-04,0.99938808,0.00061192
SEG-051,2025-11-21,14,2025-12-05,0.99934091,0.00065909
SEG-051,2025-11-21,15,2025-12-06,0.99929373,0.00070627
SEG-051,2025-11-21,16,2025-12-07,0.99924653,0.00075347
SEG-051,2025-11-21,17,2025-12-08,0.99919932,0.00080068
SEG-051,2025-11-21,18,2025-12-09,0.9991521,0.0008479
SEG-051,2025-11-21,19,2025-12-10,0.99910486,0.00089514
SEG-051,2025-11-21,20,2025-12-11,0.99905761,0.00094239
SEG-051,2025-11-21,21,2025-12-12,0.99901035,0.00098965
SEG-051,2025-11-21,22,2025-12-13,0.99896307,0.00103693
SEG-051,2025-11-21,23,2025-12-14,0.99891578,0.00108422
SEG-051,2025-11-21,24,2025-12-15,0.99886847,0.00113153
SEG-051,2025-11-21,25,2025-12-16,0.99882115,0.00117885
SEG-051,2025-11-21,26,2025-12-17,0.99877382,0.00122618
SEG-051,2025-11-21,27,2025-12-18,0.99872647,0.00127353
SEG-051,2025-11-21,28,2025-12-19,0.99867912,0.00132088
SEG-051,2025-11-21,29,2025-12-20,0.99863174,0.00136826
SEG-051,2025-11-21,30,2025-12-21,0.99858436,0.00141564
SEG-052,2025-11-21,1,2025-11-22,0.99988664,0.00011336
SEG-052,2025-11-21,2,2025-11-23,0.99977326,0.00022674
SEG-052,2025-11-21,3,2025-11-24,0.99965985,0.00034015
SEG-052,2025-11-21,4,2025-11-25,0.99954641,0.00045359
SEG-052,2025-11-21,5,2025-11-26,0.99943295,0.00056705
SEG-052,2025-11-21,6,2025-11-27,0.99931946,0.00068054
SEG-052,2025-11-21,7,2025-11-28,0.99920595,0.00079405
SEG-052,2025-11-21,8,2025-11-29,0.99909241,0.00090759
SEG-052,2025-11-21,9,2025-11-30,0.99897884,0.00102116
SEG-052,2025-11-21,10,2025-12-01,0.99886525,0.00113475
SEG-052,2025-11-21,11,2025-12-02,0.99875163,0.00124837
SEG-052,2025-11-21,12,2025-12-03,0.99863799,0.00136201
SEG-052,2025-11-21,13,2025-12-04,0.99852432,0.00147568
SEG-052,2025-11-21,14,2025-12-05,0.99841063,0.00158937
SEG-052,2025-11-21,15,2025-12-06,0.99829691,0.00170309
SEG-052,2025-11-21,16,2025-12-07,0.99818316,0.00181684
SEG-052,2025-11-21,17,2025-12-08,0.99806939,0.00193061
SEG-052,2025-11-21,18,2025-12-09,0.99795559,0.00204441
SEG-052,2025-11-21,19,2025-12-10,0.99784177,0.00215823
SEG-052,2025-11-21,20,2025-12-11,0.99772792,0.00227208
SEG-052,2025-11-21,21,2025-12-12,0.99761405,0.00238595
SEG-052,2025-11-21,22,2025-12-13,0.99750015,0.00249985
SEG-052,2025-11-21,23,2025-12-14,0.99738622,0.00261378
SEG-052,2025-11-21,24,2025-12-15,0.99727228,0.00272772
SEG-052,2025-11-21,25,2025-12-16,0.9971583,0.0028417
SEG-052,2025-11-21,26,2025-12-17,0.9970443,0.0029557
SEG-052,2025-11-21,27,2025-12-18,0.99693028,0.00306972
SEG-052,2025-11-21,28,2025-12-19,0.99681623,0.00318377
SEG-052,2025-11-21,29,2025-12-20,0.99670216,0.00329784
SEG-052,2025-11-21,30,2025-12-21,0.99658806,0.00341194
SEG-053,2025-11-21,1,2025-11-22,0.99973484,0.00026516
SEG-053,2025-11-21,2,2025-11-23,0.99946966,0.00053034
SEG-053,2025-11-21,3,2025-11-24,0.99920446,0.00079554
SEG-053,2025-11-21,4,2025-11-25,0.99893924,0.00106076
SEG-053,2025-11-21,5,2025-11-26,0.998674,0.001326
SEG-053,2025-11-21,6,2025-11-27,0.99840874,0.00159126
SEG-053,2025-11-21,7,2025-11-28,0.99814346,0.00185654
SEG-053,2025-11-21,8,2025-11-29,0.99787816,0.00212184
SEG-053,2025-11-21,9,2025-11-30,0.99761283,0.00238717
SEG-053,2025-11-21,10,2025-12-01,0.99734749,0.00265251
SEG-053,2025-11-21,11,2025-12-02,0.99708213,0.00291787
SEG-053,2025-11-21,12,2025-12-03,0.99681674,0.00318326
SEG-053,2025-11-21,13,2025-12-04,0.99655134,0.00344866
SEG-053,2025-11-21,14,2025-12-05,0.99628592,0.00371408
SEG-053,2025-11-21,15,2025-12-06,0.99602048,0.00397952
SEG-053,2025-11-21,16,2025-12-07,0.99575502,0.00424498
SEG-053,2025-11-21,17,2025-12-08,0.99548954,0.00451046
SEG-053,2025-11-21,18,2025-12-09,0.99522404,0.00477596
SEG-053,2025-11-21,19,2025-12-10,0.99495852,0.00504148
SEG-053,2025-11-21,20,2025-12-11,0.99469298,0.00530702
SEG-053,2025-11-21,21,2025-12-12,0.99442743,0.00557257
SEG-053,2025-11-21,22,2025-12-13,0.99416186,0.00583814
SEG-053,2025-11-21,23,2025-12-14,0.99389627,0.00610373
SEG-053,2025-11-21,24,2025-12-15,0.99363066,0.00636934
SEG-053,2025-11-21,25,2025-12-16,0.99336503,0.00663497
SEG-053,2025-11-21,26,2025-12-17,0.99309939,0.00690061
SEG-053,2025-11-21,27,2025-12-18,0.99283373,0.00716627
SEG-053,2025-11-21,28,2025-12-19,0.99256805,0.00743195
SEG-053,2025-11-21,29,2025-12-20,0.99230235,0.00769765
SEG-053,2025-11-21,30,2025-12-21,0.99203664,0.00796336
SEG-054,2025-11-21,1,2025-11-22,0.99987338,0.00012662
SEG-054,2025-11-21,2,2025-11-23,0.99974672,0.00025328
SEG-054,2025-11-21,3,2025-11-24,0.99962004,0.00037996
SEG-054,2025-11-21,4,2025-11-25,0.99949333,0.00050667
SEG-054,2025-11-21,5,2025-11-26,0.9993666,0.0006334
SEG-054,2025-11-21,6,2025-11-27,0.99923984,0.00076016
SEG-054,2025-11-21,7,2025-11-28,0.99911305,0.00088695
SEG-054,2025-11-21,8,2025-11-29,0.99898623,0.00101377
SEG-054,2025-11-21,9,2025-11-30,0.99885938,0.00114062
SEG-054,2025-11-21,10,2025-12-01,0.99873251,0.00126749
SEG-054,2025-11-21,11,2025-12-02,0.99860561,0.00139439
SEG-054,2025-11-21,12,2025-12-03,0.99847868,0.00152132
SEG-054,2025-11-21,13,2025-12-04,0.99835173,0.00164827
SEG-054,2025-11-21,14,2025-12-05,0.99822475,0.00177525
SEG-054,2025-11-21,15,2025-12-06,0.99809774,0.00190226
SEG-054,2025-11-21,16,2025-12-07,0.99797071,0.00202929
SEG-054,2025-11-21,17,2025-12-08,0.99784365,0.00215635
SEG-054,2025-11-21,18,2025-12-09,0.99771656,0.00228344
SEG-054,2025-11-21,19,2025-12-10,0.99758945,0.00241055
SEG-054,2025-11-21,20,2025-12-11,0.9974623,0.0025377
SEG-054,2025-11-21,21,2025-12-12,0.99733514,0.00266486
SEG-054,2025-11-21,22,2025-12-13,0.99720794,0.00279206
SEG-054,2025-11-21,23,2025-12-14,0.99708072,0.00291928
SEG-054,2025-11-21,24,2025-12-15,0.99695348,0.00304652
SEG-054,2025-11-21,25,2025-12-16,0.9968262,0.0031738
SEG-054,2025-11-21,26,2025-12-17,0.9966989,0.0033011
SEG-054,2025-11-21,27,2025-12-18,0.99657158,0.00342842
SEG-054,2025-11-21,28,2025-12-19,0.99644422,0.00355578
SEG-054,2025-11-21,29,2025-12-20,0.99631685,0.00368315
SEG-054,2025-11-21,30,2025-12-21,0.99618944,0.00381056
SEG-055,2025-11-21,1,2025-11-22,0.99964018,0.00035982
SEG-055,2025-11-21,2,2025-11-23,0.99928036,0.00071964
SEG-055,2025-11-21,3,2025-11-24,0.99892055,0.00107945
SEG-055,2025-11-21,4,2025-11-25,0.99856074,0.00143926
SEG-055,2025-11-21,5,2025-11-26,0.99820094,0.00179906
SEG-055,2025-11-21,6,2025-11-27,0.99784114,0.00215886
SEG-055,2025-11-21,7,2025-11-28,0.99748135,0.00251865
SEG-055,2025-11-21,8,2025-11-29,0.99712157,0.00287843
SEG-055,2025-11-21,9,2025-11-30,0.9967618,0.0032382
SEG-055,2025-11-21,10,2025-12-01,0.99640203,0.00359797
SEG-055,2025-11-21,11,2025-12-02,0.99604227,0.00395773
SEG-055,2025-11-21,12,2025-12-03,0.99568251,0.00431749
SEG-055,2025-11-21,13,2025-12-04,0.99532277,0.00467723
SEG-055,2025-11-21,14,2025-12-05,0.99496303,0.00503697
SEG-055,2025-11-21,15,2025-12-06,0.9946033,0.0053967
SEG-055,2025-11-21,16,2025-12-07,0.99424357,0.00575643
SEG-055,2025-11-21,17,2025-12-08,0.99388386,0.00611614
SEG-055,2025-11-21,18,2025-12-09,0.99352415,0.00647585
SEG-055,2025-11-21,19,2025-12-10,0.99316446,0.00683554
SEG-055,2025-11-21,20,2025-12-11,0.99280477,0.00719523
SEG-055,2025-11-21,21,2025-12-12,0.99244509,0.00755491
SEG-055,2025-11-21,22,2025-12-13,0.99208542,0.00791458
SEG-055,2025-11-21,23,2025-12-14,0.99172577,0.00827423
SEG-055,2025-11-21,24,2025-12-15,0.99136612,0.00863388
SEG-055,2025-11-21,25,2025-12-16,0.99100648,0.00899352
SEG-055,2025-11-21,26,2025-12-17,0.99064685,0.00935315
SEG-055,2025-11-21,27,2025-12-18,0.99028723,0.00971277
SEG-055,2025-11-21,28,2025-12-19,0.98992763,0.01007237
SEG-055,2025-11-21,29,2025-12-20,0.98956803,0.01043197
SEG-055,2025-11-21,30,2025-12-21,0.98920845,0.01079155
SEG-056,2025-11-21,1,2025-11-22,0.99980301,0.00019699
SEG-056,2025-11-21,2,2025-11-23,0.99960599,0.00039401
SEG-056,2025-11-21,3,2025-11-24,0.99940894,0.00059106
SEG-056,2025-11-21,4,2025-11-25,0.99921187,0.00078813
SEG-056,2025-11-21,5,2025-11-26,0.99901476,0.00098524
SEG-056,2025-11-21,6,2025-11-27,0.99881762,0.00118238
SEG-056,2025-11-21,7,2025-11-28,0.99862046,0.00137954
SEG-056,2025-11-21,8,2025-11-29,0.99842327,0.00157673
SEG-056,2025-11-21,9,2025-11-30,0.99822605,0.00177395
SEG-056,2025-11-21,10,2025-12-01,0.9980288,0.0019712
SEG-056,2025-11-21,11,2025-12-02,0.99783152,0.00216848
SEG-056,2025-11-21,12,2025-12-03,0.99763421,0.00236579
SEG-056,2025-11-21,13,2025-12-04,0.99743688,0.00256312
SEG-056,2025-11-21,14,2025-12-05,0.99723952,0.00276048
SEG-056,2025-11-21,15,2025-12-06,0.99704213,0.00295787
SEG-056,2025-11-21,16,2025-12-07,0.99684471,0.00315529
SEG-056,2025-11-21,17,2025-12-08,0.99664727,0.00335273
SEG-056,2025-11-21,18,2025-12-09,0.99644979,0.00355021
SEG-056,2025-11-21,19,2025-12-10,0.99625229,0.00374771
SEG-056,2025-11-21,20,2025-12-11,0.99605476,0.00394524
SEG-056,2025-11-21,21,2025-12-12,0.99585721,0.00414279
SEG-056,2025-11-21,22,2025-12-13,0.99565963,0.00434037
SEG-056,2025-11-21,23,2025-12-14,0.99546202,0.00453798
SEG-056,2025-11-21,24,2025-12-15,0.99526438,0.00473562
SEG-056,2025-11-21,25,2025-12-16,0.99506672,0.00493328
SEG-056,2025-11-21,26,2025-12-17,0.99486903,0.00513097
SEG-056,2025-11-21,27,2025-12-18,0.99467131,0.00532869
SEG-056,2025-11-21,28,2025-12-19,0.99447357,0.00552643
SEG-056,2025-11-21,29,2025-12-20,0.9942758,0.0057242
SEG-056,2025-11-21,30,2025-12-21,0.994078,0.005922
SEG-057,2025-11-21,1,2025-11-22,0.99986067,0.00013933
SEG-057,2025-11-21,2,2025-11-23,0.99972131,0.00027869
SEG-057,2025-11-21,3,2025-11-24,0.99958192,0.00041808
SEG-057,2025-11-21,4,2025-11-25,0.99944251,0.00055749
SEG-057,2025-11-21,5,2025-11-26,0.99930306,0.00069694
SEG-057,2025-11-21,6,2025-11-27,0.99916359,0.00083641
SEG-057,2025-11-21,7,2025-11-28,0.99902409,0.00097591
SEG-057,2025-11-21,8,2025-11-29,0.99888456,0.00111544
SEG-057,2025-11-21,9,2025-11-30,0.998745,0.001255
SEG-057,2025-11-21,10,2025-12-01,0.99860542,0.00139458
SEG-057,2025-11-21,11,2025-12-02,0.9984658,0.0015342
SEG-057,2025-11-21,12,2025-12-03,0.99832616,0.00167384
SEG-057,2025-11-21,13,2025-12-04,0.99818649,0.00181351
SEG-057,2025-11-21,14,2025-12-05,0.99804679,0.00195321
SEG-057,2025-11-21,15,2025-12-06,0.99790706,0.00209294
SEG-057,2025-11-21,16,2025-12-07,0.99776731,0.00223269
SEG-057,2025-11-21,17,2025-12-08,0.99762753,0.00237247
SEG-057,2025-11-21,18,2025-12-09,0.99748772,0.00251228
SEG-057,2025-11-21,19,2025-12-10,0.99734788,0.00265212
SEG-057,2025-11-21,20,2025-12-11,0.99720802,0.00279198
SEG-057,2025-11-21,21,2025-12-12,0.99706813,0.00293187
SEG-057,2025-11-21,22,2025-12-13,0.99692821,0.00307179
SEG-057,2025-11-21,23,2025-12-14,0.99678826,0.00321174
SEG-057,2025-11-21,24,2025-12-15,0.99664829,0.00335171
SEG-057,2025-11-21,25,2025-12-16,0.99650829,0.00349171
SEG-057,2025-11-21,26,2025-12-17,0.99636826,0.00363174
SEG-057,2025-11-21,27,2025-12-18,0.99622821,0.00377179
SEG-057,2025-11-21,28,2025-12-19,0.99608813,0.00391187
SEG-057,2025-11-21,29,2025-12-20,0.99594802,0.00405198
SEG-057,2025-11-21,30,2025-12-21,0.99580788,0.00419212
SEG-058,2025-11-21,1,2025-11-22,0.9998515,0.0001485
SEG-058,2025-11-21,2,2025-11-23,0.99970296,0.00029704
SEG-058,2025-11-21,3,2025-11-24,0.9995544,0.0004456
SEG-058,2025-11-21,4,2025-11-25,0.99940581,0.00059419
SEG-058,2025-11-21,5,2025-11-26,0.99925719,0.00074281
SEG-058,2025-11-21,6,2025-11-27,0.99910854,0.00089146
SEG-058,2025-11-21,7,2025-11-28,0.99895986,0.00104014
SEG-058,2025-11-21,8,2025-11-29,0.99881115,0.00118885
SEG-058,2025-11-21,9,2025-11-30,0.99866241,0.00133759
SEG-058,2025-11-21,10,2025-12-01,0.99851365,0.00148635
SEG-058,2025-11-21,11,2025-12-02,0.99836485,0.00163515
SEG-058,2025-11-21,12,2025-12-03,0.99821603,0.00178397
SEG-058,2025-11-21,13,2025-12-04,0.99806718,0.00193282
SEG-058,2025-11-21,14,2025-12-05,0.9979183,0.0020817
SEG-058,2025-11-21,15,2025-12-06,0.9977694,0.0022306
SEG-058,2025-11-21,16,2025-12-07,0.99762046,0.00237954
SEG-058,2025-11-21,17,2025-12-08,0.9974715,0.0025285
SEG-058,2025-11-21,18,2025-12-09,0.9973225,0.0026775
SEG-058,2025-11-21,19,2025-12-10,0.99717348,0.00282652
SEG-058,2025-11-21,20,2025-12-11,0.99702444,0.00297556
SEG-058,2025-11-21,21,2025-12-12,0.99687536,0.00312464
SEG-058,2025-11-21,22,2025-12-13,0.99672626,0.00327374
SEG-058,2025-11-21,23,2025-12-14,0.99657713,0.00342287
SEG-058,2025-11-21,24,2025-12-15,0.99642797,0.00357203
SEG-058,2025-11-21,25,2025-12-16,0.99627878,0.00372122
SEG-058,2025-11-21,26,2025-12-17,0.99612957,0.00387043
SEG-058,2025-11-21,27,2025-12-18,0.99598033,0.00401967
SEG-058,2025-11-21,28,2025-12-19,0.99583106,0.00416894
SEG-058,2025-11-21,29,2025-12-20,0.99568176,0.00431824
SEG-058,2025-11-21,30,2025-12-21,0.99553244,0.00446756
SEG-059,2025-11-21,1,2025-11-22,0.9999581,4.19e-05
SEG-059,2025-11-21,2,2025-11-23,0.99991618,8.382e-05
SEG-059,2025-11-21,3,2025-11-24,0.99987425,0.00012575
SEG-059,2025-11-21,4,2025-11-25,0.99983231,0.00016769
SEG-059,2025-11-21,5,2025-11-26,0.99979035,0.00020965
SEG-059,2025-11-21,6,2025-11-27,0.99974838,0.00025162
SEG-059,2025-11-21,7,2025-11-28,0.9997064,0.0002936
SEG-059,2025-11-21,8,2025-11-29,0.99966441,0.00033559
SEG-059,2025-11-21,9,2025-11-30,0.9996224,0.0003776
SEG-059,2025-11-21,10,2025-12-01,0.99958038,0.00041962
SEG-059,2025-11-21,11,2025-12-02,0.99953835,0.00046165
SEG-059,2025-11-21,12,2025-12-03,0.99949631,0.00050369
SEG-059,2025-11-21,13,2025-12-04,0.99945425,0.00054575
SEG-059,2025-11-21,14,2025-12-05,0.99941218,0.00058782
SEG-059,2025-11-21,15,2025-12-06,0.9993701,0.0006299
SEG-059,2025-11-21,16,2025-12-07,0.99932801,0.00067199
SEG-059,2025-11-21,17,2025-12-08,0.9992859,0.0007141
SEG-059,2025-11-21,18,2025-12-09,0.99924378,0.00075622
SEG-059,2025-11-21,19,2025-12-10,0.99920165,0.00079835
SEG-059,2025-11-21,20,2025-12-11,0.99915951,0.00084049
SEG-059,2025-11-21,21,2025-12-12,0.99911735,0.00088265
SEG-059,2025-11-21,22,2025-12-13,0.99907519,0.00092481
SEG-059,2025-11-21,23,2025-12-14,0.999033,0.000967
SEG-059,2025-11-21,24,2025-12-15,0.99899081,0.00100919
SEG-059,2025-11-21,25,2025-12-16,0.99894861,0.00105139
SEG-059,2025-11-21,26,2025-12-17,0.99890639,0.00109361
SEG-059,2025-11-21,27,2025-12-18,0.99886416,0.00113584
SEG-059,2025-11-21,28,2025-12-19,0.99882192,0.00117808
SEG-059,2025-11-21,29,2025-12-20,0.99877966,0.00122034
SEG-059,2025-11-21,30,2025-12-21,0.9987374,0.0012626
SEG-060,2025-11-21,1,2025-11-22,0.99970991,0.00029009
SEG-060,2025-11-21,2,2025-11-23,0.99941979,0.00058021
SEG-060,2025-11-21,3,2025-11-24,0.99912967,0.00087033
SEG-060,2025-11-21,4,2025-11-25,0.99883953,0.00116047
SEG-060,2025-11-21,5,2025-11-26,0.99854937,0.00145063
SEG-060,2025-11-21,6,2025-11-27,0.99825919,0.00174081
SEG-060,2025-11-21,7,2025-11-28,0.99796901,0.00203099
SEG-060,2025-11-21,8,2025-11-29,0.9976788,0.0023212
SEG-060,2025-11-21,9,2025-11-30,0.99738858,0.00261142
SEG-060,2025-11-21,10,2025-12-01,0.99709835,0.00290165
SEG-060,2025-11-21,11,2025-12-02,0.9968081,0.0031919
SEG-060,2025-11-21,12,2025-12-03,0.99651784,0.00348216
SEG-060,2025-11-21,13,2025-12-04,0.99622757,0.00377243
SEG-060,2025-11-21,14,2025-12-05,0.99593728,0.00406272
SEG-060,2025-11-21,15,2025-12-06,0.99564697,0.00435303
SEG-060,2025-11-21,16,2025-12-07,0.99535665,0.00464335
SEG-060,2025-11-21,17,2025-12-08,0.99506632,0.00493368
SEG-060,2025-11-21,18,2025-12-09,0.99477598,0.00522402
SEG-060,2025-11-21,19,2025-12-10,0.99448562,0.00551438
SEG-060,2025-11-21,20,2025-12-11,0.99419525,0.00580475
SEG-060,2025-11-21,21,2025-12-12,0.99390487,0.00609513
SEG-060,2025-11-21,22,2025-12-13,0.99361447,0.00638553
SEG-060,2025-11-21,23,2025-12-14,0.99332406,0.00667594
SEG-060,2025-11-21,24,2025-12-15,0.99303364,0.00696636
SEG-060,2025-11-21,25,2025-12-16,0.99274321,0.00725679
SEG-060,2025-11-21,26,2025-12-17,0.99245276,0.00754724
SEG-060,2025-11-21,27,2025-12-18,0.9921623,0.0078377
SEG-060,2025-11-21,28,2025-12-19,0.99187183,0.00812817
SEG-060,2025-11-21,29,2025-12-20,0.99158135,0.00841865
SEG-060,2025-11-21,30,2025-12-21,0.99129086,0.00870914
SEG-061,2025-11-21,1,2025-11-22,0.99959916,0.00040084
SEG-061,2025-11-21,2,2025-11-23,0.99919833,0.00080167
SEG-061,2025-11-21,3,2025-11-24,0.99879753,0.00120247
SEG-061,2025-11-21,4,2025-11-25,0.99839675,0.00160325
SEG-061,2025-11-21,5,2025-11-26,0.997996,0.002004
SEG-061,2025-11-21,6,2025-11-27,0.99759527,0.00240473
SEG-061,2025-11-21,7,2025-11-28,0.99719456,0.00280544
SEG-061,2025-11-21,8,2025-11-29,0.99679388,0.00320612
SEG-061,2025-11-21,9,2025-11-30,0.99639322,0.00360678
SEG-061,2025-11-21,10,2025-12-01,0.99599258,0.00400742
SEG-061,2025-11-21,11,2025-12-02,0.99559197,0.00440803
SEG-061,2025-11-21,12,2025-12-03,0.99519138,0.00480862
SEG-061,2025-11-21,13,2025-12-04,0.99479082,0.00520918
SEG-061,2025-11-21,14,2025-12-05,0.99439029,0.00560971
SEG-061,2025-11-21,15,2025-12-06,0.99398977,0.00601023
SEG-061,2025-11-21,16,2025-12-07,0.99358929,0.00641071
SEG-061,2025-11-21,17,2025-12-08,0.99318883,0.00681117
SEG-061,2025-11-21,18,2025-12-09,0.9927884,0.0072116
SEG-061,2025-11-21,19,2025-12-10,0.99238799,0.00761201
SEG-061,2025-11-21,20,2025-12-11,0.99198761,0.00801239
SEG-061,2025-11-21,21,2025-12-12,0.99158726,0.00841274
SEG-061,2025-11-21,22,2025-12-13,0.99118693,0.00881307
SEG-061,2025-11-21,23,2025-12-14,0.99078663,0.00921337
SEG-061,2025-11-21,24,2025-12-15,0.99038636,0.00961364
SEG-061,2025-11-21,25,2025-12-16,0.98998612,0.01001388
SEG-061,2025-11-21,26,2025-12-17,0.9895859,0.0104141
SEG-061,2025-11-21,27,2025-12-18,0.98918572,0.01081428
SEG-061,2025-11-21,28,2025-12-19,0.98878556,0.01121444
SEG-061,2025-11-21,29,2025-12-20,0.98838543,0.01161457
SEG-061,2025-11-21,30,2025-12-21,0.98798533,0.01201467
SEG-062,2025-11-21,1,2025-11-22,0.99977466,0.00022534
SEG-062,2025-11-21,2,2025-11-23,0.9995493,0.0004507
SEG-062,2025-11-21,3,2025-11-24,0.9993239,0.0006761
SEG-062,2025-11-21,4,2025-11-25,0.99909848,0.00090152
SEG-062,2025-11-21,5,2025-11-26,0.99887304,0.00112696
SEG-062,2025-11-21,6,2025-11-27,0.99864757,0.00135243
SEG-062,2025-11-21,7,2025-11-28,0.99842207,0.00157793
SEG-062,2025-11-21,8,2025-11-29,0.99819654,0.00180346
SEG-062,2025-11-21,9,2025-11-30,0.99797099,0.00202901
SEG-062,2025-11-21,10,2025-12-01,0.99774541,0.00225459
SEG-062,2025-11-21,11,2025-12-02,0.99751981,0.00248019
SEG-062,2025-11-21,12,2025-12-03,0.99729418,0.00270582
SEG-062,2025-11-21,13,2025-12-04,0.99706853,0.00293147
SEG-062,2025-11-21,14,2025-12-05,0.99684285,0.00315715
SEG-062,2025-11-21,15,2025-12-06,0.99661714,0.00338286
SEG-062,2025-11-21,16,2025-12-07,0.99639141,0.00360859
SEG-062,2025-11-21,17,2025-12-08,0.99616565,0.00383435
SEG-062,2025-11-21,18,2025-12-09,0.99593987,0.00406013
SEG-062,2025-11-21,19,2025-12-10,0.99571406,0.00428594
SEG-062,2025-11-21,20,2025-12-11,0.99548823,0.00451177
SEG-062,2025-11-21,21,2025-12-12,0.99526238,0.00473762
SEG-062,2025-11-21,22,2025-12-13,0.99503649,0.00496351
SEG-062,2025-11-21,23,2025-12-14,0.99481059,0.00518941
SEG-062,2025-11-21,24,2025-12-15,0.99458466,0.00541534
SEG-062,2025-11-21,25,2025-12-16,0.99435871,0.00564129
SEG-062,2025-11-21,26,2025-12-17,0.99413273,0.00586727
SEG-062,2025-11-21,27,2025-12-18,0.99390673,0.00609327
SEG-062,2025-11-21,28,2025-12-19,0.9936807,0.0063193
SEG-062,2025-11-21,29,2025-12-20,0.99345465,0.00654535
SEG-062,2025-11-21,30,2025-12-21,0.99322858,0.00677142
SEG-063,2025-11-21,1,2025-11-22,0.99970849,0.00029151
SEG-063,2025-11-21,2,2025-11-23,0.99941696,0.00058304
SEG-063,2025-11-21,3,2025-11-24,0.99912541,0.00087459
SEG-063,2025-11-21,4,2025-11-25,0.99883385,0.00116615
SEG-063,2025-11-21,5,2025-11-26,0.99854228,0.00145772
SEG-063,2025-11-21,6,2025-11-27,0.99825069,0.00174931
SEG-063,2025-11-21,7,2025-11-28,0.99795908,0.00204092
SEG-063,2025-11-21,8,2025-11-29,0.99766746,0.00233254
SEG-063,2025-11-21,9,2025-11-30,0.99737583,0.00262417
SEG-063,2025-11-21,10,2025-12-01,0.99708418,0.00291582
SEG-063,2025-11-21,11,2025-12-02,0.99679251,0.00320749
SEG-063,2025-11-21,12,2025-12-03,0.99650084,0.00349916
SEG-063,2025-11-21,13,2025-12-04,0.99620914,0.00379086
SEG-063,2025-11-21,14,2025-12-05,0.99591744,0.00408256
SEG-063,2025-11-21,15,2025-12-06,0.99562572,0.00437428
SEG-063,2025-11-21,16,2025-12-07,0.99533399,0.00466601
SEG-063,2025-11-21,17,2025-12-08,0.99504225,0.00495775
SEG-063,2025-11-21,18,2025-12-09,0.99475049,0.00524951
SEG-063,2025-11-21,19,2025-12-10,0.99445872,0.00554128
SEG-063,2025-11-21,20,2025-12-11,0.99416693,0.00583307
SEG-063,2025-11-21,21,2025-12-12,0.99387514,0.00612486
SEG-063,2025-11-21,22,2025-12-13,0.99358333,0.00641667
SEG-063,2025-11-21,23,2025-12-14,0.99329151,0.00670849
SEG-063,2025-11-21,24,2025-12-15,0.99299968,0.00700032
SEG-063,2025-11-21,25,2025-12-16,0.99270783,0.00729217
SEG-063,2025-11-21,26,2025-12-17,0.99241598,0.00758402
SEG-063,2025-11-21,27,2025-12-18,0.99212411,0.00787589
SEG-063,2025-11-21,28,2025-12-19,0.99183223,0.00816777
SEG-063,2025-11-21,29,2025-12-20,0.99154034,0.00845966
SEG-063,2025-11-21,30,2025-12-21,0.99124844,0.00875156
SEG-064,2025-11-21,1,2025-11-22,0.9994536,0.0005464
SEG-064,2025-11-21,2,2025-11-23,0.99890731,0.00109269
SEG-064,2025-11-21,3,2025-11-24,0.99836113,0.00163887
SEG-064,2025-11-21,4,2025-11-25,0.99781506,0.00218494
SEG-064,2025-11-21,5,2025-11-26,0.9972691,0.0027309
SEG-064,2025-11-21,6,2025-11-27,0.99672325,0.00327675
SEG-064,2025-11-21,7,2025-11-28,0.99617751,0.00382249
SEG-064,2025-11-21,8,2025-11-29,0.99563189,0.00436811
SEG-064,2025-11-21,9,2025-11-30,0.99508638,0.00491362
SEG-064,2025-11-21,10,2025-12-01,0.99454098,0.00545902
SEG-064,2025-11-21,11,2025-12-02,0.99399569,0.00600431
SEG-064,2025-11-21,12,2025-12-03,0.99345052,0.00654948
SEG-064,2025-11-21,13,2025-12-04,0.99290546,0.00709454
SEG-064,2025-11-21,14,2025-12-05,0.99236051,0.00763949
SEG-064,2025-11-21,15,2025-12-06,0.99181568,0.00818432
SEG-064,2025-11-21,16,2025-12-07,0.99127097,0.00872903
SEG-064,2025-11-21,17,2025-12-08,0.99072636,0.00927364
SEG-064,2025-11-21,18,2025-12-09,0.99018188,0.00981812
SEG-064,2025-11-21,19,2025-12-10,0.98963751,0.01036249
SEG-064,2025-11-21,20,2025-12-11,0.98909325,0.01090675
SEG-064,2025-11-21,21,2025-12-12,0.98854912,0.01145088
SEG-064,2025-11-21,22,2025-12-13,0.98800509,0.01199491
SEG-064,2025-11-21,23,2025-12-14,0.98746119,0.01253881
SEG-064,2025-11-21,24,2025-12-15,0.9869174,0.0130826
SEG-064,2025-11-21,25,2025-12-16,0.98637374,0.01362626
SEG-064,2025-11-21,26,2025-12-17,0.98583018,0.01416982
SEG-064,2025-11-21,27,2025-12-18,0.98528675,0.01471325
SEG-064,2025-11-21,28,2025-12-19,0.98474344,0.01525656
SEG-064,2025-11-21,29,2025-12-20,0.98420024,0.01579976
SEG-064,2025-11-21,30,2025-12-21,0.98365717,0.01634283
SEG-065,2025-11-21,1,2025-11-22,0.99927987,0.00072013
SEG-065,2025-11-21,2,2025-11-23,0.99856,0.00144
SEG-065,2025-11-21,3,2025-11-24,0.99784041,0.00215959
SEG-065,2025-11-21,4,2025-11-25,0.99712108,0.00287892
SEG-065,2025-11-21,5,2025-11-26,0.99640203,0.00359797
SEG-065,2025-11-21,6,2025-11-27,0.99568325,0.00431675
SEG-065,2025-11-21,7,2025-11-28,0.99496474,0.00503526
SEG-065,2025-11-21,8,2025-11-29,0.99424651,0.00575349
SEG-065,2025-11-21,9,2025-11-30,0.99352854,0.00647146
SEG-065,2025-11-21,10,2025-12-01,0.99281085,0.00718915
SEG-065,2025-11-21,11,2025-12-02,0.99209344,0.00790656
SEG-065,2025-11-21,12,2025-12-03,0.9913763,0.0086237
SEG-065,2025-11-21,13,2025-12-04,0.99065943,0.00934057
SEG-065,2025-11-21,14,2025-12-05,0.98994284,0.01005716
SEG-065,2025-11-21,15,2025-12-06,0.98922652,0.01077348
SEG-065,2025-11-21,16,2025-12-07,0.98851048,0.01148952
SEG-065,2025-11-21,17,2025-12-08,0.98779472,0.01220528
SEG-065,2025-11-21,18,2025-12-09,0.98707923,0.01292077
SEG-065,2025-11-21,19,2025-12-10,0.98636402,0.01363598
SEG-065,2025-11-21,20,2025-12-11,0.98564909,0.01435091
SEG-065,2025-11-21,21,2025-12-12,0.98493444,0.01506556
SEG-065,2025-11-21,22,2025-12-13,0.98422006,0.01577994
SEG-065,2025-11-21,23,2025-12-14,0.98350596,0.01649404
SEG-065,2025-11-21,24,2025-12-15,0.98279214,0.01720786
SEG-065,2025-11-21,25,2025-12-16,0.98207861,0.01792139
SEG-065,2025-11-21,26,2025-12-17,0.98136535,0.01863465
SEG-065,2025-11-21,27,2025-12-18,0.98065237,0.01934763
SEG-065,2025-11-21,28,2025-12-19,0.97993967,0.02006033
SEG-065,2025-11-21,29,2025-12-20,0.97922725,0.02077275
SEG-065,2025-11-21,30,2025-12-21,0.97851512,0.02148488
SEG-066,2025-11-21,1,2025-11-22,0.9994057,0.0005943
SEG-066,2025-11-21,2,2025-11-23,0.99881154,0.00118846
SEG-066,2025-11-21,3,2025-11-24,0.99821753,0.00178247
SEG-066,2025-11-21,4,2025-11-25,0.99762367,0.00237633
SEG-066,2025-11-21,5,2025-11-26,0.99702996,0.00297004
SEG-066,2025-11-21,6,2025-11-27,0.9964364,0.0035636
SEG-066,2025-11-21,7,2025-11-28,0.99584299,0.00415701
SEG-066,2025-11-21,8,2025-11-29,0.99524973,0.00475027
SEG-066,2025-11-21,9,2025-11-30,0.99465662,0.00534338
SEG-066,2025-11-21,10,2025-12-01,0.99406367,0.00593633
SEG-066,2025-11-21,11,2025-12-02,0.99347086,0.00652914
SEG-066,2025-11-21,12,2025-12-03,0.9928782,0.0071218
SEG-066,2025-11-21,13,2025-12-04,0.9922857,0.0077143
SEG-066,2025-11-21,14,2025-12-05,0.99169335,0.00830665
SEG-066,2025-11-21,15,2025-12-06,0.99110115,0.00889885
SEG-066,2025-11-21,16,2025-12-07,0.99050911,0.00949089
SEG-066,2025-11-21,17,2025-12-08,0.98991721,0.01008279
SEG-066,2025-11-21,18,2025-12-09,0.98932548,0.01067452
SEG-066,2025-11-21,19,2025-12-10,0.98873389,0.01126611
SEG-066,2025-11-21,20,2025-12-11,0.98814247,0.01185753
SEG-066,2025-11-21,21,2025-12-12,0.98755119,0.01244881
SEG-066,2025-11-21,22,2025-12-13,0.98696007,0.01303993
SEG-066,2025-11-21,23,2025-12-14,0.98636911,0.01363089
SEG-066,2025-11-21,24,2025-12-15,0.98577831,0.01422169
SEG-066,2025-11-21,25,2025-12-16,0.98518766,0.01481234
SEG-066,2025-11-21,26,2025-12-17,0.98459716,0.01540284
SEG-066,2025-11-21,27,2025-12-18,0.98400683,0.01599317
SEG-066,2025-11-21,28,2025-12-19,0.98341665,0.01658335
SEG-066,2025-11-21,29,2025-12-20,0.98282663,0.01717337
SEG-066,2025-11-21,30,2025-12-21,0.98223676,0.01776324
SEG-067,2025-11-21,1,2025-11-22,0.99980537,0.00019463
SEG-067,2025-11-21,2,2025-11-23,0.9996107,0.0003893
SEG-067,2025-11-21,3,2025-11-24,0.99941601,0.00058399
SEG-067,2025-11-21,4,2025-11-25,0.99922129,0.00077871
SEG-067,2025-11-21,5,2025-11-26,0.99902654,0.00097346
SEG-067,2025-11-21,6,2025-11-27,0.99883176,0.00116824
SEG-067,2025-11-21,7,2025-11-28,0.99863695,0.00136305
SEG-067,2025-11-21,8,2025-11-29,0.99844211,0.00155789
SEG-067,2025-11-21,9,2025-11-30,0.99824724,0.00175276
SEG-067,2025-11-21,10,2025-12-01,0.99805235,0.00194765
SEG-067,2025-11-21,11,2025-12-02,0.99785743,0.00214257
SEG-067,2025-11-21,12,2025-12-03,0.99766247,0.00233753
SEG-067,2025-11-21,13,2025-12-04,0.99746749,0.00253251
SEG-067,2025-11-21,14,2025-12-05,0.99727249,0.00272751
SEG-067,2025-11-21,15,2025-12-06,0.99707745,0.00292255
SEG-067,2025-11-21,16,2025-12-07,0.99688239,0.00311761
SEG-067,2025-11-21,17,2025-12-08,0.9966873,0.0033127
SEG-067,2025-11-21,18,2025-12-09,0.99649218,0.00350782
SEG-067,2025-11-21,19,2025-12-10,0.99629703,0.00370297
SEG-067,2025-11-21,20,2025-12-11,0.99610186,0.00389814
SEG-067,2025-11-21,21,2025-12-12,0.99590665,0.00409335
SEG-067,2025-11-21,22,2025-12-13,0.99571142,0.00428858
SEG-067,2025-11-21,23,2025-12-14,0.99551617,0.00448383
SEG-067,2025-11-21,24,2025-12-15,0.99532088,0.00467912
SEG-067,2025-11-21,25,2025-12-16,0.99512557,0.00487443
SEG-067,2025-11-21,26,2025-12-17,0.99493024,0.00506976
SEG-067,2025-11-21,27,2025-12-18,0.99473487,0.00526513
SEG-067,2025-11-21,28,2025-12-19,0.99453948,0.00546052
SEG-067,2025-11-21,29,2025-12-20,0.99434406,0.00565594
SEG-067,2025-11-21,30,2025-12-21,0.99414862,0.00585138
SEG-068,2025-11-21,1,2025-11-22,0.99977754,0.00022246
SEG-068,2025-11-21,2,2025-11-23,0.99955505,0.00044495
SEG-068,2025-11-21,3,2025-11-24,0.99933253,0.00066747
SEG-068,2025-11-21,4,2025-11-25,0.99910999,0.00089001
SEG-068,2025-11-21,5,2025-11-26,0.99888742,0.00111258
SEG-068,2025-11-21,6,2025-11-27,0.99866482,0.00133518
SEG-068,2025-11-21,7,2025-11-28,0.9984422,0.0015578
SEG-068,2025-11-21,8,2025-11-29,0.99821955,0.00178045
SEG-068,2025-11-21,9,2025-11-30,0.99799687,0.00200313
SEG-068,2025-11-21,10,2025-12-01,0.99777417,0.00222583
SEG-068,2025-11-21,11,2025-12-02,0.99755144,0.00244856
SEG-068,2025-11-21,12,2025-12-03,0.99732868,0.00267132
SEG-068,2025-11-21,13,2025-12-04,0.9971059,0.0028941
SEG-068,2025-11-21,14,2025-12-05,0.99688309,0.00311691
SEG-068,2025-11-21,15,2025-12-06,0.99666026,0.00333974
SEG-068,2025-11-21,16,2025-12-07,0.9964374,0.0035626
SEG-068,2025-11-21,17,2025-12-08,0.99621452,0.00378548
SEG-068,2025-11-21,18,2025-12-09,0.99599161,0.00400839
SEG-068,2025-11-21,19,2025-12-10,0.99576867,0.00423133
SEG-068,2025-11-21,20,2025-12-11,0.99554571,0.00445429
SEG-068,2025-11-21,21,2025-12-12,0.99532272,0.00467728
SEG-068,2025-11-21,22,2025-12-13,0.99509971,0.00490029
SEG-068,2025-11-21,23,2025-12-14,0.99487668,0.00512332
SEG-068,2025-11-21,24,2025-12-15,0.99465362,0.00534638
SEG-068,2025-11-21,25,2025-12-16,0.99443053,0.00556947
SEG-068,2025-11-21,26,2025-12-17,0.99420742,0.00579258
SEG-068,2025-11-21,27,2025-12-18,0.99398429,0.00601571
SEG-068,2025-11-21,28,2025-12-19,0.99376113,0.00623887
SEG-068,2025-11-21,29,2025-12-20,0.99353795,0.00646205
SEG-068,2025-11-21,30,2025-12-21,0.99331475,0.00668525
SEG-069,2025-11-21,1,2025-11-22,0.99992589,7.411e-05
SEG-069,2025-11-21,2,2025-11-23,0.99985175,0.00014825
SEG-069,2025-11-21,3,2025-11-24,0.9997776,0.0002224
SEG-069,2025-11-21,4,2025-11-25,0.99970342,0.00029658
SEG-069,2025-11-21,5,2025-11-26,0.99962923,0.00037077
SEG-069,2025-11-21,6,2025-11-27,0.99955501,0.00044499
SEG-069,2025-11-21,7,2025-11-28,0.99948078,0.00051922
SEG-069,2025-11-21,8,2025-11-29,0.99940652,0.00059348
SEG-069,2025-11-21,9,2025-11-30,0.99933225,0.00066775
SEG-069,2025-11-21,10,2025-12-01,0.99925795,0.00074205
SEG-069,2025-11-21,11,2025-12-02,0.99918364,0.00081636
SEG-069,2025-11-21,12,2025-12-03,0.9991093,0.0008907
SEG-069,2025-11-21,13,2025-12-04,0.99903495,0.00096505
SEG-069,2025-11-21,14,2025-12-05,0.99896058,0.00103942
SEG-069,2025-11-21,15,2025-12-06,0.99888618,0.00111382
SEG-069,2025-11-21,16,2025-12-07,0.99881177,0.00118823
SEG-069,2025-11-21,17,2025-12-08,0.99873734,0.00126266
SEG-069,2025-11-21,18,2025-12-09,0.99866288,0.00133712
SEG-069,2025-11-21,19,2025-12-10,0.99858841,0.00141159
SEG-069,2025-11-21,20,2025-12-11,0.99851392,0.00148608
SEG-069,2025-11-21,21,2025-12-12,0.99843941,0.00156059
SEG-069,2025-11-21,22,2025-12-13,0.99836488,0.00163512
SEG-069,2025-11-21,23,2025-12-14,0.99829033,0.00170967
SEG-069,2025-11-21,24,2025-12-15,0.99821576,0.00178424
SEG-069,2025-11-21,25,2025-12-16,0.99814117,0.00185883
SEG-069,2025-11-21,26,2025-12-17,0.99806657,0.00193343
SEG-069,2025-11-21,27,2025-12-18,0.99799194,0.00200806
SEG-069,2025-11-21,28,2025-12-19,0.99791729,0.00208271
SEG-069,2025-11-21,29,2025-12-20,0.99784263,0.00215737
SEG-069,2025-11-21,30,2025-12-21,0.99776794,0.00223206
SEG-070,2025-11-21,1,2025-11-22,0.99993198,6.802e-05
SEG-070,2025-11-21,2,2025-11-23,0.99986393,0.00013607
SEG-070,2025-11-21,3,2025-11-24,0.99979587,0.00020413
SEG-070,2025-11-21,4,2025-11-25,0.99972779,0.00027221
SEG-070,2025-11-21,5,2025-11-26,0.99965969,0.00034031
SEG-070,2025-11-21,6,2025-11-27,0.99959157,0.00040843
SEG-070,2025-11-21,7,2025-11-28,0.99952344,0.00047656
SEG-070,2025-11-21,8,2025-11-29,0.99945528,0.00054472
SEG-070,2025-11-21,9,2025-11-30,0.99938711,0.00061289
SEG-070,2025-11-21,10,2025-12-01,0.99931891,0.00068109
SEG-070,2025-11-21,11,2025-12-02,0.9992507,0.0007493
SEG-070,2025-11-21,12,2025-12-03,0.99918247,0.00081753
SEG-070,2025-11-21,13,2025-12-04,0.99911422,0.00088578
SEG-070,2025-11-21,14,2025-12-05,0.99904596,0.00095404
SEG-070,2025-11-21,15,2025-12-06,0.99897767,0.00102233
SEG-070,2025-11-21,16,2025-12-07,0.99890937,0.00109063
SEG-070,2025-11-21,17,2025-12-08,0.99884105,0.00115895
SEG-070,2025-11-21,18,2025-12-09,0.99877271,0.00122729
SEG-070,2025-11-21,19,2025-12-10,0.99870435,0.00129565
SEG-070,2025-11-21,20,2025-12-11,0.99863597,0.00136403
SEG-070,2025-11-21,21,2025-12-12,0.99856757,0.00143243
SEG-070,2025-11-21,22,2025-12-13,0.99849916,0.00150084
SEG-070,2025-11-21,23,2025-12-14,0.99843073,0.00156927
SEG-070,2025-11-21,24,2025-12-15,0.99836228,0.00163772
SEG-070,2025-11-21,25,2025-12-16,0.99829381,0.00170619
SEG-070,2025-11-21,26,2025-12-17,0.99822532,0.00177468
SEG-070,2025-11-21,27,2025-12-18,0.99815681,0.00184319
SEG-070,2025-11-21,28,2025-12-19,0.99808829,0.00191171
SEG-070,2025-11-21,29,2025-12-20,0.99801975,0.00198025
SEG-070,2025-11-21,30,2025-12-21,0.99795119,0.00204881
SEG-071,2025-11-21,1,2025-11-22,0.99973157,0.00026843
SEG-071,2025-11-21,2,2025-11-23,0.99946313,0.00053687
SEG-071,2025-11-21,3,2025-11-24,0.99919466,0.00080534
SEG-071,2025-11-21,4,2025-11-25,0.99892617,0.00107383
SEG-071,2025-11-21,5,2025-11-26,0.99865766,0.00134234
SEG-071,2025-11-21,6,2025-11-27,0.99838914,0.00161086
SEG-071,2025-11-21,7,2025-11-28,0.99812059,0.00187941
SEG-071,2025-11-21,8,2025-11-29,0.99785202,0.00214798
SEG-071,2025-11-21,9,2025-11-30,0.99758343,0.00241657
SEG-071,2025-11-21,10,2025-12-01,0.99731483,0.00268517
SEG-071,2025-11-21,11,2025-12-02,0.9970462,0.0029538
SEG-071,2025-11-21,12,2025-12-03,0.99677756,0.00322244
SEG-071,2025-11-21,13,2025-12-04,0.99650889,0.00349111
SEG-071,2025-11-21,14,2025-12-05,0.99624021,0.00375979
SEG-071,2025-11-21,15,2025-12-06,0.99597151,0.00402849
SEG-071,2025-11-21,16,2025-12-07,0.99570279,0.00429721
SEG-071,2025-11-21,17,2025-12-08,0.99543405,0.00456595
SEG-071,2025-11-21,18,2025-12-09,0.99516529,0.00483471
SEG-071,2025-11-21,19,2025-12-10,0.99489652,0.00510348
SEG-071,2025-11-21,20,2025-12-11,0.99462772,0.00537228
SEG-071,2025-11-21,21,2025-12-12,0.99435891,0.00564109
SEG-071,2025-11-21,22,2025-12-13,0.99409009,0.00590991
SEG-071,2025-11-21,23,2025-12-14,0.99382124,0.00617876
SEG-071,2025-11-21,24,2025-12-15,0.99355238,0.00644762
SEG-071,2025-11-21,25,2025-12-16,0.9932835,0.0067165
SEG-071,2025-11-21,26,2025-12-17,0.9930146,0.0069854
SEG-071,2025-11-21,27,2025-12-18,0.99274569,0.00725431
SEG-071,2025-11-21,28,2025-12-19,0.99247676,0.00752324
SEG-071,2025-11-21,29,2025-12-20,0.99220781,0.00779219
SEG-071,2025-11-21,30,2025-12-21,0.99193885,0.00806115
SEG-072,2025-11-21,1,2025-11-22,0.99965391,0.00034609
SEG-072,2025-11-21,2,2025-11-23,0.99930783,0.00069217
SEG-072,2025-11-21,3,2025-11-24,0.99896175,0.00103825
SEG-072,2025-11-21,4,2025-11-25,0.99861566,0.00138434
SEG-072,2025-11-21,5,2025-11-26,0.99826958,0.00173042
SEG-072,2025-11-21,6,2025-11-27,0.9979235,0.0020765
SEG-072,2025-11-21,7,2025-11-28,0.99757742,0.00242258
SEG-072,2025-11-21,8,2025-11-29,0.99723134,0.00276866
SEG-072,2025-11-21,9,2025-11-30,0.99688526,0.00311474
SEG-072,2025-11-21,10,2025-12-01,0.99653918,0.00346082
SEG-072,2025-11-21,11,2025-12-02,0.99619311,0.00380689
SEG-072,2025-11-21,12,2025-12-03,0.99584704,0.00415296
SEG-072,2025-11-21,13,2025-12-04,0.99550097,0.00449903
SEG-072,2025-11-21,14,2025-12-05,0.9951549,0.0048451
SEG-072,2025-11-21,15,2025-12-06,0.99480884,0.00519116
SEG-072,2025-11-21,16,2025-12-07,0.99446278,0.00553722
SEG-072,2025-11-21,17,2025-12-08,0.99411673,0.00588327
SEG-072,2025-11-21,18,2025-12-09,0.99377067,0.00622933
SEG-072,2025-11-21,19,2025-12-10,0.99342462,0.00657538
SEG-072,2025-11-21,20,2025-12-11,0.99307858,0.00692142
SEG-072,2025-11-21,21,2025-12-12,0.99273254,0.00726746
SEG-072,2025-11-21,22,2025-12-13,0.9923865,0.0076135
SEG-072,2025-11-21,23,2025-12-14,0.99204047,0.00795953
SEG-072,2025-11-21,24,2025-12-15,0.99169444,0.00830556
SEG-072,2025-11-21,25,2025-12-16,0.99134842,0.00865158
SEG-072,2025-11-21,26,2025-12-17,0.9910024,0.0089976
SEG-072,2025-11-21,27,2025-12-18,0.99065639,0.00934361
SEG-072,2025-11-21,28,2025-12-19,0.99031039,0.00968961
SEG-072,2025-11-21,29,2025-12-20,0.98996439,0.01003561
SEG-072,2025-11-21,30,2025-12-21,0.98961839,0.01038161
SEG-073,2025-11-21,1,2025-11-22,0.99987452,0.00012548
SEG-073,2025-11-21,2,2025-11-23,0.99974901,0.00025099
SEG-073,2025-11-21,3,2025-11-24,0.99962348,0.00037652
SEG-073,2025-11-21,4,2025-11-25,0.99949792,0.00050208
SEG-073,2025-11-21,5,2025-11-26,0.99937233,0.00062767
SEG-073,2025-11-21,6,2025-11-27,0.99924671,0.00075329
SEG-073,2025-11-21,7,2025-11-28,0.99912107,0.00087893
SEG-073,2025-11-21,8,2025-11-29,0.9989954,0.0010046
SEG-073,2025-11-21,9,2025-11-30,0.9988697,0.0011303
SEG-073,2025-11-21,10,2025-12-01,0.99874397,0.00125603
SEG-073,2025-11-21,11,2025-12-02,0.99861822,0.00138178
SEG-073,2025-11-21,12,2025-12-03,0.99849244,0.00150756
SEG-073,2025-11-21,13,2025-12-04,0.99836663,0.00163337
SEG-073,2025-11-21,14,2025-12-05,0.9982408,0.0017592
SEG-073,2025-11-21,15,2025-12-06,0.99811494,0.00188506
SEG-073,2025-11-21,16,2025-12-07,0.99798905,0.00201095
SEG-073,2025-11-21,17,2025-12-08,0.99786314,0.00213686
SEG-073,2025-11-21,18,2025-12-09,0.9977372,0.0022628
SEG-073,2025-11-21,19,2025-12-10,0.99761123,0.00238877
SEG-073,2025-11-21,20,2025-12-11,0.99748524,0.00251476
SEG-073,2025-11-21,21,2025-12-12,0.99735922,0.00264078
SEG-073,2025-11-21,22,2025-12-13,0.99723317,0.00276683
SEG-073,2025-11-21,23,2025-12-14,0.9971071,0.0028929
SEG-073,2025-11-21,24,2025-12-15,0.996981,0.003019
SEG-073,2025-11-21,25,2025-12-16,0.99685487,0.00314513
SEG-073,2025-11-21,26,2025-12-17,0.99672872,0.00327128
SEG-073,2025-11-21,27,2025-12-18,0.99660254,0.00339746
SEG-073,2025-11-21,28,2025-12-19,0.99647634,0.00352366
SEG-073,2025-11-21,29,2025-12-20,0.99635011,0.00364989
SEG-073,2025-11-21,30,2025-12-21,0.99622386,0.00377614
SEG-074,2025-11-21,1,2025-11-22,0.99959508,0.00040492
SEG-074,2025-11-21,2,2025-11-23,0.99919019,0.00080981
SEG-074,2025-11-21,3,2025-11-24,0.99878532,0.00121468
SEG-074,2025-11-21,4,2025-11-25,0.99838047,0.00161953
SEG-074,2025-11-21,5,2025-11-26,0.99797565,0.00202435
SEG-074,2025-11-21,6,2025-11-27,0.99757085,0.00242915
SEG-074,2025-11-21,7,2025-11-28,0.99716608,0.00283392
SEG-074,2025-11-21,8,2025-11-29,0.99676134,0.00323866
SEG-074,2025-11-21,9,2025-11-30,0.99635662,0.00364338
SEG-074,2025-11-21,10,2025-12-01,0.99595192,0.00404808
SEG-074,2025-11-21,11,2025-12-02,0.99554726,0.00445274
SEG-074,2025-11-21,12,2025-12-03,0.99514262,0.00485738
SEG-074,2025-11-21,13,2025-12-04,0.994738,0.005262
SEG-074,2025-11-21,14,2025-12-05,0.99433342,0.00566658
SEG-074,2025-11-21,15,2025-12-06,0.99392886,0.00607114
SEG-074,2025-11-21,16,2025-12-07,0.99352433,0.00647567
SEG-074,2025-11-21,17,2025-12-08,0.99311982,0.00688018
SEG-074,2025-11-21,18,2025-12-09,0.99271535,0.00728465
SEG-074,2025-11-21,19,2025-12-10,0.9923109,0.0076891
SEG-074,2025-11-21,20,2025-12-11,0.99190648,0.00809352
SEG-074,2025-11-21,21,2025-12-12,0.99150209,0.00849791
SEG-074,2025-11-21,22,2025-12-13,0.99109773,0.00890227
SEG-074,2025-11-21,23,2025-12-14,0.9906934,0.0093066
SEG-074,2025-11-21,24,2025-12-15,0.9902891,0.0097109
SEG-074,2025-11-21,25,2025-12-16,0.98988483,0.01011517
SEG-074,2025-11-21,26,2025-12-17,0.98948059,0.01051941
SEG-074,2025-11-21,27,2025-12-18,0.98907638,0.01092362
SEG-074,2025-11-21,28,2025-12-19,0.9886722,0.0113278
SEG-074,2025-11-21,29,2025-12-20,0.98826805,0.01173195
SEG-074,2025-11-21,30,2025-12-21,0.98786393,0.01213607
SEG-075,2025-11-21,1,2025-11-22,0.99950256,0.00049744
SEG-075,2025-11-21,2,2025-11-23,0.9990052,0.0009948
SEG-075,2025-11-21,3,2025-11-24,0.99850791,0.00149209
SEG-075,2025-11-21,4,2025-11-25,0.9980107,0.0019893
SEG-075,2025-11-21,5,2025-11-26,0.99751357,0.00248643
SEG-075,2025-11-21,6,2025-11-27,0.99701652,0.00298348
SEG-075,2025-11-21,7,2025-11-28,0.99651954,0.00348046
SEG-075,2025-11-21,8,2025-11-29,0.99602264,0.00397736
SEG-075,2025-11-21,9,2025-11-30,0.99552581,0.00447419
SEG-075,2025-11-21,10,2025-12-01,0.99502907,0.00497093
SEG-075,2025-11-21,11,2025-12-02,0.9945324,0.0054676
SEG-075,2025-11-21,12,2025-12-03,0.99403581,0.00596419
SEG-075,2025-11-21,13,2025-12-04,0.9935393,0.0064607
SEG-075,2025-11-21,14,2025-12-05,0.99304287,0.00695713
SEG-075,2025-11-21,15,2025-12-06,0.99254652,0.00745348
SEG-075,2025-11-21,16,2025-12-07,0.99205025,0.00794975
SEG-075,2025-11-21,17,2025-12-08,0.99155406,0.00844594
SEG-075,2025-11-21,18,2025-12-09,0.99105796,0.00894204
SEG-075,2025-11-21,19,2025-12-10,0.99056193,0.00943807
SEG-075,2025-11-21,20,2025-12-11,0.99006598,0.00993402
SEG-075,2025-11-21,21,2025-12-12,0.98957012,0.01042988
SEG-075,2025-11-21,22,2025-12-13,0.98907433,0.01092567
SEG-075,2025-11-21,23,2025-12-14,0.98857863,0.01142137
SEG-075,2025-11-21,24,2025-12-15,0.98808302,0.01191698
SEG-075,2025-11-21,25,2025-12-16,0.98758748,0.01241252
SEG-075,2025-11-21,26,2025-12-17,0.98709203,0.01290797
SEG-075,2025-11-21,27,2025-12-18,0.98659666,0.01340334
SEG-075,2025-11-21,28,2025-12-19,0.98610137,0.01389863
SEG-075,2025-11-21,29,2025-12-20,0.98560617,0.01439383
SEG-075,2025-11-21,30,2025-12-21,0.98511106,0.01488894
