segment_id,month,division,asset_type,age_years,freight_density_class,monsoon_exposure,grade3_defects_previous_90d,defect_count_month,failure_event,right_censored,monsoon_month
SEG-001,2024-01-01,Delhi,Track,33.1,Low,Low,0,0,0,1,0
SEG-001,2024-01-31,Delhi,Track,33.1,Low,Low,0,0,0,1,0
SEG-001,2024-03-01,Delhi,Track,33.1,Low,Low,0,0,0,1,0
SEG-001,2024-03-31,Delhi,Track,33.1,Low,Low,0,0,0,1,0
SEG-001,2024-04-30,Delhi,Track,33.1,Low,Low,0,1,0,1,0
SEG-001,2024-05-30,Delhi,Track,33.1,Low,Low,0,0,0,1,0
SEG-001,2024-06-29,Delhi,Track,33.1,Low,Low,0,0,0,1,1
SEG-001,2024-07-29,Delhi,Track,33.1,Low,Low,0,0,0,1,1
SEG-001,2024-08-28,Delhi,Track,33.1,Low,Low,0,0,0,1,1
SEG-001,2024-09-27,Delhi,Track,33.1,Low,Low,0,0,0,1,1
SEG-001,2024-10-27,Delhi,Track,33.1,Low,Low,0,1,0,1,0
SEG-001,2024-11-26,Delhi,Track,33.1,Low,Low,0,0,0,1,0
SEG-001,2024-12-26,Delhi,Track,33.1,Low,Low,0,0,0,1,0
SEG-001,2025-01-25,Delhi,Track,33.1,Low,Low,0,0,0,1,0
SEG-001,2025-02-24,Delhi,Track,33.1,Low,Low,0,0,0,1,0
SEG-001,2025-03-26,Delhi,Track,33.1,Low,Low,0,0,0,1,0
SEG-001,2025-04-25,Delhi,Track,33.1,Low,Low,0,0,0,1,0
SEG-001,2025-05-25,Delhi,Track,33.1,Low,Low,0,0,0,1,0
SEG-001,2025-06-24,Delhi,Track,33.1,Low,Low,0,0,0,1,1
SEG-001,2025-07-24,Delhi,Track,33.1,Low,Low,0,0,0,1,1
SEG-001,2025-08-23,Delhi,Track,33.1,Low,Low,0,0,0,1,1
SEG-001,2025-09-22,Delhi,Track,33.1,Low,Low,0,0,0,1,1
SEG-001,2025-10-22,Delhi,Track,33.1,Low,Low,0,0,0,1,0
SEG-001,2025-11-21,Delhi,Track,33.1,Low,Low,0,0,0,1,0
SEG-002,2024-01-01,Delhi,Traction/OHE,7.8,Medium,High,0,0,0,1,0
SEG-002,2024-01-31,Delhi,Traction/OHE,7.8,Medium,High,0,0,0,1,0
SEG-002,2024-03-01,Delhi,Traction/OHE,7.8,Medium,High,0,0,0,1,0
SEG-002,2024-03-31,Delhi,Traction/OHE,7.8,Medium,High,0,0,0,1,0
SEG-002,2024-04-30,Delhi,Traction/OHE,7.8,Medium,High,0,0,0,1,0
SEG-002,2024-05-30,Delhi,Traction/OHE,7.8,Medium,High,0,1,0,1,0
SEG-002,2024-06-29,Delhi,Traction/OHE,7.8,Medium,High,0,1,0,1,1
SEG-002,2024-07-29,Delhi,Traction/OHE,7.8,Medium,High,0,0,0,1,1
SEG-002,2024-08-28,Delhi,Traction/OHE,7.8,Medium,High,0,0,0,1,1
SEG-002,2024-09-27,Delhi,Traction/OHE,7.8,Medium,High,0,0,0,1,1
SEG-002,2024-10-27,Delhi,Traction/OHE,7.8,Medium,High,0,0,0,1,0
SEG-002,2024-11-26,Delhi,Traction/OHE,7.8,Medium,High,0,0,0,1,0
SEG-002,2024-12-26,Delhi,Traction/OHE,7.8,Medium,High,0,1,0,1,0
SEG-002,2025-01-25,Delhi,Traction/OHE,7.8,Medium,High,0,0,0,1,0
SEG-002,2025-02-24,Delhi,Traction/OHE,7.8,Medium,High,0,0,0,1,0
SEG-002,2025-03-26,Delhi,Traction/OHE,7.8,Medium,High,0,0,0,1,0
SEG-002,2025-04-25,Delhi,Traction/OHE,7.8,Medium,High,0,0,0,1,0
SEG-002,2025-05-25,Delhi,Traction/OHE,7.8,Medium,High,0,0,0,1,0
SEG-002,2025-06-24,Delhi,Traction/OHE,7.8,Medium,High,0,0,0,1,1
SEG-002,2025-07-24,Delhi,Traction/OHE,7.8,Medium,High,0,0,0,1,1
SEG-002,2025-08-23,Delhi,Traction/OHE,7.8,Medium,High,0,0,0,1,1
SEG-002,2025-09-22,Delhi,Traction/OHE,7.8,Medium,High,0,0,0,1,1
SEG-002,2025-10-22,Delhi,Traction/OHE,7.8,Medium,High,0,0,0,1,0
SEG-002,2025-11-21,Delhi,Traction/OHE,7.8,Medium,High,0,0,0,1,0
SEG-003,2024-01-01,Delhi,Track,7.4,Low,High,0,1,0,1,0
SEG-003,2024-01-31,Delhi,Track,7.4,Low,High,0,0,0,1,0
SEG-003,2024-03-01,Delhi,Track,7.4,Low,High,0,0,0,1,0
SEG-003,2024-03-31,Delhi,Track,7.4,Low,High,0,0,0,1,0
SEG-003,2024-04-30,Delhi,Track,7.4,Low,High,0,0,0,1,0
SEG-003,2024-05-30,Delhi,Track,7.4,Low,High,0,0,0,1,0
SEG-003,2024-06-29,Delhi,Track,7.4,Low,High,0,0,0,1,1
SEG-003,2024-07-29,Delhi,Track,7.4,Low,High,0,0,0,1,1
SEG-003,2024-08-28,Delhi,Track,7.4,Low,High,0,0,0,1,1
SEG-003,2024-09-27,Delhi,Track,7.4,Low,High,0,0,0,1,1
SEG-003,2024-10-27,Delhi,Track,7.4,Low,High,0,0,0,1,0
SEG-003,2024-11-26,Delhi,Track,7.4,Low,High,0,0,0,1,0
SEG-003,2024-12-26,Delhi,Track,7.4,Low,High,0,0,0,1,0
SEG-003,2025-01-25,Delhi,Track,7.4,Low,High,0,0,0,1,0
SEG-003,2025-02-24,Delhi,Track,7.4,Low,High,0,0,0,1,0
SEG-003,2025-03-26,Delhi,Track,7.4,Low,High,0,0,0,1,0
SEG-003,2025-04-25,Delhi,Track,7.4,Low,High,0,0,0,1,0
SEG-003,2025-05-25,Delhi,Track,7.4,Low,High,0,0,0,1,0
SEG-003,2025-06-24,Delhi,Track,7.4,Low,High,0,0,0,1,1
SEG-003,2025-07-24,Delhi,Track,7.4,Low,High,0,0,0,1,1
SEG-003,2025-08-23,Delhi,Track,7.4,Low,High,0,0,0,1,1
SEG-003,2025-09-22,Delhi,Track,7.4,Low,High,0,0,0,1,1
SEG-003,2025-10-22,Delhi,Track,7.4,Low,High,0,0,0,1,0
SEG-003,2025-11-21,Delhi,Track,7.4,Low,High,0,0,0,1,0
SEG-004,2024-01-01,Delhi,S&T,36.0,High,Medium,0,0,0,1,0
SEG-004,2024-01-31,Delhi,S&T,36.0,High,Medium,0,0,0,1,0
SEG-004,2024-03-01,Delhi,S&T,36.0,High,Medium,0,0,0,1,0
SEG-004,2024-03-31,Delhi,S&T,36.0,High,Medium,0,0,0,1,0
SEG-004,2024-04-30,Delhi,S&T,36.0,High,Medium,0,0,0,1,0
SEG-004,2024-05-30,Delhi,S&T,36.0,High,Medium,0,1,0,1,0
SEG-004,2024-06-29,Delhi,S&T,36.0,High,Medium,0,0,0,1,1
SEG-004,2024-07-29,Delhi,S&T,36.0,High,Medium,0,1,0,1,1
SEG-004,2024-08-28,Delhi,S&T,36.0,High,Medium,0,0,0,1,1
SEG-004,2024-09-27,Delhi,S&T,36.0,High,Medium,0,0,0,1,1
SEG-004,2024-10-27,Delhi,S&T,36.0,High,Medium,0,0,0,1,0
SEG-004,2024-11-26,Delhi,S&T,36.0,High,Medium,0,0,0,1,0
SEG-004,2024-12-26,Delhi,S&T,36.0,High,Medium,0,0,0,1,0
SEG-004,2025-01-25,Delhi,S&T,36.0,High,Medium,0,0,0,1,0
SEG-004,2025-02-24,Delhi,S&T,36.0,High,Medium,0,0,0,1,0
SEG-004,2025-03-26,Delhi,S&T,36.0,High,Medium,0,1,0,1,0
SEG-004,2025-04-25,Delhi,S&T,36.0,High,Medium,0,0,0,1,0
SEG-004,2025-05-25,Delhi,S&T,36.0,High,Medium,0,0,0,1,0
SEG-004,2025-06-24,Delhi,S&T,36.0,High,Medium,0,0,0,1,1
SEG-004,2025-07-24,Delhi,S&T,36.0,High,Medium,0,0,0,1,1
SEG-004,2025-08-23,Delhi,S&T,36.0,High,Medium,0,0,0,1,1
SEG-004,2025-09-22,Delhi,S&T,36.0,High,Medium,0,0,0,1,1
SEG-004,2025-10-22,Delhi,S&T,36.0,High,Medium,0,0,0,1,0
SEG-004,2025-11-21,Delhi,S&T,36.0,High,Medium,0,0,0,1,0
SEG-005,2024-01-01,Delhi,Track,43.9,Medium,Medium,0,0,0,1,0
SEG-005,2024-01-31,Delhi,Track,43.9,Medium,Medium,0,0,0,1,0
SEG-005,2024-03-01,Delhi,Track,43.9,Medium,Medium,0,0,0,1,0
SEG-005,2024-03-31,Delhi,Track,43.9,Medium,Medium,0,0,0,1,0
SEG-005,2024-04-30,Delhi,Track,43.9,Medium,Medium,0,0,0,1,0
SEG-005,2024-05-30,Delhi,Track,43.9,Medium,Medium,0,1,0,1,0
SEG-005,2024-06-29,Delhi,Track,43.9,Medium,Medium,0,0,0,1,1
SEG-005,2024-07-29,Delhi,Track,43.9,Medium,Medium,0,1,0,1,1
SEG-005,2024-08-28,Delhi,Track,43.9,Medium,Medium,0,1,0,1,1
SEG-005,2024-09-27,Delhi,Track,43.9,Medium,Medium,0,0,0,1,1
SEG-005,2024-10-27,Delhi,Track,43.9,Medium,Medium,0,0,0,1,0
SEG-005,2024-11-26,Delhi,Track,43.9,Medium,Medium,0,0,0,1,0
SEG-005,2024-12-26,Delhi,Track,43.9,Medium,Medium,0,0,0,1,0
SEG-005,2025-01-25,Delhi,Track,43.9,Medium,Medium,0,0,0,1,0
SEG-005,2025-02-24,Delhi,Track,43.9,Medium,Medium,0,0,0,1,0
SEG-005,2025-03-26,Delhi,Track,43.9,Medium,Medium,0,0,0,1,0
SEG-005,2025-04-25,Delhi,Track,43.9,Medium,Medium,0,0,0,1,0
SEG-005,2025-05-25,Delhi,Track,43.9,Medium,Medium,0,0,0,1,0
SEG-005,2025-06-24,Delhi,Track,43.9,Medium,Medium,0,0,0,1,1
SEG-005,2025-07-24,Delhi,Track,43.9,Medium,Medium,0,0,0,1,1
SEG-005,2025-08-23,Delhi,Track,43.9,Medium,Medium,0,0,0,1,1
SEG-005,2025-09-22,Delhi,Track,43.9,Medium,Medium,0,0,0,1,1
SEG-005,2025-10-22,Delhi,Track,43.9,Medium,Medium,0,0,0,1,0
SEG-005,2025-11-21,Delhi,Track,43.9,Medium,Medium,0,0,1,1,0
SEG-006,2024-01-01,Jaipur,S&T,48.0,Medium,Low,0,0,0,1,0
SEG-006,2024-01-31,Jaipur,S&T,48.0,Medium,Low,0,0,0,1,0
SEG-006,2024-03-01,Jaipur,S&T,48.0,Medium,Low,0,0,0,1,0
SEG-006,2024-03-31,Jaipur,S&T,48.0,Medium,Low,0,0,0,1,0
SEG-006,2024-04-30,Jaipur,S&T,48.0,Medium,Low,0,0,0,1,0
SEG-006,2024-05-30,Jaipur,S&T,48.0,Medium,Low,0,0,0,1,0
SEG-006,2024-06-29,Jaipur,S&T,48.0,Medium,Low,0,0,0,1,1
SEG-006,2024-07-29,Jaipur,S&T,48.0,Medium,Low,0,0,0,1,1
SEG-006,2024-08-28,Jaipur,S&T,48.0,Medium,Low,0,0,0,1,1
SEG-006,2024-09-27,Jaipur,S&T,48.0,Medium,Low,0,0,0,1,1
SEG-006,2024-10-27,Jaipur,S&T,48.0,Medium,Low,0,0,0,1,0
SEG-006,2024-11-26,Jaipur,S&T,48.0,Medium,Low,0,0,0,1,0
SEG-006,2024-12-26,Jaipur,S&T,48.0,Medium,Low,0,0,0,1,0
SEG-006,2025-01-25,Jaipur,S&T,48.0,Medium,Low,0,0,0,1,0
SEG-006,2025-02-24,Jaipur,S&T,48.0,Medium,Low,0,1,0,1,0
SEG-006,2025-03-26,Jaipur,S&T,48.0,Medium,Low,0,0,0,1,0
SEG-006,2025-04-25,Jaipur,S&T,48.0,Medium,Low,0,0,0,1,0
SEG-006,2025-05-25,Jaipur,S&T,48.0,Medium,Low,0,0,0,1,0
SEG-006,2025-06-24,Jaipur,S&T,48.0,Medium,Low,0,0,0,1,1
SEG-006,2025-07-24,Jaipur,S&T,48.0,Medium,Low,0,1,0,1,1
SEG-006,2025-08-23,Jaipur,S&T,48.0,Medium,Low,0,0,0,1,1
SEG-006,2025-09-22,Jaipur,S&T,48.0,Medium,Low,0,0,0,1,1
SEG-006,2025-10-22,Jaipur,S&T,48.0,Medium,Low,0,0,0,1,0
SEG-006,2025-11-21,Jaipur,S&T,48.0,Medium,Low,0,1,0,1,0
SEG-007,2024-01-01,Jaipur,Traction/OHE,42.8,High,Low,0,0,0,1,0
SEG-007,2024-01-31,Jaipur,Traction/OHE,42.8,High,Low,0,1,0,1,0
SEG-007,2024-03-01,Jaipur,Traction/OHE,42.8,High,Low,0,0,0,1,0
SEG-007,2024-03-31,Jaipur,Traction/OHE,42.8,High,Low,0,1,0,1,0
SEG-007,2024-04-30,Jaipur,Traction/OHE,42.8,High,Low,0,0,0,1,0
SEG-007,2024-05-30,Jaipur,Traction/OHE,42.8,High,Low,0,0,1,1,0
SEG-007,2024-06-29,Jaipur,Traction/OHE,42.8,High,Low,0,0,0,0,1
SEG-007,2024-07-29,Jaipur,Traction/OHE,42.8,High,Low,0,1,0,0,1
SEG-007,2024-08-28,Jaipur,Traction/OHE,42.8,High,Low,0,0,0,0,1
SEG-007,2024-09-27,Jaipur,Traction/OHE,42.8,High,Low,0,0,0,0,1
SEG-007,2024-10-27,Jaipur,Traction/OHE,42.8,High,Low,0,0,0,0,0
SEG-007,2024-11-26,Jaipur,Traction/OHE,42.8,High,Low,0,0,0,0,0
SEG-007,2024-12-26,Jaipur,Traction/OHE,42.8,High,Low,0,0,0,0,0
SEG-007,2025-01-25,Jaipur,Traction/OHE,42.8,High,Low,0,0,0,0,0
SEG-007,2025-02-24,Jaipur,Traction/OHE,42.8,High,Low,0,0,0,0,0
SEG-007,2025-03-26,Jaipur,Traction/OHE,42.8,High,Low,0,0,0,0,0
SEG-007,2025-04-25,Jaipur,Traction/OHE,42.8,High,Low,0,0,0,0,0
SEG-007,2025-05-25,Jaipur,Traction/OHE,42.8,High,Low,0,0,0,0,0
SEG-007,2025-06-24,Jaipur,Traction/OHE,42.8,High,Low,0,0,0,0,1
SEG-007,2025-07-24,Jaipur,Traction/OHE,42.8,High,Low,0,0,0,0,1
SEG-007,2025-08-23,Jaipur,Traction/OHE,42.8,High,Low,0,0,0,0,1
SEG-007,2025-09-22,Jaipur,Traction/OHE,42.8,High,Low,0,0,0,0,1
SEG-007,2025-10-22,Jaipur,Traction/OHE,42.8,High,Low,0,0,0,0,0
SEG-007,2025-11-21,Jaipur,Traction/OHE,42.8,High,Low,0,1,0,0,0
SEG-008,2024-01-01,Jaipur,S&T,8.9,Medium,High,0,0,0,1,0
SEG-008,2024-01-31,Jaipur,S&T,8.9,Medium,High,0,0,0,1,0
SEG-008,2024-03-01,Jaipur,S&T,8.9,Medium,High,0,0,0,1,0
SEG-008,2024-03-31,Jaipur,S&T,8.9,Medium,High,0,0,0,1,0
SEG-008,2024-04-30,Jaipur,S&T,8.9,Medium,High,0,1,0,1,0
SEG-008,2024-05-30,Jaipur,S&T,8.9,Medium,High,0,0,0,1,0
SEG-008,2024-06-29,Jaipur,S&T,8.9,Medium,High,0,0,0,1,1
SEG-008,2024-07-29,Jaipur,S&T,8.9,Medium,High,0,0,0,1,1
SEG-008,2024-08-28,Jaipur,S&T,8.9,Medium,High,0,0,0,1,1
SEG-008,2024-09-27,Jaipur,S&T,8.9,Medium,High,0,0,0,1,1
SEG-008,2024-10-27,Jaipur,S&T,8.9,Medium,High,0,0,0,1,0
SEG-008,2024-11-26,Jaipur,S&T,8.9,Medium,High,0,0,0,1,0
SEG-008,2024-12-26,Jaipur,S&T,8.9,Medium,High,0,0,0,1,0
SEG-008,2025-01-25,Jaipur,S&T,8.9,Medium,High,0,0,0,1,0
SEG-008,2025-02-24,Jaipur,S&T,8.9,Medium,High,0,0,0,1,0
SEG-008,2025-03-26,Jaipur,S&T,8.9,Medium,High,0,0,0,1,0
SEG-008,2025-04-25,Jaipur,S&T,8.9,Medium,High,0,0,0,1,0
SEG-008,2025-05-25,Jaipur,S&T,8.9,Medium,High,0,0,0,1,0
SEG-008,2025-06-24,Jaipur,S&T,8.9,Medium,High,0,0,0,1,1
SEG-008,2025-07-24,Jaipur,S&T,8.9,Medium,High,0,0,0,1,1
SEG-008,2025-08-23,Jaipur,S&T,8.9,Medium,High,0,0,0,1,1
SEG-008,2025-09-22,Jaipur,S&T,8.9,Medium,High,0,0,0,1,1
SEG-008,2025-10-22,Jaipur,S&T,8.9,Medium,High,0,0,0,1,0
SEG-008,2025-11-21,Jaipur,S&T,8.9,Medium,High,0,0,0,1,0
SEG-009,2024-01-01,Jaipur,S&T,32.1,Low,High,0,0,0,1,0
SEG-009,2024-01-31,Jaipur,S&T,32.1,Low,High,0,0,0,1,0
SEG-009,2024-03-01,Jaipur,S&T,32.1,Low,High,0,0,0,1,0
SEG-009,2024-03-31,Jaipur,S&T,32.1,Low,High,0,0,0,1,0
SEG-009,2024-04-30,Jaipur,S&T,32.1,Low,High,0,0,0,1,0
SEG-009,2024-05-30,Jaipur,S&T,32.1,Low,High,0,1,0,1,0
SEG-009,2024-06-29,Jaipur,S&T,32.1,Low,High,0,0,0,1,1
SEG-009,2024-07-29,Jaipur,S&T,32.1,Low,High,0,0,0,1,1
SEG-009,2024-08-28,Jaipur,S&T,32.1,Low,High,0,2,0,1,1
SEG-009,2024-09-27,Jaipur,S&T,32.1,Low,High,0,1,0,1,1
SEG-009,2024-10-27,Jaipur,S&T,32.1,Low,High,0,0,0,1,0
SEG-009,2024-11-26,Jaipur,S&T,32.1,Low,High,0,0,0,1,0
SEG-009,2024-12-26,Jaipur,S&T,32.1,Low,High,0,0,0,1,0
SEG-009,2025-01-25,Jaipur,S&T,32.1,Low,High,0,0,0,1,0
SEG-009,2025-02-24,Jaipur,S&T,32.1,Low,High,0,0,0,1,0
SEG-009,2025-03-26,Jaipur,S&T,32.1,Low,High,0,0,0,1,0
SEG-009,2025-04-25,Jaipur,S&T,32.1,Low,High,0,1,0,1,0
SEG-009,2025-05-25,Jaipur,S&T,32.1,Low,High,0,1,0,1,0
SEG-009,2025-06-24,Jaipur,S&T,32.1,Low,High,0,1,0,1,1
SEG-009,2025-07-24,Jaipur,S&T,32.1,Low,High,0,0,0,1,1
SEG-009,2025-08-23,Jaipur,S&T,32.1,Low,High,0,0,0,1,1
SEG-009,2025-09-22,Jaipur,S&T,32.1,Low,High,0,0,0,1,1
SEG-009,2025-10-22,Jaipur,S&T,32.1,Low,High,0,0,0,1,0
SEG-009,2025-11-21,Jaipur,S&T,32.1,Low,High,0,0,0,1,0
SEG-010,2024-01-01,Kota,S&T,13.7,Low,Low,0,0,0,1,0
SEG-010,2024-01-31,Kota,S&T,13.7,Low,Low,0,0,0,1,0
SEG-010,2024-03-01,Kota,S&T,13.7,Low,Low,0,0,0,1,0
SEG-010,2024-03-31,Kota,S&T,13.7,Low,Low,0,0,0,1,0
SEG-010,2024-04-30,Kota,S&T,13.7,Low,Low,0,0,0,1,0
SEG-010,2024-05-30,Kota,S&T,13.7,Low,Low,0,0,0,1,0
SEG-010,2024-06-29,Kota,S&T,13.7,Low,Low,0,0,0,1,1
SEG-010,2024-07-29,Kota,S&T,13.7,Low,Low,0,0,0,1,1
SEG-010,2024-08-28,Kota,S&T,13.7,Low,Low,0,0,0,1,1
SEG-010,2024-09-27,Kota,S&T,13.7,Low,Low,0,0,0,1,1
SEG-010,2024-10-27,Kota,S&T,13.7,Low,Low,0,0,0,1,0
SEG-010,2024-11-26,Kota,S&T,13.7,Low,Low,0,0,0,1,0
SEG-010,2024-12-26,Kota,S&T,13.7,Low,Low,0,0,0,1,0
SEG-010,2025-01-25,Kota,S&T,13.7,Low,Low,0,0,0,1,0
SEG-010,2025-02-24,Kota,S&T,13.7,Low,Low,0,0,0,1,0
SEG-010,2025-03-26,Kota,S&T,13.7,Low,Low,0,0,0,1,0
SEG-010,2025-04-25,Kota,S&T,13.7,Low,Low,0,0,0,1,0
SEG-010,2025-05-25,Kota,S&T,13.7,Low,Low,0,0,0,1,0
SEG-010,2025-06-24,Kota,S&T,13.7,Low,Low,0,0,0,1,1
SEG-010,2025-07-24,Kota,S&T,13.7,Low,Low,0,0,0,1,1
SEG-010,2025-08-23,Kota,S&T,13.7,Low,Low,0,0,0,1,1
SEG-010,2025-09-22,Kota,S&T,13.7,Low,Low,0,0,0,1,1
SEG-010,2025-10-22,Kota,S&T,13.7,Low,Low,0,0,0,1,0
SEG-010,2025-11-21,Kota,S&T,13.7,Low,Low,0,0,0,1,0
SEG-011,2024-01-01,Kota,S&T,24.3,Medium,Medium,0,0,0,1,0
SEG-011,2024-01-31,Kota,S&T,24.3,Medium,Medium,0,0,0,1,0
SEG-011,2024-03-01,Kota,S&T,24.3,Medium,Medium,0,0,0,1,0
SEG-011,2024-03-31,Kota,S&T,24.3,Medium,Medium,0,0,0,1,0
SEG-011,2024-04-30,Kota,S&T,24.3,Medium,Medium,0,0,0,1,0
SEG-011,2024-05-30,Kota,S&T,24.3,Medium,Medium,0,0,0,1,0
SEG-011,2024-06-29,Kota,S&T,24.3,Medium,Medium,0,0,0,1,1
SEG-011,2024-07-29,Kota,S&T,24.3,Medium,Medium,0,0,0,1,1
SEG-011,2024-08-28,Kota,S&T,24.3,Medium,Medium,0,0,0,1,1
SEG-011,2024-09-27,Kota,S&T,24.3,Medium,Medium,0,0,0,1,1
SEG-011,2024-10-27,Kota,S&T,24.3,Medium,Medium,0,1,0,1,0
SEG-011,2024-11-26,Kota,S&T,24.3,Medium,Medium,0,0,0,1,0
SEG-011,2024-12-26,Kota,S&T,24.3,Medium,Medium,0,0,0,1,0
SEG-011,2025-01-25,Kota,S&T,24.3,Medium,Medium,0,0,0,1,0
SEG-011,2025-02-24,Kota,S&T,24.3,Medium,Medium,0,0,0,1,0
SEG-011,2025-03-26,Kota,S&T,24.3,Medium,Medium,0,0,0,1,0
SEG-011,2025-04-25,Kota,S&T,24.3,Medium,Medium,0,0,0,1,0
SEG-011,2025-05-25,Kota,S&T,24.3,Medium,Medium,0,0,0,1,0
SEG-011,2025-06-24,Kota,S&T,24.3,Medium,Medium,0,0,0,1,1
SEG-011,2025-07-24,Kota,S&T,24.3,Medium,Medium,0,0,0,1,1
SEG-011,2025-08-23,Kota,S&T,24.3,Medium,Medium,0,0,0,1,1
SEG-011,2025-09-22,Kota,S&T,24.3,Medium,Medium,0,0,0,1,1
SEG-011,2025-10-22,Kota,S&T,24.3,Medium,Medium,0,0,0,1,0
SEG-011,2025-11-21,Kota,S&T,24.3,Medium,Medium,0,0,0,1,0
SEG-012,2024-01-01,Kota,Traction/OHE,15.5,High,High,0,0,0,1,0
SEG-012,2024-01-31,Kota,Traction/OHE,15.5,High,High,0,0,0,1,0
SEG-012,2024-03-01,Kota,Traction/OHE,15.5,High,High,0,0,0,1,0
SEG-012,2024-03-31,Kota,Traction/OHE,15.5,High,High,0,0,0,1,0
SEG-012,2024-04-30,Kota,Traction/OHE,15.5,High,High,0,0,0,1,0
SEG-012,2024-05-30,Kota,Traction/OHE,15.5,High,High,0,0,0,1,0
SEG-012,2024-06-29,Kota,Traction/OHE,15.5,High,High,0,0,0,1,1
SEG-012,2024-07-29,Kota,Traction/OHE,15.5,High,High,0,0,0,1,1
SEG-012,2024-08-28,Kota,Traction/OHE,15.5,High,High,0,0,0,1,1
SEG-012,2024-09-27,Kota,Traction/OHE,15.5,High,High,0,0,0,1,1
SEG-012,2024-10-27,Kota,Traction/OHE,15.5,High,High,0,0,0,1,0
SEG-012,2024-11-26,Kota,Traction/OHE,15.5,High,High,0,0,0,1,0
SEG-012,2024-12-26,Kota,Traction/OHE,15.5,High,High,0,0,0,1,0
SEG-012,2025-01-25,Kota,Traction/OHE,15.5,High,High,0,1,0,1,0
SEG-012,2025-02-24,Kota,Traction/OHE,15.5,High,High,0,0,0,1,0
SEG-012,2025-03-26,Kota,Traction/OHE,15.5,High,High,0,0,0,1,0
SEG-012,2025-04-25,Kota,Traction/OHE,15.5,High,High,0,0,0,1,0
SEG-012,2025-05-25,Kota,Traction/OHE,15.5,High,High,0,0,0,1,0
SEG-012,2025-06-24,Kota,Traction/OHE,15.5,High,High,0,0,0,1,1
SEG-012,2025-07-24,Kota,Traction/OHE,15.5,High,High,0,0,0,1,1
SEG-012,2025-08-23,Kota,Traction/OHE,15.5,High,High,0,0,0,1,1
SEG-012,2025-09-22,Kota,Traction/OHE,15.5,High,High,0,0,0,1,1
SEG-012,2025-10-22,Kota,Traction/OHE,15.5,High,High,0,0,0,1,0
SEG-012,2025-11-21,Kota,Traction/OHE,15.5,High,High,0,0,0,1,0
SEG-013,2024-01-01,Kota,Track,37.3,Medium,Medium,0,0,0,1,0
SEG-013,2024-01-31,Kota,Track,37.3,Medium,Medium,0,0,0,1,0
SEG-013,2024-03-01,Kota,Track,37.3,Medium,Medium,0,1,0,1,0
SEG-013,2024-03-31,Kota,Track,37.3,Medium,Medium,0,0,0,1,0
SEG-013,2024-04-30,Kota,Track,37.3,Medium,Medium,0,0,0,1,0
SEG-013,2024-05-30,Kota,Track,37.3,Medium,Medium,0,0,0,1,0
SEG-013,2024-06-29,Kota,Track,37.3,Medium,Medium,0,0,0,1,1
SEG-013,2024-07-29,Kota,Track,37.3,Medium,Medium,0,0,0,1,1
SEG-013,2024-08-28,Kota,Track,37.3,Medium,Medium,0,0,0,1,1
SEG-013,2024-09-27,Kota,Track,37.3,Medium,Medium,0,0,0,1,1
SEG-013,2024-10-27,Kota,Track,37.3,Medium,Medium,0,0,0,1,0
SEG-013,2024-11-26,Kota,Track,37.3,Medium,Medium,0,0,0,1,0
SEG-013,2024-12-26,Kota,Track,37.3,Medium,Medium,0,0,0,1,0
SEG-013,2025-01-25,Kota,Track,37.3,Medium,Medium,0,0,0,1,0
SEG-013,2025-02-24,Kota,Track,37.3,Medium,Medium,0,0,0,1,0
SEG-013,2025-03-26,Kota,Track,37.3,Medium,Medium,0,0,0,1,0
SEG-013,2025-04-25,Kota,Track,37.3,Medium,Medium,0,0,0,1,0
SEG-013,2025-05-25,Kota,Track,37.3,Medium,Medium,0,0,0,1,0
SEG-013,2025-06-24,Kota,Track,37.3,Medium,Medium,0,1,0,1,1
SEG-013,2025-07-24,Kota,Track,37.3,Medium,Medium,0,0,0,1,1
SEG-013,2025-08-23,Kota,Track,37.3,Medium,Medium,0,0,0,1,1
SEG-013,2025-09-22,Kota,Track,37.3,Medium,Medium,0,0,0,1,1
SEG-013,2025-10-22,Kota,Track,37.3,Medium,Medium,0,0,0,1,0
SEG-013,2025-11-21,Kota,Track,37.3,Medium,Medium,0,0,0,1,0
SEG-014,2024-01-01,Ratlam,Traction/OHE,33.1,Medium,High,0,1,0,1,0
SEG-014,2024-01-31,Ratlam,Traction/OHE,33.1,Medium,High,1,0,0,1,0
SEG-014,2024-03-01,Ratlam,Traction/OHE,33.1,Medium,High,1,0,0,1,0
SEG-014,2024-03-31,Ratlam,Traction/OHE,33.1,Medium,High,1,0,0,1,0
SEG-014,2024-04-30,Ratlam,Traction/OHE,33.1,Medium,High,0,0,0,1,0
SEG-014,2024-05-30,Ratlam,Traction/OHE,33.1,Medium,High,0,0,0,1,0
SEG-014,2024-06-29,Ratlam,Traction/OHE,33.1,Medium,High,0,0,0,1,1
SEG-014,2024-07-29,Ratlam,Traction/OHE,33.1,Medium,High,0,1,0,1,1
SEG-014,2024-08-28,Ratlam,Traction/OHE,33.1,Medium,High,0,0,0,1,1
SEG-014,2024-09-27,Ratlam,Traction/OHE,33.1,Medium,High,0,1,0,1,1
SEG-014,2024-10-27,Ratlam,Traction/OHE,33.1,Medium,High,0,1,0,1,0
SEG-014,2024-11-26,Ratlam,Traction/OHE,33.1,Medium,High,0,0,0,1,0
SEG-014,2024-12-26,Ratlam,Traction/OHE,33.1,Medium,High,0,0,0,1,0
SEG-014,2025-01-25,Ratlam,Traction/OHE,33.1,Medium,High,0,0,0,1,0
SEG-014,2025-02-24,Ratlam,Traction/OHE,33.1,Medium,High,0,1,0,1,0
SEG-014,2025-03-26,Ratlam,Traction/OHE,33.1,Medium,High,0,0,0,1,0
SEG-014,2025-04-25,Ratlam,Traction/OHE,33.1,Medium,High,0,0,0,1,0
SEG-014,2025-05-25,Ratlam,Traction/OHE,33.1,Medium,High,0,0,0,1,0
SEG-014,2025-06-24,Ratlam,Traction/OHE,33.1,Medium,High,0,1,0,1,1
SEG-014,2025-07-24,Ratlam,Traction/OHE,33.1,Medium,High,0,0,0,1,1
SEG-014,2025-08-23,Ratlam,Traction/OHE,33.1,Medium,High,0,0,0,1,1
SEG-014,2025-09-22,Ratlam,Traction/OHE,33.1,Medium,High,0,0,0,1,1
SEG-014,2025-10-22,Ratlam,Traction/OHE,33.1,Medium,High,0,0,0,1,0
SEG-014,2025-11-21,Ratlam,Traction/OHE,33.1,Medium,High,0,0,0,1,0
SEG-015,2024-01-01,Ratlam,Track,39.5,Medium,Medium,0,0,0,1,0
SEG-015,2024-01-31,Ratlam,Track,39.5,Medium,Medium,0,0,0,1,0
SEG-015,2024-03-01,Ratlam,Track,39.5,Medium,Medium,0,0,0,1,0
SEG-015,2024-03-31,Ratlam,Track,39.5,Medium,Medium,0,0,0,1,0
SEG-015,2024-04-30,Ratlam,Track,39.5,Medium,Medium,0,0,1,1,0
SEG-015,2024-05-30,Ratlam,Track,39.5,Medium,Medium,0,0,0,0,0
SEG-015,2024-06-29,Ratlam,Track,39.5,Medium,Medium,0,0,0,0,1
SEG-015,2024-07-29,Ratlam,Track,39.5,Medium,Medium,0,0,0,0,1
SEG-015,2024-08-28,Ratlam,Track,39.5,Medium,Medium,0,0,0,0,1
SEG-015,2024-09-27,Ratlam,Track,39.5,Medium,Medium,0,0,0,0,1
SEG-015,2024-10-27,Ratlam,Track,39.5,Medium,Medium,0,0,0,0,0
SEG-015,2024-11-26,Ratlam,Track,39.5,Medium,Medium,0,0,0,0,0
SEG-015,2024-12-26,Ratlam,Track,39.5,Medium,Medium,0,0,0,0,0
SEG-015,2025-01-25,Ratlam,Track,39.5,Medium,Medium,0,0,0,0,0
SEG-015,2025-02-24,Ratlam,Track,39.5,Medium,Medium,0,0,0,0,0
SEG-015,2025-03-26,Ratlam,Track,39.5,Medium,Medium,0,0,0,0,0
SEG-015,2025-04-25,Ratlam,Track,39.5,Medium,Medium,0,0,0,0,0
SEG-015,2025-05-25,Ratlam,Track,39.5,Medium,Medium,0,0,0,0,0
SEG-015,2025-06-24,Ratlam,Track,39.5,Medium,Medium,0,0,0,0,1
SEG-015,2025-07-24,Ratlam,Track,39.5,Medium,Medium,0,0,0,0,1
SEG-015,2025-08-23,Ratlam,Track,39.5,Medium,Medium,0,0,0,0,1
SEG-015,2025-09-22,Ratlam,Track,39.5,Medium,Medium,0,0,0,0,1
SEG-015,2025-10-22,Ratlam,Track,39.5,Medium,Medium,0,0,0,0,0
SEG-015,2025-11-21,Ratlam,Track,39.5,Medium,Medium,0,0,0,0,0
SEG-016,2024-01-01,Ratlam,Traction/OHE,12.9,High,Low,0,0,0,1,0
SEG-016,2024-01-31,Ratlam,Traction/OHE,12.9,High,Low,0,0,0,1,0
SEG-016,2024-03-01,Ratlam,Traction/OHE,12.9,High,Low,0,0,0,1,0
SEG-016,2024-03-31,Ratlam,Traction/OHE,12.9,High,Low,0,0,0,1,0
SEG-016,2024-04-30,Ratlam,Traction/OHE,12.9,High,Low,0,1,0,1,0
SEG-016,2024-05-30,Ratlam,Traction/OHE,12.9,High,Low,1,1,0,1,0
SEG-016,2024-06-29,Ratlam,Traction/OHE,12.9,High,Low,1,0,0,1,1
SEG-016,2024-07-29,Ratlam,Traction/OHE,12.9,High,Low,1,0,0,1,1
SEG-016,2024-08-28,Ratlam,Traction/OHE,12.9,High,Low,0,0,0,1,1
SEG-016,2024-09-27,Ratlam,Traction/OHE,12.9,High,Low,0,0,0,1,1
SEG-016,2024-10-27,Ratlam,Traction/OHE,12.9,High,Low,0,0,0,1,0
SEG-016,2024-11-26,Ratlam,Traction/OHE,12.9,High,Low,0,0,0,1,0
SEG-016,2024-12-26,Ratlam,Traction/OHE,12.9,High,Low,0,0,0,1,0
SEG-016,2025-01-25,Ratlam,Traction/OHE,12.9,High,Low,0,0,0,1,0
SEG-016,2025-02-24,Ratlam,Traction/OHE,12.9,High,Low,0,0,0,1,0
SEG-016,2025-03-26,Ratlam,Traction/OHE,12.9,High,Low,0,0,0,1,0
SEG-016,2025-04-25,Ratlam,Traction/OHE,12.9,High,Low,0,0,0,1,0
SEG-016,2025-05-25,Ratlam,Traction/OHE,12.9,High,Low,0,0,0,1,0
SEG-016,2025-06-24,Ratlam,Traction/OHE,12.9,High,Low,0,0,0,1,1
SEG-016,2025-07-24,Ratlam,Traction/OHE,12.9,High,Low,0,0,0,1,1
SEG-016,2025-08-23,Ratlam,Traction/OHE,12.9,High,Low,0,0,0,1,1
SEG-016,2025-09-22,Ratlam,Traction/OHE,12.9,High,Low,0,0,0,1,1
SEG-016,2025-10-22,Ratlam,Traction/OHE,12.9,High,Low,0,0,0,1,0
SEG-016,2025-11-21,Ratlam,Traction/OHE,12.9,High,Low,0,0,0,1,0
SEG-017,2024-01-01,Ratlam,Traction/OHE,44.6,Medium,Low,0,0,0,1,0
SEG-017,2024-01-31,Ratlam,Traction/OHE,44.6,Medium,Low,0,0,0,1,0
SEG-017,2024-03-01,Ratlam,Traction/OHE,44.6,Medium,Low,0,0,0,1,0
SEG-017,2024-03-31,Ratlam,Traction/OHE,44.6,Medium,Low,0,0,0,1,0
SEG-017,2024-04-30,Ratlam,Traction/OHE,44.6,Medium,Low,0,0,0,1,0
SEG-017,2024-05-30,Ratlam,Traction/OHE,44.6,Medium,Low,0,0,0,1,0
SEG-017,2024-06-29,Ratlam,Traction/OHE,44.6,Medium,Low,0,0,0,1,1
SEG-017,2024-07-29,Ratlam,Traction/OHE,44.6,Medium,Low,0,1,0,1,1
SEG-017,2024-08-28,Ratlam,Traction/OHE,44.6,Medium,Low,0,1,0,1,1
SEG-017,2024-09-27,Ratlam,Traction/OHE,44.6,Medium,Low,0,0,0,1,1
SEG-017,2024-10-27,Ratlam,Traction/OHE,44.6,Medium,Low,0,0,0,1,0
SEG-017,2024-11-26,Ratlam,Traction/OHE,44.6,Medium,Low,0,0,0,1,0
SEG-017,2024-12-26,Ratlam,Traction/OHE,44.6,Medium,Low,0,0,0,1,0
SEG-017,2025-01-25,Ratlam,Traction/OHE,44.6,Medium,Low,0,0,0,1,0
SEG-017,2025-02-24,Ratlam,Traction/OHE,44.6,Medium,Low,0,1,0,1,0
SEG-017,2025-03-26,Ratlam,Traction/OHE,44.6,Medium,Low,0,1,0,1,0
SEG-017,2025-04-25,Ratlam,Traction/OHE,44.6,Medium,Low,0,0,0,1,0
SEG-017,2025-05-25,Ratlam,Traction/OHE,44.6,Medium,Low,0,0,0,1,0
SEG-017,2025-06-24,Ratlam,Traction/OHE,44.6,Medium,Low,0,0,0,1,1
SEG-017,2025-07-24,Ratlam,Traction/OHE,44.6,Medium,Low,0,0,0,1,1
SEG-017,2025-08-23,Ratlam,Traction/OHE,44.6,Medium,Low,0,0,0,1,1
SEG-017,2025-09-22,Ratlam,Traction/OHE,44.6,Medium,Low,0,0,0,1,1
SEG-017,2025-10-22,Ratlam,Traction/OHE,44.6,Medium,Low,0,0,0,1,0
SEG-017,2025-11-21,Ratlam,Traction/OHE,44.6,Medium,Low,0,0,0,1,0
SEG-018,2024-01-01,Vadodara,Traction/OHE,38.0,High,High,0,0,0,1,0
SEG-018,2024-01-31,Vadodara,Traction/OHE,38.0,High,High,0,1,1,1,0
SEG-018,2024-03-01,Vadodara,Traction/OHE,38.0,High,High,1,1,0,0,0
SEG-018,2024-03-31,Vadodara,Traction/OHE,38.0,High,High,1,1,0,0,0
SEG-018,2024-04-30,Vadodara,Traction/OHE,38.0,High,High,1,1,0,0,0
SEG-018,2024-05-30,Vadodara,Traction/OHE,38.0,High,High,0,0,0,0,0
SEG-018,2024-06-29,Vadodara,Traction/OHE,38.0,High,High,0,1,0,0,1
SEG-018,2024-07-29,Vadodara,Traction/OHE,38.0,High,High,0,0,0,0,1
SEG-018,2024-08-28,Vadodara,Traction/OHE,38.0,High,High,0,0,0,0,1
SEG-018,2024-09-27,Vadodara,Traction/OHE,38.0,High,High,0,0,0,0,1
SEG-018,2024-10-27,Vadodara,Traction/OHE,38.0,High,High,0,0,0,0,0
SEG-018,2024-11-26,Vadodara,Traction/OHE,38.0,High,High,0,1,0,0,0
SEG-018,2024-12-26,Vadodara,Traction/OHE,38.0,High,High,0,0,0,0,0
SEG-018,2025-01-25,Vadodara,Traction/OHE,38.0,High,High,0,0,0,0,0
SEG-018,2025-02-24,Vadodara,Traction/OHE,38.0,High,High,0,0,0,0,0
SEG-018,2025-03-26,Vadodara,Traction/OHE,38.0,High,High,0,0,0,0,0
SEG-018,2025-04-25,Vadodara,Traction/OHE,38.0,High,High,0,0,0,0,0
SEG-018,2025-05-25,Vadodara,Traction/OHE,38.0,High,High,0,0,0,0,0
SEG-018,2025-06-24,Vadodara,Traction/OHE,38.0,High,High,0,0,0,0,1
SEG-018,2025-07-24,Vadodara,Traction/OHE,38.0,High,High,0,0,0,0,1
SEG-018,2025-08-23,Vadodara,Traction/OHE,38.0,High,High,0,0,0,0,1
SEG-018,2025-09-22,Vadodara,Traction/OHE,38.0,High,High,0,1,0,0,1
SEG-018,2025-10-22,Vadodara,Traction/OHE,38.0,High,High,0,1,0,0,0
SEG-018,2025-11-21,Vadodara,Traction/OHE,38.0,High,High,0,0,0,0,0
SEG-019,2024-01-01,Vadodara,S&T,30.4,High,Low,0,0,0,1,0
SEG-019,2024-01-31,Vadodara,S&T,30.4,High,Low,0,0,0,1,0
SEG-019,2024-03-01,Vadodara,S&T,30.4,High,Low,0,0,0,1,0
SEG-019,2024-03-31,Vadodara,S&T,30.4,High,Low,0,1,0,1,0
SEG-019,2024-04-30,Vadodara,S&T,30.4,High,Low,0,0,0,1,0
SEG-019,2024-05-30,Vadodara,S&T,30.4,High,Low,0,1,0,1,0
SEG-019,2024-06-29,Vadodara,S&T,30.4,High,Low,0,0,0,1,1
SEG-019,2024-07-29,Vadodara,S&T,30.4,High,Low,0,0,0,1,1
SEG-019,2024-08-28,Vadodara,S&T,30.4,High,Low,0,0,0,1,1
SEG-019,2024-09-27,Vadodara,S&T,30.4,High,Low,0,0,0,1,1
SEG-019,2024-10-27,Vadodara,S&T,30.4,High,Low,0,0,0,1,0
SEG-019,2024-11-26,Vadodara,S&T,30.4,High,Low,0,0,0,1,0
SEG-019,2024-12-26,Vadodara,S&T,30.4,High,Low,0,0,0,1,0
SEG-019,2025-01-25,Vadodara,S&T,30.4,High,Low,0,0,0,1,0
SEG-019,2025-02-24,Vadodara,S&T,30.4,High,Low,0,0,0,1,0
SEG-019,2025-03-26,Vadodara,S&T,30.4,High,Low,0,0,0,1,0
SEG-019,2025-04-25,Vadodara,S&T,30.4,High,Low,0,0,0,1,0
SEG-019,2025-05-25,Vadodara,S&T,30.4,High,Low,0,0,0,1,0
SEG-019,2025-06-24,Vadodara,S&T,30.4,High,Low,0,0,0,1,1
SEG-019,2025-07-24,Vadodara,S&T,30.4,High,Low,0,0,0,1,1
SEG-019,2025-08-23,Vadodara,S&T,30.4,High,Low,0,0,0,1,1
SEG-019,2025-09-22,Vadodara,S&T,30.4,High,Low,0,0,0,1,1
SEG-019,2025-10-22,Vadodara,S&T,30.4,High,Low,0,0,0,1,0
SEG-019,2025-11-21,Vadodara,S&T,30.4,High,Low,0,0,0,1,0
SEG-020,2024-01-01,Vadodara,Track,38.5,Low,High,0,0,0,1,0
SEG-020,2024-01-31,Vadodara,Track,38.5,Low,High,0,0,0,1,0
SEG-020,2024-03-01,Vadodara,Track,38.5,Low,High,0,0,0,1,0
SEG-020,2024-03-31,Vadodara,Track,38.5,Low,High,0,0,0,1,0
SEG-020,2024-04-30,Vadodara,Track,38.5,Low,High,0,0,0,1,0
SEG-020,2024-05-30,Vadodara,Track,38.5,Low,High,0,0,0,1,0
SEG-020,2024-06-29,Vadodara,Track,38.5,Low,High,0,0,0,1,1
SEG-020,2024-07-29,Vadodara,Track,38.5,Low,High,0,0,0,1,1
SEG-020,2024-08-28,Vadodara,Track,38.5,Low,High,0,0,0,1,1
SEG-020,2024-09-27,Vadodara,Track,38.5,Low,High,0,0,0,1,1
SEG-020,2024-10-27,Vadodara,Track,38.5,Low,High,0,0,0,1,0
SEG-020,2024-11-26,Vadodara,Track,38.5,Low,High,0,0,0,1,0
SEG-020,2024-12-26,Vadodara,Track,38.5,Low,High,0,0,0,1,0
SEG-020,2025-01-25,Vadodara,Track,38.5,Low,High,0,0,0,1,0
SEG-020,2025-02-24,Vadodara,Track,38.5,Low,High,0,0,0,1,0
SEG-020,2025-03-26,Vadodara,Track,38.5,Low,High,0,0,0,1,0
SEG-020,2025-04-25,Vadodara,Track,38.5,Low,High,0,0,0,1,0
SEG-020,2025-05-25,Vadodara,Track,38.5,Low,High,0,0,0,1,0
SEG-020,2025-06-24,Vadodara,Track,38.5,Low,High,0,0,0,1,1
SEG-020,2025-07-24,Vadodara,Track,38.5,Low,High,0,1,0,1,1
SEG-020,2025-08-23,Vadodara,Track,38.5,Low,High,0,0,0,1,1
SEG-020,2025-09-22,Vadodara,Track,38.5,Low,High,0,0,0,1,1
SEG-020,2025-10-22,Vadodara,Track,38.5,Low,High,0,0,0,1,0
SEG-020,2025-11-21,Vadodara,Track,38.5,Low,High,0,0,0,1,0
SEG-021,2024-01-01,Vadodara,Track,22.8,High,Medium,0,0,0,1,0
SEG-021,2024-01-31,Vadodara,Track,22.8,High,Medium,0,0,0,1,0
SEG-021,2024-03-01,Vadodara,Track,22.8,High,Medium,0,1,0,1,0
SEG-021,2024-03-31,Vadodara,Track,22.8,High,Medium,0,0,0,1,0
SEG-021,2024-04-30,Vadodara,Track,22.8,High,Medium,0,0,0,1,0
SEG-021,2024-05-30,Vadodara,Track,22.8,High,Medium,0,0,0,1,0
SEG-021,2024-06-29,Vadodara,Track,22.8,High,Medium,0,0,0,1,1
SEG-021,2024-07-29,Vadodara,Track,22.8,High,Medium,0,0,1,1,1
SEG-021,2024-08-28,Vadodara,Track,22.8,High,Medium,0,0,0,0,1
SEG-021,2024-09-27,Vadodara,Track,22.8,High,Medium,0,0,0,0,1
SEG-021,2024-10-27,Vadodara,Track,22.8,High,Medium,0,0,0,0,0
SEG-021,2024-11-26,Vadodara,Track,22.8,High,Medium,0,0,0,0,0
SEG-021,2024-12-26,Vadodara,Track,22.8,High,Medium,0,0,0,0,0
SEG-021,2025-01-25,Vadodara,Track,22.8,High,Medium,0,0,0,0,0
SEG-021,2025-02-24,Vadodara,Track,22.8,High,Medium,0,0,0,0,0
SEG-021,2025-03-26,Vadodara,Track,22.8,High,Medium,0,0,0,0,0
SEG-021,2025-04-25,Vadodara,Track,22.8,High,Medium,0,0,0,0,0
SEG-021,2025-05-25,Vadodara,Track,22.8,High,Medium,0,0,0,0,0
SEG-021,2025-06-24,Vadodara,Track,22.8,High,Medium,0,0,0,0,1
SEG-021,2025-07-24,Vadodara,Track,22.8,High,Medium,0,0,0,0,1
SEG-021,2025-08-23,Vadodara,Track,22.8,High,Medium,0,0,0,0,1
SEG-021,2025-09-22,Vadodara,Track,22.8,High,Medium,0,1,0,0,1
SEG-021,2025-10-22,Vadodara,Track,22.8,High,Medium,0,0,0,0,0
SEG-021,2025-11-21,Vadodara,Track,22.8,High,Medium,0,2,0,0,0
SEG-022,2024-01-01,Mumbai,Traction/OHE,27.9,High,High,0,0,0,1,0
SEG-022,2024-01-31,Mumbai,Traction/OHE,27.9,High,High,0,0,0,1,0
SEG-022,2024-03-01,Mumbai,Traction/OHE,27.9,High,High,0,1,0,1,0
SEG-022,2024-03-31,Mumbai,Traction/OHE,27.9,High,High,0,0,0,1,0
SEG-022,2024-04-30,Mumbai,Traction/OHE,27.9,High,High,0,0,0,1,0
SEG-022,2024-05-30,Mumbai,Traction/OHE,27.9,High,High,0,0,0,1,0
SEG-022,2024-06-29,Mumbai,Traction/OHE,27.9,High,High,0,0,0,1,1
SEG-022,2024-07-29,Mumbai,Traction/OHE,27.9,High,High,0,0,0,1,1
SEG-022,2024-08-28,Mumbai,Traction/OHE,27.9,High,High,0,0,0,1,1
SEG-022,2024-09-27,Mumbai,Traction/OHE,27.9,High,High,0,0,0,1,1
SEG-022,2024-10-27,Mumbai,Traction/OHE,27.9,High,High,0,0,0,1,0
SEG-022,2024-11-26,Mumbai,Traction/OHE,27.9,High,High,0,1,0,1,0
SEG-022,2024-12-26,Mumbai,Traction/OHE,27.9,High,High,0,0,0,1,0
SEG-022,2025-01-25,Mumbai,Traction/OHE,27.9,High,High,0,0,0,1,0
SEG-022,2025-02-24,Mumbai,Traction/OHE,27.9,High,High,0,1,0,1,0
SEG-022,2025-03-26,Mumbai,Traction/OHE,27.9,High,High,0,0,0,1,0
SEG-022,2025-04-25,Mumbai,Traction/OHE,27.9,High,High,0,0,0,1,0
SEG-022,2025-05-25,Mumbai,Traction/OHE,27.9,High,High,0,0,0,1,0
SEG-022,2025-06-24,Mumbai,Traction/OHE,27.9,High,High,0,0,0,1,1
SEG-022,2025-07-24,Mumbai,Traction/OHE,27.9,High,High,0,0,0,1,1
SEG-022,2025-08-23,Mumbai,Traction/OHE,27.9,High,High,0,0,0,1,1
SEG-022,2025-09-22,Mumbai,Traction/OHE,27.9,High,High,0,0,0,1,1
SEG-022,2025-10-22,Mumbai,Traction/OHE,27.9,High,High,0,0,0,1,0
SEG-022,2025-11-21,Mumbai,Traction/OHE,27.9,High,High,0,0,0,1,0
SEG-023,2024-01-01,Mumbai,S&T,44.6,Medium,Low,0,0,0,1,0
SEG-023,2024-01-31,Mumbai,S&T,44.6,Medium,Low,0,0,0,1,0
SEG-023,2024-03-01,Mumbai,S&T,44.6,Medium,Low,0,0,0,1,0
SEG-023,2024-03-31,Mumbai,S&T,44.6,Medium,Low,0,0,0,1,0
SEG-023,2024-04-30,Mumbai,S&T,44.6,Medium,Low,0,0,0,1,0
SEG-023,2024-05-30,Mumbai,S&T,44.6,Medium,Low,0,0,0,1,0
SEG-023,2024-06-29,Mumbai,S&T,44.6,Medium,Low,0,0,0,1,1
SEG-023,2024-07-29,Mumbai,S&T,44.6,Medium,Low,0,0,0,1,1
SEG-023,2024-08-28,Mumbai,S&T,44.6,Medium,Low,0,0,0,1,1
SEG-023,2024-09-27,Mumbai,S&T,44.6,Medium,Low,0,0,0,1,1
SEG-023,2024-10-27,Mumbai,S&T,44.6,Medium,Low,0,0,0,1,0
SEG-023,2024-11-26,Mumbai,S&T,44.6,Medium,Low,0,0,0,1,0
SEG-023,2024-12-26,Mumbai,S&T,44.6,Medium,Low,0,0,0,1,0
SEG-023,2025-01-25,Mumbai,S&T,44.6,Medium,Low,0,0,0,1,0
SEG-023,2025-02-24,Mumbai,S&T,44.6,Medium,Low,0,1,0,1,0
SEG-023,2025-03-26,Mumbai,S&T,44.6,Medium,Low,0,1,0,1,0
SEG-023,2025-04-25,Mumbai,S&T,44.6,Medium,Low,0,0,1,1,0
SEG-023,2025-05-25,Mumbai,S&T,44.6,Medium,Low,0,1,0,0,0
SEG-023,2025-06-24,Mumbai,S&T,44.6,Medium,Low,1,0,0,0,1
SEG-023,2025-07-24,Mumbai,S&T,44.6,Medium,Low,1,0,0,0,1
SEG-023,2025-08-23,Mumbai,S&T,44.6,Medium,Low,1,0,0,0,1
SEG-023,2025-09-22,Mumbai,S&T,44.6,Medium,Low,0,0,0,0,1
SEG-023,2025-10-22,Mumbai,S&T,44.6,Medium,Low,0,0,0,0,0
SEG-023,2025-11-21,Mumbai,S&T,44.6,Medium,Low,0,0,0,0,0
SEG-024,2024-01-01,Mumbai,Traction/OHE,24.3,Low,High,0,0,0,1,0
SEG-024,2024-01-31,Mumbai,Traction/OHE,24.3,Low,High,0,0,0,1,0
SEG-024,2024-03-01,Mumbai,Traction/OHE,24.3,Low,High,0,0,0,1,0
SEG-024,2024-03-31,Mumbai,Traction/OHE,24.3,Low,High,0,0,0,1,0
SEG-024,2024-04-30,Mumbai,Traction/OHE,24.3,Low,High,0,0,0,1,0
SEG-024,2024-05-30,Mumbai,Traction/OHE,24.3,Low,High,0,0,0,1,0
SEG-024,2024-06-29,Mumbai,Traction/OHE,24.3,Low,High,0,0,0,1,1
SEG-024,2024-07-29,Mumbai,Traction/OHE,24.3,Low,High,0,0,0,1,1
SEG-024,2024-08-28,Mumbai,Traction/OHE,24.3,Low,High,0,0,0,1,1
SEG-024,2024-09-27,Mumbai,Traction/OHE,24.3,Low,High,0,0,0,1,1
SEG-024,2024-10-27,Mumbai,Traction/OHE,24.3,Low,High,0,0,0,1,0
SEG-024,2024-11-26,Mumbai,Traction/OHE,24.3,Low,High,0,0,0,1,0
SEG-024,2024-12-26,Mumbai,Traction/OHE,24.3,Low,High,0,0,0,1,0
SEG-024,2025-01-25,Mumbai,Traction/OHE,24.3,Low,High,0,0,0,1,0
SEG-024,2025-02-24,Mumbai,Traction/OHE,24.3,Low,High,0,0,0,1,0
SEG-024,2025-03-26,Mumbai,Traction/OHE,24.3,Low,High,0,0,0,1,0
SEG-024,2025-04-25,Mumbai,Traction/OHE,24.3,Low,High,0,1,0,1,0
SEG-024,2025-05-25,Mumbai,Traction/OHE,24.3,Low,High,0,0,0,1,0
SEG-024,2025-06-24,Mumbai,Traction/OHE,24.3,Low,High,0,0,0,1,1
SEG-024,2025-07-24,Mumbai,Traction/OHE,24.3,Low,High,0,0,0,1,1
SEG-024,2025-08-23,Mumbai,Traction/OHE,24.3,Low,High,0,1,0,1,1
SEG-024,2025-09-22,Mumbai,Traction/OHE,24.3,Low,High,0,0,0,1,1
SEG-024,2025-10-22,Mumbai,Traction/OHE,24.3,Low,High,0,0,0,1,0
SEG-024,2025-11-21,Mumbai,Traction/OHE,24.3,Low,High,0,0,0,1,0
SEG-025,2024-01-01,Mumbai,Traction/OHE,8.0,High,High,0,0,0,1,0
SEG-025,2024-01-31,Mumbai,Traction/OHE,8.0,High,High,0,0,0,1,0
SEG-025,2024-03-01,Mumbai,Traction/OHE,8.0,High,High,0,0,0,1,0
SEG-025,2024-03-31,Mumbai,Traction/OHE,8.0,High,High,0,0,0,1,0
SEG-025,2024-04-30,Mumbai,Traction/OHE,8.0,High,High,0,0,0,1,0
SEG-025,2024-05-30,Mumbai,Traction/OHE,8.0,High,High,0,0,0,1,0
SEG-025,2024-06-29,Mumbai,Traction/OHE,8.0,High,High,0,0,0,1,1
SEG-025,2024-07-29,Mumbai,Traction/OHE,8.0,High,High,0,0,0,1,1
SEG-025,2024-08-28,Mumbai,Traction/OHE,8.0,High,High,0,1,0,1,1
SEG-025,2024-09-27,Mumbai,Traction/OHE,8.0,High,High,0,0,0,1,1
SEG-025,2024-10-27,Mumbai,Traction/OHE,8.0,High,High,0,0,1,1,0
SEG-025,2024-11-26,Mumbai,Traction/OHE,8.0,High,High,0,0,0,0,0
SEG-025,2024-12-26,Mumbai,Traction/OHE,8.0,High,High,0,1,0,0,0
SEG-025,2025-01-25,Mumbai,Traction/OHE,8.0,High,High,0,0,0,0,0
SEG-025,2025-02-24,Mumbai,Traction/OHE,8.0,High,High,0,0,0,0,0
SEG-025,2025-03-26,Mumbai,Traction/OHE,8.0,High,High,0,0,0,0,0
SEG-025,2025-04-25,Mumbai,Traction/OHE,8.0,High,High,0,0,0,0,0
SEG-025,2025-05-25,Mumbai,Traction/OHE,8.0,High,High,0,0,0,0,0
SEG-025,2025-06-24,Mumbai,Traction/OHE,8.0,High,High,0,0,0,0,1
SEG-025,2025-07-24,Mumbai,Traction/OHE,8.0,High,High,0,1,0,0,1
SEG-025,2025-08-23,Mumbai,Traction/OHE,8.0,High,High,0,0,0,0,1
SEG-025,2025-09-22,Mumbai,Traction/OHE,8.0,High,High,0,0,0,0,1
SEG-025,2025-10-22,Mumbai,Traction/OHE,8.0,High,High,0,0,0,0,0
SEG-025,2025-11-21,Mumbai,Traction/OHE,8.0,High,High,0,0,0,0,0
SEG-026,2024-01-01,Delhi,Track,10.2,Medium,High,0,0,0,1,0
SEG-026,2024-01-31,Delhi,Track,10.2,Medium,High,0,0,0,1,0
SEG-026,2024-03-01,Delhi,Track,10.2,Medium,High,0,0,0,1,0
SEG-026,2024-03-31,Delhi,Track,10.2,Medium,High,0,0,0,1,0
SEG-026,2024-04-30,Delhi,Track,10.2,Medium,High,0,0,0,1,0
SEG-026,2024-05-30,Delhi,Track,10.2,Medium,High,0,0,0,1,0
SEG-026,2024-06-29,Delhi,Track,10.2,Medium,High,0,0,0,1,1
SEG-026,2024-07-29,Delhi,Track,10.2,Medium,High,0,0,0,1,1
SEG-026,2024-08-28,Delhi,Track,10.2,Medium,High,0,0,0,1,1
SEG-026,2024-09-27,Delhi,Track,10.2,Medium,High,0,0,0,1,1
SEG-026,2024-10-27,Delhi,Track,10.2,Medium,High,0,0,0,1,0
SEG-026,2024-11-26,Delhi,Track,10.2,Medium,High,0,1,0,1,0
SEG-026,2024-12-26,Delhi,Track,10.2,Medium,High,0,1,0,1,0
SEG-026,2025-01-25,Delhi,Track,10.2,Medium,High,0,0,0,1,0
SEG-026,2025-02-24,Delhi,Track,10.2,Medium,High,0,0,0,1,0
SEG-026,2025-03-26,Delhi,Track,10.2,Medium,High,0,0,0,1,0
SEG-026,2025-04-25,Delhi,Track,10.2,Medium,High,0,0,0,1,0
SEG-026,2025-05-25,Delhi,Track,10.2,Medium,High,0,0,0,1,0
SEG-026,2025-06-24,Delhi,Track,10.2,Medium,High,0,0,0,1,1
SEG-026,2025-07-24,Delhi,Track,10.2,Medium,High,0,0,1,1,1
SEG-026,2025-08-23,Delhi,Track,10.2,Medium,High,0,0,0,0,1
SEG-026,2025-09-22,Delhi,Track,10.2,Medium,High,0,0,0,0,1
SEG-026,2025-10-22,Delhi,Track,10.2,Medium,High,0,0,0,0,0
SEG-026,2025-11-21,Delhi,Track,10.2,Medium,High,0,0,0,0,0
SEG-027,2024-01-01,Delhi,S&T,8.3,Low,Low,0,0,0,1,0
SEG-027,2024-01-31,Delhi,S&T,8.3,Low,Low,0,0,0,1,0
SEG-027,2024-03-01,Delhi,S&T,8.3,Low,Low,0,1,0,1,0
SEG-027,2024-03-31,Delhi,S&T,8.3,Low,Low,0,0,0,1,0
SEG-027,2024-04-30,Delhi,S&T,8.3,Low,Low,0,0,0,1,0
SEG-027,2024-05-30,Delhi,S&T,8.3,Low,Low,0,0,0,1,0
SEG-027,2024-06-29,Delhi,S&T,8.3,Low,Low,0,0,0,1,1
SEG-027,2024-07-29,Delhi,S&T,8.3,Low,Low,0,0,0,1,1
SEG-027,2024-08-28,Delhi,S&T,8.3,Low,Low,0,0,0,1,1
SEG-027,2024-09-27,Delhi,S&T,8.3,Low,Low,0,0,0,1,1
SEG-027,2024-10-27,Delhi,S&T,8.3,Low,Low,0,0,0,1,0
SEG-027,2024-11-26,Delhi,S&T,8.3,Low,Low,0,0,0,1,0
SEG-027,2024-12-26,Delhi,S&T,8.3,Low,Low,0,0,0,1,0
SEG-027,2025-01-25,Delhi,S&T,8.3,Low,Low,0,0,0,1,0
SEG-027,2025-02-24,Delhi,S&T,8.3,Low,Low,0,0,0,1,0
SEG-027,2025-03-26,Delhi,S&T,8.3,Low,Low,0,0,0,1,0
SEG-027,2025-04-25,Delhi,S&T,8.3,Low,Low,0,0,0,1,0
SEG-027,2025-05-25,Delhi,S&T,8.3,Low,Low,0,1,0,1,0
SEG-027,2025-06-24,Delhi,S&T,8.3,Low,Low,1,0,0,1,1
SEG-027,2025-07-24,Delhi,S&T,8.3,Low,Low,1,0,0,1,1
SEG-027,2025-08-23,Delhi,S&T,8.3,Low,Low,1,0,0,1,1
SEG-027,2025-09-22,Delhi,S&T,8.3,Low,Low,0,0,0,1,1
SEG-027,2025-10-22,Delhi,S&T,8.3,Low,Low,0,0,0,1,0
SEG-027,2025-11-21,Delhi,S&T,8.3,Low,Low,0,0,0,1,0
SEG-028,2024-01-01,Delhi,Track,29.7,Medium,High,0,0,0,1,0
SEG-028,2024-01-31,Delhi,Track,29.7,Medium,High,0,0,0,1,0
SEG-028,2024-03-01,Delhi,Track,29.7,Medium,High,0,0,0,1,0
SEG-028,2024-03-31,Delhi,Track,29.7,Medium,High,0,0,0,1,0
SEG-028,2024-04-30,Delhi,Track,29.7,Medium,High,0,0,0,1,0
SEG-028,2024-05-30,Delhi,Track,29.7,Medium,High,0,0,0,1,0
SEG-028,2024-06-29,Delhi,Track,29.7,Medium,High,0,0,0,1,1
SEG-028,2024-07-29,Delhi,Track,29.7,Medium,High,0,0,0,1,1
SEG-028,2024-08-28,Delhi,Track,29.7,Medium,High,0,0,0,1,1
SEG-028,2024-09-27,Delhi,Track,29.7,Medium,High,0,0,0,1,1
SEG-028,2024-10-27,Delhi,Track,29.7,Medium,High,0,0,0,1,0
SEG-028,2024-11-26,Delhi,Track,29.7,Medium,High,0,0,0,1,0
SEG-028,2024-12-26,Delhi,Track,29.7,Medium,High,0,0,0,1,0
SEG-028,2025-01-25,Delhi,Track,29.7,Medium,High,0,0,0,1,0
SEG-028,2025-02-24,Delhi,Track,29.7,Medium,High,0,0,0,1,0
SEG-028,2025-03-26,Delhi,Track,29.7,Medium,High,0,0,0,1,0
SEG-028,2025-04-25,Delhi,Track,29.7,Medium,High,0,2,0,1,0
SEG-028,2025-05-25,Delhi,Track,29.7,Medium,High,0,0,0,1,0
SEG-028,2025-06-24,Delhi,Track,29.7,Medium,High,0,0,0,1,1
SEG-028,2025-07-24,Delhi,Track,29.7,Medium,High,0,0,0,1,1
SEG-028,2025-08-23,Delhi,Track,29.7,Medium,High,0,0,0,1,1
SEG-028,2025-09-22,Delhi,Track,29.7,Medium,High,0,0,0,1,1
SEG-028,2025-10-22,Delhi,Track,29.7,Medium,High,0,0,0,1,0
SEG-028,2025-11-21,Delhi,Track,29.7,Medium,High,0,0,0,1,0
SEG-029,2024-01-01,Delhi,Traction/OHE,49.0,High,Low,0,0,0,1,0
SEG-029,2024-01-31,Delhi,Traction/OHE,49.0,High,Low,0,0,0,1,0
SEG-029,2024-03-01,Delhi,Traction/OHE,49.0,High,Low,0,0,0,1,0
SEG-029,2024-03-31,Delhi,Traction/OHE,49.0,High,Low,0,0,0,1,0
SEG-029,2024-04-30,Delhi,Traction/OHE,49.0,High,Low,0,0,0,1,0
SEG-029,2024-05-30,Delhi,Traction/OHE,49.0,High,Low,0,0,1,1,0
SEG-029,2024-06-29,Delhi,Traction/OHE,49.0,High,Low,0,0,0,0,1
SEG-029,2024-07-29,Delhi,Traction/OHE,49.0,High,Low,0,0,0,0,1
SEG-029,2024-08-28,Delhi,Traction/OHE,49.0,High,Low,0,0,0,0,1
SEG-029,2024-09-27,Delhi,Traction/OHE,49.0,High,Low,0,0,0,0,1
SEG-029,2024-10-27,Delhi,Traction/OHE,49.0,High,Low,0,0,0,0,0
SEG-029,2024-11-26,Delhi,Traction/OHE,49.0,High,Low,0,0,0,0,0
SEG-029,2024-12-26,Delhi,Traction/OHE,49.0,High,Low,0,0,0,0,0
SEG-029,2025-01-25,Delhi,Traction/OHE,49.0,High,Low,0,0,0,0,0
SEG-029,2025-02-24,Delhi,Traction/OHE,49.0,High,Low,0,0,0,0,0
SEG-029,2025-03-26,Delhi,Traction/OHE,49.0,High,Low,0,0,0,0,0
SEG-029,2025-04-25,Delhi,Traction/OHE,49.0,High,Low,0,0,0,0,0
SEG-029,2025-05-25,Delhi,Traction/OHE,49.0,High,Low,0,0,0,0,0
SEG-029,2025-06-24,Delhi,Traction/OHE,49.0,High,Low,0,0,0,0,1
SEG-029,2025-07-24,Delhi,Traction/OHE,49.0,High,Low,0,0,0,0,1
SEG-029,2025-08-23,Delhi,Traction/OHE,49.0,High,Low,0,0,0,0,1
SEG-029,2025-09-22,Delhi,Traction/OHE,49.0,High,Low,0,0,0,0,1
SEG-029,2025-10-22,Delhi,Traction/OHE,49.0,High,Low,0,0,0,0,0
SEG-029,2025-11-21,Delhi,Traction/OHE,49.0,High,Low,0,0,0,0,0
SEG-030,2024-01-01,Delhi,S&T,28.8,High,Low,0,0,0,1,0
SEG-030,2024-01-31,Delhi,S&T,28.8,High,Low,0,0,0,1,0
SEG-030,2024-03-01,Delhi,S&T,28.8,High,Low,0,0,0,1,0
SEG-030,2024-03-31,Delhi,S&T,28.8,High,Low,0,0,0,1,0
SEG-030,2024-04-30,Delhi,S&T,28.8,High,Low,0,0,0,1,0
SEG-030,2024-05-30,Delhi,S&T,28.8,High,Low,0,0,0,1,0
SEG-030,2024-06-29,Delhi,S&T,28.8,High,Low,0,0,0,1,1
SEG-030,2024-07-29,Delhi,S&T,28.8,High,Low,0,0,0,1,1
SEG-030,2024-08-28,Delhi,S&T,28.8,High,Low,0,0,0,1,1
SEG-030,2024-09-27,Delhi,S&T,28.8,High,Low,0,0,0,1,1
SEG-030,2024-10-27,Delhi,S&T,28.8,High,Low,0,0,0,1,0
SEG-030,2024-11-26,Delhi,S&T,28.8,High,Low,0,0,0,1,0
SEG-030,2024-12-26,Delhi,S&T,28.8,High,Low,0,0,0,1,0
SEG-030,2025-01-25,Delhi,S&T,28.8,High,Low,0,0,0,1,0
SEG-030,2025-02-24,Delhi,S&T,28.8,High,Low,0,0,0,1,0
SEG-030,2025-03-26,Delhi,S&T,28.8,High,Low,0,0,0,1,0
SEG-030,2025-04-25,Delhi,S&T,28.8,High,Low,0,1,0,1,0
SEG-030,2025-05-25,Delhi,S&T,28.8,High,Low,0,0,0,1,0
SEG-030,2025-06-24,Delhi,S&T,28.8,High,Low,0,0,0,1,1
SEG-030,2025-07-24,Delhi,S&T,28.8,High,Low,0,0,0,1,1
SEG-030,2025-08-23,Delhi,S&T,28.8,High,Low,0,0,0,1,1
SEG-030,2025-09-22,Delhi,S&T,28.8,High,Low,0,0,0,1,1
SEG-030,2025-10-22,Delhi,S&T,28.8,High,Low,0,1,0,1,0
SEG-030,2025-11-21,Delhi,S&T,28.8,High,Low,0,0,0,1,0
SEG-031,2024-01-01,Allahabad,Traction/OHE,35.4,High,Medium,0,0,0,1,0
SEG-031,2024-01-31,Allahabad,Traction/OHE,35.4,High,Medium,0,0,0,1,0
SEG-031,2024-03-01,Allahabad,Traction/OHE,35.4,High,Medium,0,0,0,1,0
SEG-031,2024-03-31,Allahabad,Traction/OHE,35.4,High,Medium,0,0,0,1,0
SEG-031,2024-04-30,Allahabad,Traction/OHE,35.4,High,Medium,0,0,0,1,0
SEG-031,2024-05-30,Allahabad,Traction/OHE,35.4,High,Medium,0,0,0,1,0
SEG-031,2024-06-29,Allahabad,Traction/OHE,35.4,High,Medium,0,1,0,1,1
SEG-031,2024-07-29,Allahabad,Traction/OHE,35.4,High,Medium,0,2,0,1,1
SEG-031,2024-08-28,Allahabad,Traction/OHE,35.4,High,Medium,0,0,0,1,1
SEG-031,2024-09-27,Allahabad,Traction/OHE,35.4,High,Medium,0,0,0,1,1
SEG-031,2024-10-27,Allahabad,Traction/OHE,35.4,High,Medium,0,0,1,1,0
SEG-031,2024-11-26,Allahabad,Traction/OHE,35.4,High,Medium,0,0,0,0,0
SEG-031,2024-12-26,Allahabad,Traction/OHE,35.4,High,Medium,0,0,0,0,0
SEG-031,2025-01-25,Allahabad,Traction/OHE,35.4,High,Medium,0,0,0,0,0
SEG-031,2025-02-24,Allahabad,Traction/OHE,35.4,High,Medium,0,0,0,0,0
SEG-031,2025-03-26,Allahabad,Traction/OHE,35.4,High,Medium,0,0,0,0,0
SEG-031,2025-04-25,Allahabad,Traction/OHE,35.4,High,Medium,0,0,0,0,0
SEG-031,2025-05-25,Allahabad,Traction/OHE,35.4,High,Medium,0,0,0,0,0
SEG-031,2025-06-24,Allahabad,Traction/OHE,35.4,High,Medium,0,1,0,0,1
SEG-031,2025-07-24,Allahabad,Traction/OHE,35.4,High,Medium,1,0,0,0,1
SEG-031,2025-08-23,Allahabad,Traction/OHE,35.4,High,Medium,1,0,0,0,1
SEG-031,2025-09-22,Allahabad,Traction/OHE,35.4,High,Medium,1,0,0,0,1
SEG-031,2025-10-22,Allahabad,Traction/OHE,35.4,High,Medium,0,0,0,0,0
SEG-031,2025-11-21,Allahabad,Traction/OHE,35.4,High,Medium,0,1,0,0,0
SEG-032,2024-01-01,Allahabad,Traction/OHE,23.6,Low,Low,0,0,0,1,0
SEG-032,2024-01-31,Allahabad,Traction/OHE,23.6,Low,Low,0,0,0,1,0
SEG-032,2024-03-01,Allahabad,Traction/OHE,23.6,Low,Low,0,0,0,1,0
SEG-032,2024-03-31,Allahabad,Traction/OHE,23.6,Low,Low,0,0,0,1,0
SEG-032,2024-04-30,Allahabad,Traction/OHE,23.6,Low,Low,0,0,0,1,0
SEG-032,2024-05-30,Allahabad,Traction/OHE,23.6,Low,Low,0,0,0,1,0
SEG-032,2024-06-29,Allahabad,Traction/OHE,23.6,Low,Low,0,0,0,1,1
SEG-032,2024-07-29,Allahabad,Traction/OHE,23.6,Low,Low,0,0,0,1,1
SEG-032,2024-08-28,Allahabad,Traction/OHE,23.6,Low,Low,0,0,0,1,1
SEG-032,2024-09-27,Allahabad,Traction/OHE,23.6,Low,Low,0,0,0,1,1
SEG-032,2024-10-27,Allahabad,Traction/OHE,23.6,Low,Low,0,0,0,1,0
SEG-032,2024-11-26,Allahabad,Traction/OHE,23.6,Low,Low,0,0,0,1,0
SEG-032,2024-12-26,Allahabad,Traction/OHE,23.6,Low,Low,0,0,0,1,0
SEG-032,2025-01-25,Allahabad,Traction/OHE,23.6,Low,Low,0,0,0,1,0
SEG-032,2025-02-24,Allahabad,Traction/OHE,23.6,Low,Low,0,0,0,1,0
SEG-032,2025-03-26,Allahabad,Traction/OHE,23.6,Low,Low,0,0,0,1,0
SEG-032,2025-04-25,Allahabad,Traction/OHE,23.6,Low,Low,0,0,0,1,0
SEG-032,2025-05-25,Allahabad,Traction/OHE,23.6,Low,Low,0,1,0,1,0
SEG-032,2025-06-24,Allahabad,Traction/OHE,23.6,Low,Low,0,0,0,1,1
SEG-032,2025-07-24,Allahabad,Traction/OHE,23.6,Low,Low,0,0,0,1,1
SEG-032,2025-08-23,Allahabad,Traction/OHE,23.6,Low,Low,0,0,0,1,1
SEG-032,2025-09-22,Allahabad,Traction/OHE,23.6,Low,Low,0,0,0,1,1
SEG-032,2025-10-22,Allahabad,Traction/OHE,23.6,Low,Low,0,0,0,1,0
SEG-032,2025-11-21,Allahabad,Traction/OHE,23.6,Low,Low,0,0,0,1,0
SEG-033,2024-01-01,Allahabad,Traction/OHE,18.9,Low,High,0,0,0,1,0
SEG-033,2024-01-31,Allahabad,Traction/OHE,18.9,Low,High,0,1,0,1,0
SEG-033,2024-03-01,Allahabad,Traction/OHE,18.9,Low,High,1,0,0,1,0
SEG-033,2024-03-31,Allahabad,Traction/OHE,18.9,Low,High,1,0,0,1,0
SEG-033,2024-04-30,Allahabad,Traction/OHE,18.9,Low,High,1,0,0,1,0
SEG-033,2024-05-30,Allahabad,Traction/OHE,18.9,Low,High,0,0,0,1,0
SEG-033,2024-06-29,Allahabad,Traction/OHE,18.9,Low,High,0,0,1,1,1
SEG-033,2024-07-29,Allahabad,Traction/OHE,18.9,Low,High,0,0,0,0,1
SEG-033,2024-08-28,Allahabad,Traction/OHE,18.9,Low,High,0,0,0,0,1
SEG-033,2024-09-27,Allahabad,Traction/OHE,18.9,Low,High,0,0,0,0,1
SEG-033,2024-10-27,Allahabad,Traction/OHE,18.9,Low,High,0,1,0,0,0
SEG-033,2024-11-26,Allahabad,Traction/OHE,18.9,Low,High,0,0,0,0,0
SEG-033,2024-12-26,Allahabad,Traction/OHE,18.9,Low,High,0,0,0,0,0
SEG-033,2025-01-25,Allahabad,Traction/OHE,18.9,Low,High,0,0,0,0,0
SEG-033,2025-02-24,Allahabad,Traction/OHE,18.9,Low,High,0,0,0,0,0
SEG-033,2025-03-26,Allahabad,Traction/OHE,18.9,Low,High,0,0,0,0,0
SEG-033,2025-04-25,Allahabad,Traction/OHE,18.9,Low,High,0,0,0,0,0
SEG-033,2025-05-25,Allahabad,Traction/OHE,18.9,Low,High,0,0,0,0,0
SEG-033,2025-06-24,Allahabad,Traction/OHE,18.9,Low,High,0,1,0,0,1
SEG-033,2025-07-24,Allahabad,Traction/OHE,18.9,Low,High,0,0,0,0,1
SEG-033,2025-08-23,Allahabad,Traction/OHE,18.9,Low,High,0,0,0,0,1
SEG-033,2025-09-22,Allahabad,Traction/OHE,18.9,Low,High,0,0,0,0,1
SEG-033,2025-10-22,Allahabad,Traction/OHE,18.9,Low,High,0,0,0,0,0
SEG-033,2025-11-21,Allahabad,Traction/OHE,18.9,Low,High,0,0,0,0,0
SEG-034,2024-01-01,Allahabad,Track,36.3,Low,Low,0,1,0,1,0
SEG-034,2024-01-31,Allahabad,Track,36.3,Low,Low,0,0,0,1,0
SEG-034,2024-03-01,Allahabad,Track,36.3,Low,Low,0,0,0,1,0
SEG-034,2024-03-31,Allahabad,Track,36.3,Low,Low,0,0,0,1,0
SEG-034,2024-04-30,Allahabad,Track,36.3,Low,Low,0,0,0,1,0
SEG-034,2024-05-30,Allahabad,Track,36.3,Low,Low,0,0,0,1,0
SEG-034,2024-06-29,Allahabad,Track,36.3,Low,Low,0,0,0,1,1
SEG-034,2024-07-29,Allahabad,Track,36.3,Low,Low,0,0,0,1,1
SEG-034,2024-08-28,Allahabad,Track,36.3,Low,Low,0,0,0,1,1
SEG-034,2024-09-27,Allahabad,Track,36.3,Low,Low,0,0,0,1,1
SEG-034,2024-10-27,Allahabad,Track,36.3,Low,Low,0,0,0,1,0
SEG-034,2024-11-26,Allahabad,Track,36.3,Low,Low,0,0,0,1,0
SEG-034,2024-12-26,Allahabad,Track,36.3,Low,Low,0,0,0,1,0
SEG-034,2025-01-25,Allahabad,Track,36.3,Low,Low,0,0,0,1,0
SEG-034,2025-02-24,Allahabad,Track,36.3,Low,Low,0,0,0,1,0
SEG-034,2025-03-26,Allahabad,Track,36.3,Low,Low,0,0,0,1,0
SEG-034,2025-04-25,Allahabad,Track,36.3,Low,Low,0,1,0,1,0
SEG-034,2025-05-25,Allahabad,Track,36.3,Low,Low,0,0,0,1,0
SEG-034,2025-06-24,Allahabad,Track,36.3,Low,Low,0,0,0,1,1
SEG-034,2025-07-24,Allahabad,Track,36.3,Low,Low,0,0,0,1,1
SEG-034,2025-08-23,Allahabad,Track,36.3,Low,Low,0,0,0,1,1
SEG-034,2025-09-22,Allahabad,Track,36.3,Low,Low,0,0,0,1,1
SEG-034,2025-10-22,Allahabad,Track,36.3,Low,Low,0,0,0,1,0
SEG-034,2025-11-21,Allahabad,Track,36.3,Low,Low,0,0,0,1,0
SEG-035,2024-01-01,Allahabad,Track,6.3,Medium,High,0,0,0,1,0
SEG-035,2024-01-31,Allahabad,Track,6.3,Medium,High,0,1,0,1,0
SEG-035,2024-03-01,Allahabad,Track,6.3,Medium,High,0,0,0,1,0
SEG-035,2024-03-31,Allahabad,Track,6.3,Medium,High,0,0,0,1,0
SEG-035,2024-04-30,Allahabad,Track,6.3,Medium,High,0,0,0,1,0
SEG-035,2024-05-30,Allahabad,Track,6.3,Medium,High,0,0,0,1,0
SEG-035,2024-06-29,Allahabad,Track,6.3,Medium,High,0,0,0,1,1
SEG-035,2024-07-29,Allahabad,Track,6.3,Medium,High,0,0,0,1,1
SEG-035,2024-08-28,Allahabad,Track,6.3,Medium,High,0,0,0,1,1
SEG-035,2024-09-27,Allahabad,Track,6.3,Medium,High,0,0,0,1,1
SEG-035,2024-10-27,Allahabad,Track,6.3,Medium,High,0,0,0,1,0
SEG-035,2024-11-26,Allahabad,Track,6.3,Medium,High,0,0,1,1,0
SEG-035,2024-12-26,Allahabad,Track,6.3,Medium,High,0,0,0,0,0
SEG-035,2025-01-25,Allahabad,Track,6.3,Medium,High,0,0,0,0,0
SEG-035,2025-02-24,Allahabad,Track,6.3,Medium,High,0,0,0,0,0
SEG-035,2025-03-26,Allahabad,Track,6.3,Medium,High,0,0,0,0,0
SEG-035,2025-04-25,Allahabad,Track,6.3,Medium,High,0,1,0,0,0
SEG-035,2025-05-25,Allahabad,Track,6.3,Medium,High,0,0,0,0,0
SEG-035,2025-06-24,Allahabad,Track,6.3,Medium,High,0,0,0,0,1
SEG-035,2025-07-24,Allahabad,Track,6.3,Medium,High,0,0,0,0,1
SEG-035,2025-08-23,Allahabad,Track,6.3,Medium,High,0,0,0,0,1
SEG-035,2025-09-22,Allahabad,Track,6.3,Medium,High,0,0,0,0,1
SEG-035,2025-10-22,Allahabad,Track,6.3,Medium,High,0,0,0,0,0
SEG-035,2025-11-21,Allahabad,Track,6.3,Medium,High,0,0,0,0,0
SEG-036,2024-01-01,Mughal Sarai,Traction/OHE,9.2,Medium,Low,0,0,0,1,0
SEG-036,2024-01-31,Mughal Sarai,Traction/OHE,9.2,Medium,Low,0,0,0,1,0
SEG-036,2024-03-01,Mughal Sarai,Traction/OHE,9.2,Medium,Low,0,0,0,1,0
SEG-036,2024-03-31,Mughal Sarai,Traction/OHE,9.2,Medium,Low,0,0,0,1,0
SEG-036,2024-04-30,Mughal Sarai,Traction/OHE,9.2,Medium,Low,0,0,0,1,0
SEG-036,2024-05-30,Mughal Sarai,Traction/OHE,9.2,Medium,Low,0,0,0,1,0
SEG-036,2024-06-29,Mughal Sarai,Traction/OHE,9.2,Medium,Low,0,0,0,1,1
SEG-036,2024-07-29,Mughal Sarai,Traction/OHE,9.2,Medium,Low,0,0,0,1,1
SEG-036,2024-08-28,Mughal Sarai,Traction/OHE,9.2,Medium,Low,0,0,0,1,1
SEG-036,2024-09-27,Mughal Sarai,Traction/OHE,9.2,Medium,Low,0,0,0,1,1
SEG-036,2024-10-27,Mughal Sarai,Traction/OHE,9.2,Medium,Low,0,0,0,1,0
SEG-036,2024-11-26,Mughal Sarai,Traction/OHE,9.2,Medium,Low,0,0,0,1,0
SEG-036,2024-12-26,Mughal Sarai,Traction/OHE,9.2,Medium,Low,0,0,0,1,0
SEG-036,2025-01-25,Mughal Sarai,Traction/OHE,9.2,Medium,Low,0,0,0,1,0
SEG-036,2025-02-24,Mughal Sarai,Traction/OHE,9.2,Medium,Low,0,0,0,1,0
SEG-036,2025-03-26,Mughal Sarai,Traction/OHE,9.2,Medium,Low,0,0,0,1,0
SEG-036,2025-04-25,Mughal Sarai,Traction/OHE,9.2,Medium,Low,0,0,0,1,0
SEG-036,2025-05-25,Mughal Sarai,Traction/OHE,9.2,Medium,Low,0,0,0,1,0
SEG-036,2025-06-24,Mughal Sarai,Traction/OHE,9.2,Medium,Low,0,0,0,1,1
SEG-036,2025-07-24,Mughal Sarai,Traction/OHE,9.2,Medium,Low,0,0,0,1,1
SEG-036,2025-08-23,Mughal Sarai,Traction/OHE,9.2,Medium,Low,0,0,0,1,1
SEG-036,2025-09-22,Mughal Sarai,Traction/OHE,9.2,Medium,Low,0,0,0,1,1
SEG-036,2025-10-22,Mughal Sarai,Traction/OHE,9.2,Medium,Low,0,0,0,1,0
SEG-036,2025-11-21,Mughal Sarai,Traction/OHE,9.2,Medium,Low,0,0,0,1,0
SEG-037,2024-01-01,Mughal Sarai,Track,11.9,Medium,Medium,0,0,0,1,0
SEG-037,2024-01-31,Mughal Sarai,Track,11.9,Medium,Medium,0,0,0,1,0
SEG-037,2024-03-01,Mughal Sarai,Track,11.9,Medium,Medium,0,1,0,1,0
SEG-037,2024-03-31,Mughal Sarai,Track,11.9,Medium,Medium,1,0,0,1,0
SEG-037,2024-04-30,Mughal Sarai,Track,11.9,Medium,Medium,1,1,0,1,0
SEG-037,2024-05-30,Mughal Sarai,Track,11.9,Medium,Medium,1,0,0,1,0
SEG-037,2024-06-29,Mughal Sarai,Track,11.9,Medium,Medium,0,0,0,1,1
SEG-037,2024-07-29,Mughal Sarai,Track,11.9,Medium,Medium,0,0,0,1,1
SEG-037,2024-08-28,Mughal Sarai,Track,11.9,Medium,Medium,0,0,0,1,1
SEG-037,2024-09-27,Mughal Sarai,Track,11.9,Medium,Medium,0,0,0,1,1
SEG-037,2024-10-27,Mughal Sarai,Track,11.9,Medium,Medium,0,0,0,1,0
SEG-037,2024-11-26,Mughal Sarai,Track,11.9,Medium,Medium,0,0,0,1,0
SEG-037,2024-12-26,Mughal Sarai,Track,11.9,Medium,Medium,0,0,0,1,0
SEG-037,2025-01-25,Mughal Sarai,Track,11.9,Medium,Medium,0,0,0,1,0
SEG-037,2025-02-24,Mughal Sarai,Track,11.9,Medium,Medium,0,0,0,1,0
SEG-037,2025-03-26,Mughal Sarai,Track,11.9,Medium,Medium,0,0,0,1,0
SEG-037,2025-04-25,Mughal Sarai,Track,11.9,Medium,Medium,0,0,0,1,0
SEG-037,2025-05-25,Mughal Sarai,Track,11.9,Medium,Medium,0,0,0,1,0
SEG-037,2025-06-24,Mughal Sarai,Track,11.9,Medium,Medium,0,0,0,1,1
SEG-037,2025-07-24,Mughal Sarai,Track,11.9,Medium,Medium,0,1,0,1,1
SEG-037,2025-08-23,Mughal Sarai,Track,11.9,Medium,Medium,1,0,0,1,1
SEG-037,2025-09-22,Mughal Sarai,Track,11.9,Medium,Medium,1,0,0,1,1
SEG-037,2025-10-22,Mughal Sarai,Track,11.9,Medium,Medium,1,0,0,1,0
SEG-037,2025-11-21,Mughal Sarai,Track,11.9,Medium,Medium,0,0,0,1,0
SEG-038,2024-01-01,Mughal Sarai,Track,43.6,Medium,Low,0,0,0,1,0
SEG-038,2024-01-31,Mughal Sarai,Track,43.6,Medium,Low,0,0,0,1,0
SEG-038,2024-03-01,Mughal Sarai,Track,43.6,Medium,Low,0,1,0,1,0
SEG-038,2024-03-31,Mughal Sarai,Track,43.6,Medium,Low,0,0,0,1,0
SEG-038,2024-04-30,Mughal Sarai,Track,43.6,Medium,Low,0,0,0,1,0
SEG-038,2024-05-30,Mughal Sarai,Track,43.6,Medium,Low,0,0,0,1,0
SEG-038,2024-06-29,Mughal Sarai,Track,43.6,Medium,Low,0,0,0,1,1
SEG-038,2024-07-29,Mughal Sarai,Track,43.6,Medium,Low,0,0,0,1,1
SEG-038,2024-08-28,Mughal Sarai,Track,43.6,Medium,Low,0,0,0,1,1
SEG-038,2024-09-27,Mughal Sarai,Track,43.6,Medium,Low,0,0,0,1,1
SEG-038,2024-10-27,Mughal Sarai,Track,43.6,Medium,Low,0,1,0,1,0
SEG-038,2024-11-26,Mughal Sarai,Track,43.6,Medium,Low,0,0,0,1,0
SEG-038,2024-12-26,Mughal Sarai,Track,43.6,Medium,Low,0,0,0,1,0
SEG-038,2025-01-25,Mughal Sarai,Track,43.6,Medium,Low,0,0,0,1,0
SEG-038,2025-02-24,Mughal Sarai,Track,43.6,Medium,Low,0,0,0,1,0
SEG-038,2025-03-26,Mughal Sarai,Track,43.6,Medium,Low,0,1,0,1,0
SEG-038,2025-04-25,Mughal Sarai,Track,43.6,Medium,Low,0,0,0,1,0
SEG-038,2025-05-25,Mughal Sarai,Track,43.6,Medium,Low,0,0,0,1,0
SEG-038,2025-06-24,Mughal Sarai,Track,43.6,Medium,Low,0,0,0,1,1
SEG-038,2025-07-24,Mughal Sarai,Track,43.6,Medium,Low,0,0,0,1,1
SEG-038,2025-08-23,Mughal Sarai,Track,43.6,Medium,Low,0,1,0,1,1
SEG-038,2025-09-22,Mughal Sarai,Track,43.6,Medium,Low,1,0,0,1,1
SEG-038,2025-10-22,Mughal Sarai,Track,43.6,Medium,Low,1,0,0,1,0
SEG-038,2025-11-21,Mughal Sarai,Track,43.6,Medium,Low,1,0,0,1,0
SEG-039,2024-01-01,Mughal Sarai,Track,40.6,Low,Low,0,0,0,1,0
SEG-039,2024-01-31,Mughal Sarai,Track,40.6,Low,Low,0,0,0,1,0
SEG-039,2024-03-01,Mughal Sarai,Track,40.6,Low,Low,0,1,0,1,0
SEG-039,2024-03-31,Mughal Sarai,Track,40.6,Low,Low,0,0,0,1,0
SEG-039,2024-04-30,Mughal Sarai,Track,40.6,Low,Low,0,0,0,1,0
SEG-039,2024-05-30,Mughal Sarai,Track,40.6,Low,Low,0,0,0,1,0
SEG-039,2024-06-29,Mughal Sarai,Track,40.6,Low,Low,0,0,0,1,1
SEG-039,2024-07-29,Mughal Sarai,Track,40.6,Low,Low,0,0,0,1,1
SEG-039,2024-08-28,Mughal Sarai,Track,40.6,Low,Low,0,1,0,1,1
SEG-039,2024-09-27,Mughal Sarai,Track,40.6,Low,Low,0,0,0,1,1
SEG-039,2024-10-27,Mughal Sarai,Track,40.6,Low,Low,0,0,0,1,0
SEG-039,2024-11-26,Mughal Sarai,Track,40.6,Low,Low,0,0,0,1,0
SEG-039,2024-12-26,Mughal Sarai,Track,40.6,Low,Low,0,0,0,1,0
SEG-039,2025-01-25,Mughal Sarai,Track,40.6,Low,Low,0,0,0,1,0
SEG-039,2025-02-24,Mughal Sarai,Track,40.6,Low,Low,0,0,0,1,0
SEG-039,2025-03-26,Mughal Sarai,Track,40.6,Low,Low,0,0,0,1,0
SEG-039,2025-04-25,Mughal Sarai,Track,40.6,Low,Low,0,0,0,1,0
SEG-039,2025-05-25,Mughal Sarai,Track,40.6,Low,Low,0,0,0,1,0
SEG-039,2025-06-24,Mughal Sarai,Track,40.6,Low,Low,0,0,0,1,1
SEG-039,2025-07-24,Mughal Sarai,Track,40.6,Low,Low,0,0,0,1,1
SEG-039,2025-08-23,Mughal Sarai,Track,40.6,Low,Low,0,0,0,1,1
SEG-039,2025-09-22,Mughal Sarai,Track,40.6,Low,Low,0,0,0,1,1
SEG-039,2025-10-22,Mughal Sarai,Track,40.6,Low,Low,0,1,0,1,0
SEG-039,2025-11-21,Mughal Sarai,Track,40.6,Low,Low,0,0,0,1,0
SEG-040,2024-01-01,Mughal Sarai,Track,9.6,Low,Medium,0,0,0,1,0
SEG-040,2024-01-31,Mughal Sarai,Track,9.6,Low,Medium,0,1,0,1,0
SEG-040,2024-03-01,Mughal Sarai,Track,9.6,Low,Medium,0,0,0,1,0
SEG-040,2024-03-31,Mughal Sarai,Track,9.6,Low,Medium,0,0,0,1,0
SEG-040,2024-04-30,Mughal Sarai,Track,9.6,Low,Medium,0,0,0,1,0
SEG-040,2024-05-30,Mughal Sarai,Track,9.6,Low,Medium,0,0,0,1,0
SEG-040,2024-06-29,Mughal Sarai,Track,9.6,Low,Medium,0,0,0,1,1
SEG-040,2024-07-29,Mughal Sarai,Track,9.6,Low,Medium,0,0,0,1,1
SEG-040,2024-08-28,Mughal Sarai,Track,9.6,Low,Medium,0,0,0,1,1
SEG-040,2024-09-27,Mughal Sarai,Track,9.6,Low,Medium,0,0,0,1,1
SEG-040,2024-10-27,Mughal Sarai,Track,9.6,Low,Medium,0,0,0,1,0
SEG-040,2024-11-26,Mughal Sarai,Track,9.6,Low,Medium,0,0,0,1,0
SEG-040,2024-12-26,Mughal Sarai,Track,9.6,Low,Medium,0,0,0,1,0
SEG-040,2025-01-25,Mughal Sarai,Track,9.6,Low,Medium,0,0,0,1,0
SEG-040,2025-02-24,Mughal Sarai,Track,9.6,Low,Medium,0,0,1,1,0
SEG-040,2025-03-26,Mughal Sarai,Track,9.6,Low,Medium,0,0,0,0,0
SEG-040,2025-04-25,Mughal Sarai,Track,9.6,Low,Medium,0,0,0,0,0
SEG-040,2025-05-25,Mughal Sarai,Track,9.6,Low,Medium,0,0,0,0,0
SEG-040,2025-06-24,Mughal Sarai,Track,9.6,Low,Medium,0,0,0,0,1
SEG-040,2025-07-24,Mughal Sarai,Track,9.6,Low,Medium,0,0,0,0,1
SEG-040,2025-08-23,Mughal Sarai,Track,9.6,Low,Medium,0,0,0,0,1
SEG-040,2025-09-22,Mughal Sarai,Track,9.6,Low,Medium,0,0,0,0,1
SEG-040,2025-10-22,Mughal Sarai,Track,9.6,Low,Medium,0,0,0,0,0
SEG-040,2025-11-21,Mughal Sarai,Track,9.6,Low,Medium,0,0,0,0,0
SEG-041,2024-01-01,Dhanbad,Traction/OHE,6.5,High,Low,0,0,0,1,0
SEG-041,2024-01-31,Dhanbad,Traction/OHE,6.5,High,Low,0,0,0,1,0
SEG-041,2024-03-01,Dhanbad,Traction/OHE,6.5,High,Low,0,0,0,1,0
SEG-041,2024-03-31,Dhanbad,Traction/OHE,6.5,High,Low,0,0,0,1,0
SEG-041,2024-04-30,Dhanbad,Traction/OHE,6.5,High,Low,0,0,0,1,0
SEG-041,2024-05-30,Dhanbad,Traction/OHE,6.5,High,Low,0,0,0,1,0
SEG-041,2024-06-29,Dhanbad,Traction/OHE,6.5,High,Low,0,0,0,1,1
SEG-041,2024-07-29,Dhanbad,Traction/OHE,6.5,High,Low,0,1,1,1,1
SEG-041,2024-08-28,Dhanbad,Traction/OHE,6.5,High,Low,1,0,0,0,1
SEG-041,2024-09-27,Dhanbad,Traction/OHE,6.5,High,Low,1,0,0,0,1
SEG-041,2024-10-27,Dhanbad,Traction/OHE,6.5,High,Low,1,0,0,0,0
SEG-041,2024-11-26,Dhanbad,Traction/OHE,6.5,High,Low,0,0,0,0,0
SEG-041,2024-12-26,Dhanbad,Traction/OHE,6.5,High,Low,0,0,0,0,0
SEG-041,2025-01-25,Dhanbad,Traction/OHE,6.5,High,Low,0,0,0,0,0
SEG-041,2025-02-24,Dhanbad,Traction/OHE,6.5,High,Low,0,0,0,0,0
SEG-041,2025-03-26,Dhanbad,Traction/OHE,6.5,High,Low,0,0,0,0,0
SEG-041,2025-04-25,Dhanbad,Traction/OHE,6.5,High,Low,0,0,0,0,0
SEG-041,2025-05-25,Dhanbad,Traction/OHE,6.5,High,Low,0,0,0,0,0
SEG-041,2025-06-24,Dhanbad,Traction/OHE,6.5,High,Low,0,0,0,0,1
SEG-041,2025-07-24,Dhanbad,Traction/OHE,6.5,High,Low,0,0,0,0,1
SEG-041,2025-08-23,Dhanbad,Traction/OHE,6.5,High,Low,0,0,0,0,1
SEG-041,2025-09-22,Dhanbad,Traction/OHE,6.5,High,Low,0,0,0,0,1
SEG-041,2025-10-22,Dhanbad,Traction/OHE,6.5,High,Low,0,0,0,0,0
SEG-041,2025-11-21,Dhanbad,Traction/OHE,6.5,High,Low,0,0,0,0,0
SEG-042,2024-01-01,Dhanbad,Track,42.3,Medium,Low,0,0,0,1,0
SEG-042,2024-01-31,Dhanbad,Track,42.3,Medium,Low,0,0,0,1,0
SEG-042,2024-03-01,Dhanbad,Track,42.3,Medium,Low,0,1,0,1,0
SEG-042,2024-03-31,Dhanbad,Track,42.3,Medium,Low,0,0,0,1,0
SEG-042,2024-04-30,Dhanbad,Track,42.3,Medium,Low,0,0,0,1,0
SEG-042,2024-05-30,Dhanbad,Track,42.3,Medium,Low,0,0,0,1,0
SEG-042,2024-06-29,Dhanbad,Track,42.3,Medium,Low,0,0,0,1,1
SEG-042,2024-07-29,Dhanbad,Track,42.3,Medium,Low,0,0,0,1,1
SEG-042,2024-08-28,Dhanbad,Track,42.3,Medium,Low,0,0,0,1,1
SEG-042,2024-09-27,Dhanbad,Track,42.3,Medium,Low,0,1,0,1,1
SEG-042,2024-10-27,Dhanbad,Track,42.3,Medium,Low,0,1,0,1,0
SEG-042,2024-11-26,Dhanbad,Track,42.3,Medium,Low,0,0,0,1,0
SEG-042,2024-12-26,Dhanbad,Track,42.3,Medium,Low,0,0,0,1,0
SEG-042,2025-01-25,Dhanbad,Track,42.3,Medium,Low,0,0,0,1,0
SEG-042,2025-02-24,Dhanbad,Track,42.3,Medium,Low,0,0,0,1,0
SEG-042,2025-03-26,Dhanbad,Track,42.3,Medium,Low,0,0,0,1,0
SEG-042,2025-04-25,Dhanbad,Track,42.3,Medium,Low,0,0,0,1,0
SEG-042,2025-05-25,Dhanbad,Track,42.3,Medium,Low,0,0,0,1,0
SEG-042,2025-06-24,Dhanbad,Track,42.3,Medium,Low,0,0,0,1,1
SEG-042,2025-07-24,Dhanbad,Track,42.3,Medium,Low,0,1,0,1,1
SEG-042,2025-08-23,Dhanbad,Track,42.3,Medium,Low,1,0,0,1,1
SEG-042,2025-09-22,Dhanbad,Track,42.3,Medium,Low,1,0,0,1,1
SEG-042,2025-10-22,Dhanbad,Track,42.3,Medium,Low,1,1,0,1,0
SEG-042,2025-11-21,Dhanbad,Track,42.3,Medium,Low,0,0,0,1,0
SEG-043,2024-01-01,Dhanbad,S&T,13.0,Medium,Low,0,0,0,1,0
SEG-043,2024-01-31,Dhanbad,S&T,13.0,Medium,Low,0,0,0,1,0
SEG-043,2024-03-01,Dhanbad,S&T,13.0,Medium,Low,0,0,0,1,0
SEG-043,2024-03-31,Dhanbad,S&T,13.0,Medium,Low,0,0,0,1,0
SEG-043,2024-04-30,Dhanbad,S&T,13.0,Medium,Low,0,0,0,1,0
SEG-043,2024-05-30,Dhanbad,S&T,13.0,Medium,Low,0,0,0,1,0
SEG-043,2024-06-29,Dhanbad,S&T,13.0,Medium,Low,0,0,0,1,1
SEG-043,2024-07-29,Dhanbad,S&T,13.0,Medium,Low,0,0,0,1,1
SEG-043,2024-08-28,Dhanbad,S&T,13.0,Medium,Low,0,0,0,1,1
SEG-043,2024-09-27,Dhanbad,S&T,13.0,Medium,Low,0,0,0,1,1
SEG-043,2024-10-27,Dhanbad,S&T,13.0,Medium,Low,0,1,0,1,0
SEG-043,2024-11-26,Dhanbad,S&T,13.0,Medium,Low,0,0,0,1,0
SEG-043,2024-12-26,Dhanbad,S&T,13.0,Medium,Low,0,0,0,1,0
SEG-043,2025-01-25,Dhanbad,S&T,13.0,Medium,Low,0,0,0,1,0
SEG-043,2025-02-24,Dhanbad,S&T,13.0,Medium,Low,0,0,0,1,0
SEG-043,2025-03-26,Dhanbad,S&T,13.0,Medium,Low,0,0,0,1,0
SEG-043,2025-04-25,Dhanbad,S&T,13.0,Medium,Low,0,0,0,1,0
SEG-043,2025-05-25,Dhanbad,S&T,13.0,Medium,Low,0,0,0,1,0
SEG-043,2025-06-24,Dhanbad,S&T,13.0,Medium,Low,0,0,0,1,1
SEG-043,2025-07-24,Dhanbad,S&T,13.0,Medium,Low,0,0,0,1,1
SEG-043,2025-08-23,Dhanbad,S&T,13.0,Medium,Low,0,0,0,1,1
SEG-043,2025-09-22,Dhanbad,S&T,13.0,Medium,Low,0,0,0,1,1
SEG-043,2025-10-22,Dhanbad,S&T,13.0,Medium,Low,0,0,0,1,0
SEG-043,2025-11-21,Dhanbad,S&T,13.0,Medium,Low,0,0,0,1,0
SEG-044,2024-01-01,Dhanbad,S&T,21.3,High,Medium,0,1,0,1,0
SEG-044,2024-01-31,Dhanbad,S&T,21.3,High,Medium,0,1,0,1,0
SEG-044,2024-03-01,Dhanbad,S&T,21.3,High,Medium,0,0,0,1,0
SEG-044,2024-03-31,Dhanbad,S&T,21.3,High,Medium,0,0,0,1,0
SEG-044,2024-04-30,Dhanbad,S&T,21.3,High,Medium,0,0,0,1,0
SEG-044,2024-05-30,Dhanbad,S&T,21.3,High,Medium,0,0,0,1,0
SEG-044,2024-06-29,Dhanbad,S&T,21.3,High,Medium,0,0,0,1,1
SEG-044,2024-07-29,Dhanbad,S&T,21.3,High,Medium,0,0,0,1,1
SEG-044,2024-08-28,Dhanbad,S&T,21.3,High,Medium,0,0,0,1,1
SEG-044,2024-09-27,Dhanbad,S&T,21.3,High,Medium,0,0,0,1,1
SEG-044,2024-10-27,Dhanbad,S&T,21.3,High,Medium,0,0,0,1,0
SEG-044,2024-11-26,Dhanbad,S&T,21.3,High,Medium,0,1,0,1,0
SEG-044,2024-12-26,Dhanbad,S&T,21.3,High,Medium,0,0,0,1,0
SEG-044,2025-01-25,Dhanbad,S&T,21.3,High,Medium,0,0,0,1,0
SEG-044,2025-02-24,Dhanbad,S&T,21.3,High,Medium,0,0,0,1,0
SEG-044,2025-03-26,Dhanbad,S&T,21.3,High,Medium,0,0,0,1,0
SEG-044,2025-04-25,Dhanbad,S&T,21.3,High,Medium,0,0,0,1,0
SEG-044,2025-05-25,Dhanbad,S&T,21.3,High,Medium,0,0,0,1,0
SEG-044,2025-06-24,Dhanbad,S&T,21.3,High,Medium,0,0,0,1,1
SEG-044,2025-07-24,Dhanbad,S&T,21.3,High,Medium,0,0,0,1,1
SEG-044,2025-08-23,Dhanbad,S&T,21.3,High,Medium,0,0,0,1,1
SEG-044,2025-09-22,Dhanbad,S&T,21.3,High,Medium,0,0,0,1,1
SEG-044,2025-10-22,Dhanbad,S&T,21.3,High,Medium,0,0,0,1,0
SEG-044,2025-11-21,Dhanbad,S&T,21.3,High,Medium,0,0,0,1,0
SEG-045,2024-01-01,Dhanbad,Traction/OHE,49.8,Low,Low,0,0,0,1,0
SEG-045,2024-01-31,Dhanbad,Traction/OHE,49.8,Low,Low,0,0,0,1,0
SEG-045,2024-03-01,Dhanbad,Traction/OHE,49.8,Low,Low,0,0,0,1,0
SEG-045,2024-03-31,Dhanbad,Traction/OHE,49.8,Low,Low,0,0,0,1,0
SEG-045,2024-04-30,Dhanbad,Traction/OHE,49.8,Low,Low,0,0,0,1,0
SEG-045,2024-05-30,Dhanbad,Traction/OHE,49.8,Low,Low,0,1,0,1,0
SEG-045,2024-06-29,Dhanbad,Traction/OHE,49.8,Low,Low,0,0,0,1,1
SEG-045,2024-07-29,Dhanbad,Traction/OHE,49.8,Low,Low,0,0,0,1,1
SEG-045,2024-08-28,Dhanbad,Traction/OHE,49.8,Low,Low,0,0,0,1,1
SEG-045,2024-09-27,Dhanbad,Traction/OHE,49.8,Low,Low,0,1,0,1,1
SEG-045,2024-10-27,Dhanbad,Traction/OHE,49.8,Low,Low,0,0,0,1,0
SEG-045,2024-11-26,Dhanbad,Traction/OHE,49.8,Low,Low,0,1,0,1,0
SEG-045,2024-12-26,Dhanbad,Traction/OHE,49.8,Low,Low,0,0,0,1,0
SEG-045,2025-01-25,Dhanbad,Traction/OHE,49.8,Low,Low,0,0,0,1,0
SEG-045,2025-02-24,Dhanbad,Traction/OHE,49.8,Low,Low,0,0,0,1,0
SEG-045,2025-03-26,Dhanbad,Traction/OHE,49.8,Low,Low,0,0,0,1,0
SEG-045,2025-04-25,Dhanbad,Traction/OHE,49.8,Low,Low,0,2,0,1,0
SEG-045,2025-05-25,Dhanbad,Traction/OHE,49.8,Low,Low,1,0,0,1,0
SEG-045,2025-06-24,Dhanbad,Traction/OHE,49.8,Low,Low,1,0,0,1,1
SEG-045,2025-07-24,Dhanbad,Traction/OHE,49.8,Low,Low,1,1,0,1,1
SEG-045,2025-08-23,Dhanbad,Traction/OHE,49.8,Low,Low,0,0,0,1,1
SEG-045,2025-09-22,Dhanbad,Traction/OHE,49.8,Low,Low,0,0,0,1,1
SEG-045,2025-10-22,Dhanbad,Traction/OHE,49.8,Low,Low,0,1,0,1,0
SEG-045,2025-11-21,Dhanbad,Traction/OHE,49.8,Low,Low,0,0,0,1,0
SEG-046,2024-01-01,Howrah,Traction/OHE,48.5,Medium,High,0,0,0,1,0
SEG-046,2024-01-31,Howrah,Traction/OHE,48.5,Medium,High,0,0,0,1,0
SEG-046,2024-03-01,Howrah,Traction/OHE,48.5,Medium,High,0,0,0,1,0
SEG-046,2024-03-31,Howrah,Traction/OHE,48.5,Medium,High,0,0,0,1,0
SEG-046,2024-04-30,Howrah,Traction/OHE,48.5,Medium,High,0,0,0,1,0
SEG-046,2024-05-30,Howrah,Traction/OHE,48.5,Medium,High,0,0,0,1,0
SEG-046,2024-06-29,Howrah,Traction/OHE,48.5,Medium,High,0,0,0,1,1
SEG-046,2024-07-29,Howrah,Traction/OHE,48.5,Medium,High,0,0,0,1,1
SEG-046,2024-08-28,Howrah,Traction/OHE,48.5,Medium,High,0,0,0,1,1
SEG-046,2024-09-27,Howrah,Traction/OHE,48.5,Medium,High,0,0,0,1,1
SEG-046,2024-10-27,Howrah,Traction/OHE,48.5,Medium,High,0,0,0,1,0
SEG-046,2024-11-26,Howrah,Traction/OHE,48.5,Medium,High,0,0,0,1,0
SEG-046,2024-12-26,Howrah,Traction/OHE,48.5,Medium,High,0,0,0,1,0
SEG-046,2025-01-25,Howrah,Traction/OHE,48.5,Medium,High,0,1,0,1,0
SEG-046,2025-02-24,Howrah,Traction/OHE,48.5,Medium,High,0,0,0,1,0
SEG-046,2025-03-26,Howrah,Traction/OHE,48.5,Medium,High,0,0,0,1,0
SEG-046,2025-04-25,Howrah,Traction/OHE,48.5,Medium,High,0,1,0,1,0
SEG-046,2025-05-25,Howrah,Traction/OHE,48.5,Medium,High,0,0,0,1,0
SEG-046,2025-06-24,Howrah,Traction/OHE,48.5,Medium,High,0,0,0,1,1
SEG-046,2025-07-24,Howrah,Traction/OHE,48.5,Medium,High,0,0,0,1,1
SEG-046,2025-08-23,Howrah,Traction/OHE,48.5,Medium,High,0,0,0,1,1
SEG-046,2025-09-22,Howrah,Traction/OHE,48.5,Medium,High,0,0,0,1,1
SEG-046,2025-10-22,Howrah,Traction/OHE,48.5,Medium,High,0,0,0,1,0
SEG-046,2025-11-21,Howrah,Traction/OHE,48.5,Medium,High,0,0,0,1,0
SEG-047,2024-01-01,Howrah,Traction/OHE,30.5,High,Low,0,0,0,1,0
SEG-047,2024-01-31,Howrah,Traction/OHE,30.5,High,Low,0,0,0,1,0
SEG-047,2024-03-01,Howrah,Traction/OHE,30.5,High,Low,0,0,0,1,0
SEG-047,2024-03-31,Howrah,Traction/OHE,30.5,High,Low,0,0,0,1,0
SEG-047,2024-04-30,Howrah,Traction/OHE,30.5,High,Low,0,0,0,1,0
SEG-047,2024-05-30,Howrah,Traction/OHE,30.5,High,Low,0,0,0,1,0
SEG-047,2024-06-29,Howrah,Traction/OHE,30.5,High,Low,0,0,0,1,1
SEG-047,2024-07-29,Howrah,Traction/OHE,30.5,High,Low,0,0,0,1,1
SEG-047,2024-08-28,Howrah,Traction/OHE,30.5,High,Low,0,0,0,1,1
SEG-047,2024-09-27,Howrah,Traction/OHE,30.5,High,Low,0,0,0,1,1
SEG-047,2024-10-27,Howrah,Traction/OHE,30.5,High,Low,0,0,0,1,0
SEG-047,2024-11-26,Howrah,Traction/OHE,30.5,High,Low,0,1,0,1,0
SEG-047,2024-12-26,Howrah,Traction/OHE,30.5,High,Low,0,0,0,1,0
SEG-047,2025-01-25,Howrah,Traction/OHE,30.5,High,Low,0,1,0,1,0
SEG-047,2025-02-24,Howrah,Traction/OHE,30.5,High,Low,0,0,0,1,0
SEG-047,2025-03-26,Howrah,Traction/OHE,30.5,High,Low,0,0,0,1,0
SEG-047,2025-04-25,Howrah,Traction/OHE,30.5,High,Low,0,0,0,1,0
SEG-047,2025-05-25,Howrah,Traction/OHE,30.5,High,Low,0,0,0,1,0
SEG-047,2025-06-24,Howrah,Traction/OHE,30.5,High,Low,0,0,0,1,1
SEG-047,2025-07-24,Howrah,Traction/OHE,30.5,High,Low,0,0,0,1,1
SEG-047,2025-08-23,Howrah,Traction/OHE,30.5,High,Low,0,0,0,1,1
SEG-047,2025-09-22,Howrah,Traction/OHE,30.5,High,Low,0,0,0,1,1
SEG-047,2025-10-22,Howrah,Traction/OHE,30.5,High,Low,0,0,0,1,0
SEG-047,2025-11-21,Howrah,Traction/OHE,30.5,High,Low,0,0,0,1,0
SEG-048,2024-01-01,Howrah,Traction/OHE,11.7,Low,High,0,0,0,1,0
SEG-048,2024-01-31,Howrah,Traction/OHE,11.7,Low,High,0,0,0,1,0
SEG-048,2024-03-01,Howrah,Traction/OHE,11.7,Low,High,0,0,0,1,0
SEG-048,2024-03-31,Howrah,Traction/OHE,11.7,Low,High,0,0,0,1,0
SEG-048,2024-04-30,Howrah,Traction/OHE,11.7,Low,High,0,0,0,1,0
SEG-048,2024-05-30,Howrah,Traction/OHE,11.7,Low,High,0,0,0,1,0
SEG-048,2024-06-29,Howrah,Traction/OHE,11.7,Low,High,0,0,0,1,1
SEG-048,2024-07-29,Howrah,Traction/OHE,11.7,Low,High,0,0,0,1,1
SEG-048,2024-08-28,Howrah,Traction/OHE,11.7,Low,High,0,0,0,1,1
SEG-048,2024-09-27,Howrah,Traction/OHE,11.7,Low,High,0,0,0,1,1
SEG-048,2024-10-27,Howrah,Traction/OHE,11.7,Low,High,0,0,0,1,0
SEG-048,2024-11-26,Howrah,Traction/OHE,11.7,Low,High,0,0,0,1,0
SEG-048,2024-12-26,Howrah,Traction/OHE,11.7,Low,High,0,0,0,1,0
SEG-048,2025-01-25,Howrah,Traction/OHE,11.7,Low,High,0,0,0,1,0
SEG-048,2025-02-24,Howrah,Traction/OHE,11.7,Low,High,0,0,0,1,0
SEG-048,2025-03-26,Howrah,Traction/OHE,11.7,Low,High,0,0,0,1,0
SEG-048,2025-04-25,Howrah,Traction/OHE,11.7,Low,High,0,0,0,1,0
SEG-048,2025-05-25,Howrah,Traction/OHE,11.7,Low,High,0,0,0,1,0
SEG-048,2025-06-24,Howrah,Traction/OHE,11.7,Low,High,0,1,0,1,1
SEG-048,2025-07-24,Howrah,Traction/OHE,11.7,Low,High,0,0,0,1,1
SEG-048,2025-08-23,Howrah,Traction/OHE,11.7,Low,High,0,0,0,1,1
SEG-048,2025-09-22,Howrah,Traction/OHE,11.7,Low,High,0,0,0,1,1
SEG-048,2025-10-22,Howrah,Traction/OHE,11.7,Low,High,0,0,0,1,0
SEG-048,2025-11-21,Howrah,Traction/OHE,11.7,Low,High,0,0,0,1,0
SEG-049,2024-01-01,Howrah,Traction/OHE,47.3,High,High,0,0,0,1,0
SEG-049,2024-01-31,Howrah,Traction/OHE,47.3,High,High,0,1,0,1,0
SEG-049,2024-03-01,Howrah,Traction/OHE,47.3,High,High,0,0,0,1,0
SEG-049,2024-03-31,Howrah,Traction/OHE,47.3,High,High,0,0,0,1,0
SEG-049,2024-04-30,Howrah,Traction/OHE,47.3,High,High,0,0,0,1,0
SEG-049,2024-05-30,Howrah,Traction/OHE,47.3,High,High,0,0,0,1,0
SEG-049,2024-06-29,Howrah,Traction/OHE,47.3,High,High,0,0,0,1,1
SEG-049,2024-07-29,Howrah,Traction/OHE,47.3,High,High,0,0,1,1,1
SEG-049,2024-08-28,Howrah,Traction/OHE,47.3,High,High,0,0,0,0,1
SEG-049,2024-09-27,Howrah,Traction/OHE,47.3,High,High,0,1,0,0,1
SEG-049,2024-10-27,Howrah,Traction/OHE,47.3,High,High,0,0,0,0,0
SEG-049,2024-11-26,Howrah,Traction/OHE,47.3,High,High,0,0,0,0,0
SEG-049,2024-12-26,Howrah,Traction/OHE,47.3,High,High,0,0,0,0,0
SEG-049,2025-01-25,Howrah,Traction/OHE,47.3,High,High,0,0,0,0,0
SEG-049,2025-02-24,Howrah,Traction/OHE,47.3,High,High,0,0,0,0,0
SEG-049,2025-03-26,Howrah,Traction/OHE,47.3,High,High,0,0,0,0,0
SEG-049,2025-04-25,Howrah,Traction/OHE,47.3,High,High,0,0,0,0,0
SEG-049,2025-05-25,Howrah,Traction/OHE,47.3,High,High,0,0,0,0,0
SEG-049,2025-06-24,Howrah,Traction/OHE,47.3,High,High,0,1,0,0,1
SEG-049,2025-07-24,Howrah,Traction/OHE,47.3,High,High,0,0,0,0,1
SEG-049,2025-08-23,Howrah,Traction/OHE,47.3,High,High,0,0,0,0,1
SEG-049,2025-09-22,Howrah,Traction/OHE,47.3,High,High,0,0,0,0,1
SEG-049,2025-10-22,Howrah,Traction/OHE,47.3,High,High,0,0,0,0,0
SEG-049,2025-11-21,Howrah,Traction/OHE,47.3,High,High,0,1,0,0,0
SEG-050,2024-01-01,Howrah,Traction/OHE,6.9,Low,Medium,0,0,0,1,0
SEG-050,2024-01-31,Howrah,Traction/OHE,6.9,Low,Medium,0,0,0,1,0
SEG-050,2024-03-01,Howrah,Traction/OHE,6.9,Low,Medium,0,0,0,1,0
SEG-050,2024-03-31,Howrah,Traction/OHE,6.9,Low,Medium,0,0,0,1,0
SEG-050,2024-04-30,Howrah,Traction/OHE,6.9,Low,Medium,0,0,0,1,0
SEG-050,2024-05-30,Howrah,Traction/OHE,6.9,Low,Medium,0,0,0,1,0
SEG-050,2024-06-29,Howrah,Traction/OHE,6.9,Low,Medium,0,0,0,1,1
SEG-050,2024-07-29,Howrah,Traction/OHE,6.9,Low,Medium,0,0,0,1,1
SEG-050,2024-08-28,Howrah,Traction/OHE,6.9,Low,Medium,0,0,0,1,1
SEG-050,2024-09-27,Howrah,Traction/OHE,6.9,Low,Medium,0,0,0,1,1
SEG-050,2024-10-27,Howrah,Traction/OHE,6.9,Low,Medium,0,0,0,1,0
SEG-050,2024-11-26,Howrah,Traction/OHE,6.9,Low,Medium,0,0,0,1,0
SEG-050,2024-12-26,Howrah,Traction/OHE,6.9,Low,Medium,0,0,0,1,0
SEG-050,2025-01-25,Howrah,Traction/OHE,6.9,Low,Medium,0,0,0,1,0
SEG-050,2025-02-24,Howrah,Traction/OHE,6.9,Low,Medium,0,0,0,1,0
SEG-050,2025-03-26,Howrah,Traction/OHE,6.9,Low,Medium,0,0,0,1,0
SEG-050,2025-04-25,Howrah,Traction/OHE,6.9,Low,Medium,0,0,0,1,0
SEG-050,2025-05-25,Howrah,Traction/OHE,6.9,Low,Medium,0,0,0,1,0
SEG-050,2025-06-24,Howrah,Traction/OHE,6.9,Low,Medium,0,0,0,1,1
SEG-050,2025-07-24,Howrah,Traction/OHE,6.9,Low,Medium,0,0,0,1,1
SEG-050,2025-08-23,Howrah,Traction/OHE,6.9,Low,Medium,0,0,0,1,1
SEG-050,2025-09-22,Howrah,Traction/OHE,6.9,Low,Medium,0,0,0,1,1
SEG-050,2025-10-22,Howrah,Traction/OHE,6.9,Low,Medium,0,0,0,1,0
SEG-050,2025-11-21,Howrah,Traction/OHE,6.9,Low,Medium,0,0,0,1,0
SEG-051,2024-01-01,Chennai,S&T,17.8,High,Low,0,1,0,1,0
SEG-051,2024-01-31,Chennai,S&T,17.8,High,Low,0,0,0,1,0
SEG-051,2024-03-01,Chennai,S&T,17.8,High,Low,0,0,0,1,0
SEG-051,2024-03-31,Chennai,S&T,17.8,High,Low,0,2,0,1,0
SEG-051,2024-04-30,Chennai,S&T,17.8,High,Low,0,0,0,1,0
SEG-051,2024-05-30,Chennai,S&T,17.8,High,Low,0,0,0,1,0
SEG-051,2024-06-29,Chennai,S&T,17.8,High,Low,0,0,0,1,1
SEG-051,2024-07-29,Chennai,S&T,17.8,High,Low,0,0,0,1,1
SEG-051,2024-08-28,Chennai,S&T,17.8,High,Low,0,0,0,1,1
SEG-051,2024-09-27,Chennai,S&T,17.8,High,Low,0,0,0,1,1
SEG-051,2024-10-27,Chennai,S&T,17.8,High,Low,0,0,0,1,0
SEG-051,2024-11-26,Chennai,S&T,17.8,High,Low,0,0,0,1,0
SEG-051,2024-12-26,Chennai,S&T,17.8,High,Low,0,0,0,1,0
SEG-051,2025-01-25,Chennai,S&T,17.8,High,Low,0,0,0,1,0
SEG-051,2025-02-24,Chennai,S&T,17.8,High,Low,0,0,0,1,0
SEG-051,2025-03-26,Chennai,S&T,17.8,High,Low,0,0,0,1,0
SEG-051,2025-04-25,Chennai,S&T,17.8,High,Low,0,0,0,1,0
SEG-051,2025-05-25,Chennai,S&T,17.8,High,Low,0,0,0,1,0
SEG-051,2025-06-24,Chennai,S&T,17.8,High,Low,0,0,0,1,1
SEG-051,2025-07-24,Chennai,S&T,17.8,High,Low,0,0,0,1,1
SEG-051,2025-08-23,Chennai,S&T,17.8,High,Low,0,0,0,1,1
SEG-051,2025-09-22,Chennai,S&T,17.8,High,Low,0,0,0,1,1
SEG-051,2025-10-22,Chennai,S&T,17.8,High,Low,0,0,0,1,0
SEG-051,2025-11-21,Chennai,S&T,17.8,High,Low,0,0,0,1,0
SEG-052,2024-01-01,Chennai,Track,24.5,High,Medium,0,0,0,1,0
SEG-052,2024-01-31,Chennai,Track,24.5,High,Medium,0,0,0,1,0
SEG-052,2024-03-01,Chennai,Track,24.5,High,Medium,0,0,0,1,0
SEG-052,2024-03-31,Chennai,Track,24.5,High,Medium,0,0,0,1,0
SEG-052,2024-04-30,Chennai,Track,24.5,High,Medium,0,0,0,1,0
SEG-052,2024-05-30,Chennai,Track,24.5,High,Medium,0,0,0,1,0
SEG-052,2024-06-29,Chennai,Track,24.5,High,Medium,0,0,0,1,1
SEG-052,2024-07-29,Chennai,Track,24.5,High,Medium,0,0,0,1,1
SEG-052,2024-08-28,Chennai,Track,24.5,High,Medium,0,0,0,1,1
SEG-052,2024-09-27,Chennai,Track,24.5,High,Medium,0,0,0,1,1
SEG-052,2024-10-27,Chennai,Track,24.5,High,Medium,0,0,0,1,0
SEG-052,2024-11-26,Chennai,Track,24.5,High,Medium,0,0,0,1,0
SEG-052,2024-12-26,Chennai,Track,24.5,High,Medium,0,0,0,1,0
SEG-052,2025-01-25,Chennai,Track,24.5,High,Medium,0,0,0,1,0
SEG-052,2025-02-24,Chennai,Track,24.5,High,Medium,0,0,0,1,0
SEG-052,2025-03-26,Chennai,Track,24.5,High,Medium,0,0,0,1,0
SEG-052,2025-04-25,Chennai,Track,24.5,High,Medium,0,0,0,1,0
SEG-052,2025-05-25,Chennai,Track,24.5,High,Medium,0,0,0,1,0
SEG-052,2025-06-24,Chennai,Track,24.5,High,Medium,0,0,0,1,1
SEG-052,2025-07-24,Chennai,Track,24.5,High,Medium,0,0,0,1,1
SEG-052,2025-08-23,Chennai,Track,24.5,High,Medium,0,0,0,1,1
SEG-052,2025-09-22,Chennai,Track,24.5,High,Medium,0,0,0,1,1
SEG-052,2025-10-22,Chennai,Track,24.5,High,Medium,0,0,0,1,0
SEG-052,2025-11-21,Chennai,Track,24.5,High,Medium,0,0,0,1,0
SEG-053,2024-01-01,Chennai,Track,49.8,Medium,High,0,0,0,1,0
SEG-053,2024-01-31,Chennai,Track,49.8,Medium,High,0,0,0,1,0
SEG-053,2024-03-01,Chennai,Track,49.8,Medium,High,0,0,0,1,0
SEG-053,2024-03-31,Chennai,Track,49.8,Medium,High,0,0,0,1,0
SEG-053,2024-04-30,Chennai,Track,49.8,Medium,High,0,1,0,1,0
SEG-053,2024-05-30,Chennai,Track,49.8,Medium,High,0,0,0,1,0
SEG-053,2024-06-29,Chennai,Track,49.8,Medium,High,0,1,0,1,1
SEG-053,2024-07-29,Chennai,Track,49.8,Medium,High,1,0,0,1,1
SEG-053,2024-08-28,Chennai,Track,49.8,Medium,High,1,0,0,1,1
SEG-053,2024-09-27,Chennai,Track,49.8,Medium,High,1,1,0,1,1
SEG-053,2024-10-27,Chennai,Track,49.8,Medium,High,0,0,0,1,0
SEG-053,2024-11-26,Chennai,Track,49.8,Medium,High,0,0,0,1,0
SEG-053,2024-12-26,Chennai,Track,49.8,Medium,High,0,0,0,1,0
SEG-053,2025-01-25,Chennai,Track,49.8,Medium,High,0,0,0,1,0
SEG-053,2025-02-24,Chennai,Track,49.8,Medium,High,0,1,0,1,0
SEG-053,2025-03-26,Chennai,Track,49.8,Medium,High,0,0,0,1,0
SEG-053,2025-04-25,Chennai,Track,49.8,Medium,High,0,0,0,1,0
SEG-053,2025-05-25,Chennai,Track,49.8,Medium,High,0,2,0,1,0
SEG-053,2025-06-24,Chennai,Track,49.8,Medium,High,0,1,0,1,1
SEG-053,2025-07-24,Chennai,Track,49.8,Medium,High,0,0,0,1,1
SEG-053,2025-08-23,Chennai,Track,49.8,Medium,High,0,0,0,1,1
SEG-053,2025-09-22,Chennai,Track,49.8,Medium,High,0,0,0,1,1
SEG-053,2025-10-22,Chennai,Track,49.8,Medium,High,0,0,0,1,0
SEG-053,2025-11-21,Chennai,Track,49.8,Medium,High,0,0,0,1,0
SEG-054,2024-01-01,Chennai,Track,19.4,Medium,Medium,0,0,0,1,0
SEG-054,2024-01-31,Chennai,Track,19.4,Medium,Medium,0,0,0,1,0
SEG-054,2024-03-01,Chennai,Track,19.4,Medium,Medium,0,0,0,1,0
SEG-054,2024-03-31,Chennai,Track,19.4,Medium,Medium,0,0,0,1,0
SEG-054,2024-04-30,Chennai,Track,19.4,Medium,Medium,0,0,0,1,0
SEG-054,2024-05-30,Chennai,Track,19.4,Medium,Medium,0,0,0,1,0
SEG-054,2024-06-29,Chennai,Track,19.4,Medium,Medium,0,0,0,1,1
SEG-054,2024-07-29,Chennai,Track,19.4,Medium,Medium,0,0,0,1,1
SEG-054,2024-08-28,Chennai,Track,19.4,Medium,Medium,0,0,0,1,1
SEG-054,2024-09-27,Chennai,Track,19.4,Medium,Medium,0,0,0,1,1
SEG-054,2024-10-27,Chennai,Track,19.4,Medium,Medium,0,0,0,1,0
SEG-054,2024-11-26,Chennai,Track,19.4,Medium,Medium,0,0,0,1,0
SEG-054,2024-12-26,Chennai,Track,19.4,Medium,Medium,0,0,0,1,0
SEG-054,2025-01-25,Chennai,Track,19.4,Medium,Medium,0,0,0,1,0
SEG-054,2025-02-24,Chennai,Track,19.4,Medium,Medium,0,0,0,1,0
SEG-054,2025-03-26,Chennai,Track,19.4,Medium,Medium,0,0,0,1,0
SEG-054,2025-04-25,Chennai,Track,19.4,Medium,Medium,0,0,0,1,0
SEG-054,2025-05-25,Chennai,Track,19.4,Medium,Medium,0,0,0,1,0
SEG-054,2025-06-24,Chennai,Track,19.4,Medium,Medium,0,0,0,1,1
SEG-054,2025-07-24,Chennai,Track,19.4,Medium,Medium,0,0,0,1,1
SEG-054,2025-08-23,Chennai,Track,19.4,Medium,Medium,0,0,0,1,1
SEG-054,2025-09-22,Chennai,Track,19.4,Medium,Medium,0,0,0,1,1
SEG-054,2025-10-22,Chennai,Track,19.4,Medium,Medium,0,0,0,1,0
SEG-054,2025-11-21,Chennai,Track,19.4,Medium,Medium,0,0,0,1,0
SEG-055,2024-01-01,Chennai,Traction/OHE,42.2,High,High,0,0,0,1,0
SEG-055,2024-01-31,Chennai,Traction/OHE,42.2,High,High,0,0,0,1,0
SEG-055,2024-03-01,Chennai,Traction/OHE,42.2,High,High,0,0,1,1,0
SEG-055,2024-03-31,Chennai,Traction/OHE,42.2,High,High,0,0,0,0,0
SEG-055,2024-04-30,Chennai,Traction/OHE,42.2,High,High,0,0,0,0,0
SEG-055,2024-05-30,Chennai,Traction/OHE,42.2,High,High,0,0,0,0,0
SEG-055,2024-06-29,Chennai,Traction/OHE,42.2,High,High,0,0,0,0,1
SEG-055,2024-07-29,Chennai,Traction/OHE,42.2,High,High,0,0,0,0,1
SEG-055,2024-08-28,Chennai,Traction/OHE,42.2,High,High,0,0,0,0,1
SEG-055,2024-09-27,Chennai,Traction/OHE,42.2,High,High,0,0,0,0,1
SEG-055,2024-10-27,Chennai,Traction/OHE,42.2,High,High,0,1,0,0,0
SEG-055,2024-11-26,Chennai,Traction/OHE,42.2,High,High,0,0,0,0,0
SEG-055,2024-12-26,Chennai,Traction/OHE,42.2,High,High,0,0,0,0,0
SEG-055,2025-01-25,Chennai,Traction/OHE,42.2,High,High,0,2,0,0,0
SEG-055,2025-02-24,Chennai,Traction/OHE,42.2,High,High,0,1,0,0,0
SEG-055,2025-03-26,Chennai,Traction/OHE,42.2,High,High,0,0,0,0,0
SEG-055,2025-04-25,Chennai,Traction/OHE,42.2,High,High,0,2,0,0,0
SEG-055,2025-05-25,Chennai,Traction/OHE,42.2,High,High,1,0,0,0,0
SEG-055,2025-06-24,Chennai,Traction/OHE,42.2,High,High,1,0,0,0,1
SEG-055,2025-07-24,Chennai,Traction/OHE,42.2,High,High,1,0,0,0,1
SEG-055,2025-08-23,Chennai,Traction/OHE,42.2,High,High,0,0,0,0,1
SEG-055,2025-09-22,Chennai,Traction/OHE,42.2,High,High,0,0,0,0,1
SEG-055,2025-10-22,Chennai,Traction/OHE,42.2,High,High,0,2,0,0,0
SEG-055,2025-11-21,Chennai,Traction/OHE,42.2,High,High,1,1,0,0,0
SEG-056,2024-01-01,Renigunta,Traction/OHE,34.4,Low,High,0,0,0,1,0
SEG-056,2024-01-31,Renigunta,Traction/OHE,34.4,Low,High,0,0,0,1,0
SEG-056,2024-03-01,Renigunta,Traction/OHE,34.4,Low,High,0,0,0,1,0
SEG-056,2024-03-31,Renigunta,Traction/OHE,34.4,Low,High,0,1,0,1,0
SEG-056,2024-04-30,Renigunta,Traction/OHE,34.4,Low,High,0,0,0,1,0
SEG-056,2024-05-30,Renigunta,Traction/OHE,34.4,Low,High,0,0,0,1,0
SEG-056,2024-06-29,Renigunta,Traction/OHE,34.4,Low,High,0,0,0,1,1
SEG-056,2024-07-29,Renigunta,Traction/OHE,34.4,Low,High,0,0,0,1,1
SEG-056,2024-08-28,Renigunta,Traction/OHE,34.4,Low,High,0,0,0,1,1
SEG-056,2024-09-27,Renigunta,Traction/OHE,34.4,Low,High,0,0,0,1,1
SEG-056,2024-10-27,Renigunta,Traction/OHE,34.4,Low,High,0,0,0,1,0
SEG-056,2024-11-26,Renigunta,Traction/OHE,34.4,Low,High,0,0,0,1,0
SEG-056,2024-12-26,Renigunta,Traction/OHE,34.4,Low,High,0,0,0,1,0
SEG-056,2025-01-25,Renigunta,Traction/OHE,34.4,Low,High,0,0,0,1,0
SEG-056,2025-02-24,Renigunta,Traction/OHE,34.4,Low,High,0,0,0,1,0
SEG-056,2025-03-26,Renigunta,Traction/OHE,34.4,Low,High,0,1,0,1,0
SEG-056,2025-04-25,Renigunta,Traction/OHE,34.4,Low,High,0,0,0,1,0
SEG-056,2025-05-25,Renigunta,Traction/OHE,34.4,Low,High,0,0,0,1,0
SEG-056,2025-06-24,Renigunta,Traction/OHE,34.4,Low,High,0,0,0,1,1
SEG-056,2025-07-24,Renigunta,Traction/OHE,34.4,Low,High,0,0,0,1,1
SEG-056,2025-08-23,Renigunta,Traction/OHE,34.4,Low,High,0,0,0,1,1
SEG-056,2025-09-22,Renigunta,Traction/OHE,34.4,Low,High,0,0,0,1,1
SEG-056,2025-10-22,Renigunta,Traction/OHE,34.4,Low,High,0,0,0,1,0
SEG-056,2025-11-21,Renigunta,Traction/OHE,34.4,Low,High,0,0,0,1,0
SEG-057,2024-01-01,Renigunta,Track,9.3,High,High,0,0,0,1,0
SEG-057,2024-01-31,Renigunta,Track,9.3,High,High,0,0,0,1,0
SEG-057,2024-03-01,Renigunta,Track,9.3,High,High,0,0,0,1,0
SEG-057,2024-03-31,Renigunta,Track,9.3,High,High,0,0,0,1,0
SEG-057,2024-04-30,Renigunta,Track,9.3,High,High,0,1,0,1,0
SEG-057,2024-05-30,Renigunta,Track,9.3,High,High,0,0,0,1,0
SEG-057,2024-06-29,Renigunta,Track,9.3,High,High,0,0,0,1,1
SEG-057,2024-07-29,Renigunta,Track,9.3,High,High,0,0,0,1,1
SEG-057,2024-08-28,Renigunta,Track,9.3,High,High,0,0,0,1,1
SEG-057,2024-09-27,Renigunta,Track,9.3,High,High,0,0,0,1,1
SEG-057,2024-10-27,Renigunta,Track,9.3,High,High,0,0,0,1,0
SEG-057,2024-11-26,Renigunta,Track,9.3,High,High,0,0,0,1,0
SEG-057,2024-12-26,Renigunta,Track,9.3,High,High,0,0,0,1,0
SEG-057,2025-01-25,Renigunta,Track,9.3,High,High,0,0,0,1,0
SEG-057,2025-02-24,Renigunta,Track,9.3,High,High,0,0,0,1,0
SEG-057,2025-03-26,Renigunta,Track,9.3,High,High,0,0,0,1,0
SEG-057,2025-04-25,Renigunta,Track,9.3,High,High,0,0,0,1,0
SEG-057,2025-05-25,Renigunta,Track,9.3,High,High,0,0,0,1,0
SEG-057,2025-06-24,Renigunta,Track,9.3,High,High,0,0,0,1,1
SEG-057,2025-07-24,Renigunta,Track,9.3,High,High,0,0,0,1,1
SEG-057,2025-08-23,Renigunta,Track,9.3,High,High,0,0,0,1,1
SEG-057,2025-09-22,Renigunta,Track,9.3,High,High,0,0,0,1,1
SEG-057,2025-10-22,Renigunta,Track,9.3,High,High,0,0,0,1,0
SEG-057,2025-11-21,Renigunta,Track,9.3,High,High,0,0,0,1,0
SEG-058,2024-01-01,Renigunta,Track,16.2,High,Low,0,0,0,1,0
SEG-058,2024-01-31,Renigunta,Track,16.2,High,Low,0,0,0,1,0
SEG-058,2024-03-01,Renigunta,Track,16.2,High,Low,0,0,0,1,0
SEG-058,2024-03-31,Renigunta,Track,16.2,High,Low,0,0,0,1,0
SEG-058,2024-04-30,Renigunta,Track,16.2,High,Low,0,0,0,1,0
SEG-058,2024-05-30,Renigunta,Track,16.2,High,Low,0,0,0,1,0
SEG-058,2024-06-29,Renigunta,Track,16.2,High,Low,0,0,0,1,1
SEG-058,2024-07-29,Renigunta,Track,16.2,High,Low,0,0,0,1,1
SEG-058,2024-08-28,Renigunta,Track,16.2,High,Low,0,0,0,1,1
SEG-058,2024-09-27,Renigunta,Track,16.2,High,Low,0,0,0,1,1
SEG-058,2024-10-27,Renigunta,Track,16.2,High,Low,0,0,0,1,0
SEG-058,2024-11-26,Renigunta,Track,16.2,High,Low,0,0,0,1,0
SEG-058,2024-12-26,Renigunta,Track,16.2,High,Low,0,0,0,1,0
SEG-058,2025-01-25,Renigunta,Track,16.2,High,Low,0,0,0,1,0
SEG-058,2025-02-24,Renigunta,Track,16.2,High,Low,0,0,0,1,0
SEG-058,2025-03-26,Renigunta,Track,16.2,High,Low,0,0,0,1,0
SEG-058,2025-04-25,Renigunta,Track,16.2,High,Low,0,1,0,1,0
SEG-058,2025-05-25,Renigunta,Track,16.2,High,Low,0,0,0,1,0
SEG-058,2025-06-24,Renigunta,Track,16.2,High,Low,0,0,0,1,1
SEG-058,2025-07-24,Renigunta,Track,16.2,High,Low,0,0,0,1,1
SEG-058,2025-08-23,Renigunta,Track,16.2,High,Low,0,0,0,1,1
SEG-058,2025-09-22,Renigunta,Track,16.2,High,Low,0,0,0,1,1
SEG-058,2025-10-22,Renigunta,Track,16.2,High,Low,0,0,0,1,0
SEG-058,2025-11-21,Renigunta,Track,16.2,High,Low,0,0,0,1,0
SEG-059,2024-01-01,Renigunta,S&T,15.4,Low,Low,0,0,0,1,0
SEG-059,2024-01-31,Renigunta,S&T,15.4,Low,Low,0,0,0,1,0
SEG-059,2024-03-01,Renigunta,S&T,15.4,Low,Low,0,0,0,1,0
SEG-059,2024-03-31,Renigunta,S&T,15.4,Low,Low,0,0,0,1,0
SEG-059,2024-04-30,Renigunta,S&T,15.4,Low,Low,0,0,0,1,0
SEG-059,2024-05-30,Renigunta,S&T,15.4,Low,Low,0,0,0,1,0
SEG-059,2024-06-29,Renigunta,S&T,15.4,Low,Low,0,0,0,1,1
SEG-059,2024-07-29,Renigunta,S&T,15.4,Low,Low,0,0,0,1,1
SEG-059,2024-08-28,Renigunta,S&T,15.4,Low,Low,0,0,0,1,1
SEG-059,2024-09-27,Renigunta,S&T,15.4,Low,Low,0,0,0,1,1
SEG-059,2024-10-27,Renigunta,S&T,15.4,Low,Low,0,0,0,1,0
SEG-059,2024-11-26,Renigunta,S&T,15.4,Low,Low,0,0,0,1,0
SEG-059,2024-12-26,Renigunta,S&T,15.4,Low,Low,0,0,0,1,0
SEG-059,2025-01-25,Renigunta,S&T,15.4,Low,Low,0,0,0,1,0
SEG-059,2025-02-24,Renigunta,S&T,15.4,Low,Low,0,0,0,1,0
SEG-059,2025-03-26,Renigunta,S&T,15.4,Low,Low,0,0,0,1,0
SEG-059,2025-04-25,Renigunta,S&T,15.4,Low,Low,0,0,0,1,0
SEG-059,2025-05-25,Renigunta,S&T,15.4,Low,Low,0,0,0,1,0
SEG-059,2025-06-24,Renigunta,S&T,15.4,Low,Low,0,0,1,1,1
SEG-059,2025-07-24,Renigunta,S&T,15.4,Low,Low,0,0,0,0,1
SEG-059,2025-08-23,Renigunta,S&T,15.4,Low,Low,0,0,0,0,1
SEG-059,2025-09-22,Renigunta,S&T,15.4,Low,Low,0,0,0,0,1
SEG-059,2025-10-22,Renigunta,S&T,15.4,Low,Low,0,0,0,0,0
SEG-059,2025-11-21,Renigunta,S&T,15.4,Low,Low,0,0,0,0,0
SEG-060,2024-01-01,Guntakal,Track,42.0,Low,Medium,0,0,0,1,0
SEG-060,2024-01-31,Guntakal,Track,42.0,Low,Medium,0,0,0,1,0
SEG-060,2024-03-01,Guntakal,Track,42.0,Low,Medium,0,0,0,1,0
SEG-060,2024-03-31,Guntakal,Track,42.0,Low,Medium,0,0,0,1,0
SEG-060,2024-04-30,Guntakal,Track,42.0,Low,Medium,0,0,0,1,0
SEG-060,2024-05-30,Guntakal,Track,42.0,Low,Medium,0,0,0,1,0
SEG-060,2024-06-29,Guntakal,Track,42.0,Low,Medium,0,0,0,1,1
SEG-060,2024-07-29,Guntakal,Track,42.0,Low,Medium,0,0,0,1,1
SEG-060,2024-08-28,Guntakal,Track,42.0,Low,Medium,0,0,0,1,1
SEG-060,2024-09-27,Guntakal,Track,42.0,Low,Medium,0,0,0,1,1
SEG-060,2024-10-27,Guntakal,Track,42.0,Low,Medium,0,0,0,1,0
SEG-060,2024-11-26,Guntakal,Track,42.0,Low,Medium,0,1,0,1,0
SEG-060,2024-12-26,Guntakal,Track,42.0,Low,Medium,0,0,0,1,0
SEG-060,2025-01-25,Guntakal,Track,42.0,Low,Medium,0,0,0,1,0
SEG-060,2025-02-24,Guntakal,Track,42.0,Low,Medium,0,0,0,1,0
SEG-060,2025-03-26,Guntakal,Track,42.0,Low,Medium,0,0,0,1,0
SEG-060,2025-04-25,Guntakal,Track,42.0,Low,Medium,0,0,0,1,0
SEG-060,2025-05-25,Guntakal,Track,42.0,Low,Medium,0,0,0,1,0
SEG-060,2025-06-24,Guntakal,Track,42.0,Low,Medium,0,1,0,1,1
SEG-060,2025-07-24,Guntakal,Track,42.0,Low,Medium,0,0,0,1,1
SEG-060,2025-08-23,Guntakal,Track,42.0,Low,Medium,0,0,0,1,1
SEG-060,2025-09-22,Guntakal,Track,42.0,Low,Medium,0,0,0,1,1
SEG-060,2025-10-22,Guntakal,Track,42.0,Low,Medium,0,0,0,1,0
SEG-060,2025-11-21,Guntakal,Track,42.0,Low,Medium,0,0,0,1,0
SEG-061,2024-01-01,Guntakal,Traction/OHE,15.3,High,High,0,0,0,1,0
SEG-061,2024-01-31,Guntakal,Traction/OHE,15.3,High,High,0,0,0,1,0
SEG-061,2024-03-01,Guntakal,Traction/OHE,15.3,High,High,0,1,0,1,0
SEG-061,2024-03-31,Guntakal,Traction/OHE,15.3,High,High,0,0,0,1,0
SEG-061,2024-04-30,Guntakal,Traction/OHE,15.3,High,High,0,0,0,1,0
SEG-061,2024-05-30,Guntakal,Traction/OHE,15.3,High,High,0,0,0,1,0
SEG-061,2024-06-29,Guntakal,Traction/OHE,15.3,High,High,0,0,0,1,1
SEG-061,2024-07-29,Guntakal,Traction/OHE,15.3,High,High,0,1,0,1,1
SEG-061,2024-08-28,Guntakal,Traction/OHE,15.3,High,High,0,0,0,1,1
SEG-061,2024-09-27,Guntakal,Traction/OHE,15.3,High,High,0,0,0,1,1
SEG-061,2024-10-27,Guntakal,Traction/OHE,15.3,High,High,0,0,0,1,0
SEG-061,2024-11-26,Guntakal,Traction/OHE,15.3,High,High,0,0,0,1,0
SEG-061,2024-12-26,Guntakal,Traction/OHE,15.3,High,High,0,0,0,1,0
SEG-061,2025-01-25,Guntakal,Traction/OHE,15.3,High,High,0,0,0,1,0
SEG-061,2025-02-24,Guntakal,Traction/OHE,15.3,High,High,0,1,0,1,0
SEG-061,2025-03-26,Guntakal,Traction/OHE,15.3,High,High,1,0,0,1,0
SEG-061,2025-04-25,Guntakal,Traction/OHE,15.3,High,High,1,0,0,1,0
SEG-061,2025-05-25,Guntakal,Traction/OHE,15.3,High,High,1,0,0,1,0
SEG-061,2025-06-24,Guntakal,Traction/OHE,15.3,High,High,0,0,0,1,1
SEG-061,2025-07-24,Guntakal,Traction/OHE,15.3,High,High,0,0,0,1,1
SEG-061,2025-08-23,Guntakal,Traction/OHE,15.3,High,High,0,0,0,1,1
SEG-061,2025-09-22,Guntakal,Traction/OHE,15.3,High,High,0,0,0,1,1
SEG-061,2025-10-22,Guntakal,Traction/OHE,15.3,High,High,0,0,0,1,0
SEG-061,2025-11-21,Guntakal,Traction/OHE,15.3,High,High,0,1,0,1,0
SEG-062,2024-01-01,Guntakal,Track,3.5,Low,High,0,1,0,1,0
SEG-062,2024-01-31,Guntakal,Track,3.5,Low,High,0,0,0,1,0
SEG-062,2024-03-01,Guntakal,Track,3.5,Low,High,0,0,0,1,0
SEG-062,2024-03-31,Guntakal,Track,3.5,Low,High,0,0,0,1,0
SEG-062,2024-04-30,Guntakal,Track,3.5,Low,High,0,0,0,1,0
SEG-062,2024-05-30,Guntakal,Track,3.5,Low,High,0,1,0,1,0
SEG-062,2024-06-29,Guntakal,Track,3.5,Low,High,0,0,0,1,1
SEG-062,2024-07-29,Guntakal,Track,3.5,Low,High,0,0,0,1,1
SEG-062,2024-08-28,Guntakal,Track,3.5,Low,High,0,0,0,1,1
SEG-062,2024-09-27,Guntakal,Track,3.5,Low,High,0,0,0,1,1
SEG-062,2024-10-27,Guntakal,Track,3.5,Low,High,0,0,0,1,0
SEG-062,2024-11-26,Guntakal,Track,3.5,Low,High,0,0,0,1,0
SEG-062,2024-12-26,Guntakal,Track,3.5,Low,High,0,0,0,1,0
SEG-062,2025-01-25,Guntakal,Track,3.5,Low,High,0,0,0,1,0
SEG-062,2025-02-24,Guntakal,Track,3.5,Low,High,0,0,1,1,0
SEG-062,2025-03-26,Guntakal,Track,3.5,Low,High,0,0,0,0,0
SEG-062,2025-04-25,Guntakal,Track,3.5,Low,High,0,0,0,0,0
SEG-062,2025-05-25,Guntakal,Track,3.5,Low,High,0,0,0,0,0
SEG-062,2025-06-24,Guntakal,Track,3.5,Low,High,0,0,0,0,1
SEG-062,2025-07-24,Guntakal,Track,3.5,Low,High,0,0,0,0,1
SEG-062,2025-08-23,Guntakal,Track,3.5,Low,High,0,0,0,0,1
SEG-062,2025-09-22,Guntakal,Track,3.5,Low,High,0,0,0,0,1
SEG-062,2025-10-22,Guntakal,Track,3.5,Low,High,0,0,0,0,0
SEG-062,2025-11-21,Guntakal,Track,3.5,Low,High,0,0,0,0,0
SEG-063,2024-01-01,Guntakal,Track,30.4,Low,Low,0,0,0,1,0
SEG-063,2024-01-31,Guntakal,Track,30.4,Low,Low,0,0,0,1,0
SEG-063,2024-03-01,Guntakal,Track,30.4,Low,Low,0,0,0,1,0
SEG-063,2024-03-31,Guntakal,Track,30.4,Low,Low,0,0,0,1,0
SEG-063,2024-04-30,Guntakal,Track,30.4,Low,Low,0,1,0,1,0
SEG-063,2024-05-30,Guntakal,Track,30.4,Low,Low,0,0,0,1,0
SEG-063,2024-06-29,Guntakal,Track,30.4,Low,Low,0,0,0,1,1
SEG-063,2024-07-29,Guntakal,Track,30.4,Low,Low,0,0,0,1,1
SEG-063,2024-08-28,Guntakal,Track,30.4,Low,Low,0,0,0,1,1
SEG-063,2024-09-27,Guntakal,Track,30.4,Low,Low,0,0,0,1,1
SEG-063,2024-10-27,Guntakal,Track,30.4,Low,Low,0,0,0,1,0
SEG-063,2024-11-26,Guntakal,Track,30.4,Low,Low,0,0,1,1,0
SEG-063,2024-12-26,Guntakal,Track,30.4,Low,Low,0,0,0,0,0
SEG-063,2025-01-25,Guntakal,Track,30.4,Low,Low,0,0,0,0,0
SEG-063,2025-02-24,Guntakal,Track,30.4,Low,Low,0,1,0,0,0
SEG-063,2025-03-26,Guntakal,Track,30.4,Low,Low,0,0,0,0,0
SEG-063,2025-04-25,Guntakal,Track,30.4,Low,Low,0,0,0,0,0
SEG-063,2025-05-25,Guntakal,Track,30.4,Low,Low,0,0,0,0,0
SEG-063,2025-06-24,Guntakal,Track,30.4,Low,Low,0,0,0,0,1
SEG-063,2025-07-24,Guntakal,Track,30.4,Low,Low,0,0,0,0,1
SEG-063,2025-08-23,Guntakal,Track,30.4,Low,Low,0,0,0,0,1
SEG-063,2025-09-22,Guntakal,Track,30.4,Low,Low,0,0,0,0,1
SEG-063,2025-10-22,Guntakal,Track,30.4,Low,Low,0,0,0,0,0
SEG-063,2025-11-21,Guntakal,Track,30.4,Low,Low,0,0,0,0,0
SEG-064,2024-01-01,Solapur,Track,45.3,High,Low,0,0,0,1,0
SEG-064,2024-01-31,Solapur,Track,45.3,High,Low,0,0,0,1,0
SEG-064,2024-03-01,Solapur,Track,45.3,High,Low,0,0,0,1,0
SEG-064,2024-03-31,Solapur,Track,45.3,High,Low,0,0,0,1,0
SEG-064,2024-04-30,Solapur,Track,45.3,High,Low,0,0,0,1,0
SEG-064,2024-05-30,Solapur,Track,45.3,High,Low,0,0,0,1,0
SEG-064,2024-06-29,Solapur,Track,45.3,High,Low,0,0,0,1,1
SEG-064,2024-07-29,Solapur,Track,45.3,High,Low,0,0,0,1,1
SEG-064,2024-08-28,Solapur,Track,45.3,High,Low,0,1,0,1,1
SEG-064,2024-09-27,Solapur,Track,45.3,High,Low,0,0,0,1,1
SEG-064,2024-10-27,Solapur,Track,45.3,High,Low,0,0,0,1,0
SEG-064,2024-11-26,Solapur,Track,45.3,High,Low,0,0,0,1,0
SEG-064,2024-12-26,Solapur,Track,45.3,High,Low,0,0,0,1,0
SEG-064,2025-01-25,Solapur,Track,45.3,High,Low,0,1,0,1,0
SEG-064,2025-02-24,Solapur,Track,45.3,High,Low,0,0,0,1,0
SEG-064,2025-03-26,Solapur,Track,45.3,High,Low,0,0,1,1,0
SEG-064,2025-04-25,Solapur,Track,45.3,High,Low,0,0,0,0,0
SEG-064,2025-05-25,Solapur,Track,45.3,High,Low,0,0,0,0,0
SEG-064,2025-06-24,Solapur,Track,45.3,High,Low,0,0,0,0,1
SEG-064,2025-07-24,Solapur,Track,45.3,High,Low,0,0,0,0,1
SEG-064,2025-08-23,Solapur,Track,45.3,High,Low,0,0,0,0,1
SEG-064,2025-09-22,Solapur,Track,45.3,High,Low,0,0,0,0,1
SEG-064,2025-10-22,Solapur,Track,45.3,High,Low,0,0,0,0,0
SEG-064,2025-11-21,Solapur,Track,45.3,High,Low,0,0,0,0,0
SEG-065,2024-01-01,Solapur,Traction/OHE,7.8,High,High,0,0,0,1,0
SEG-065,2024-01-31,Solapur,Traction/OHE,7.8,High,High,0,0,0,1,0
SEG-065,2024-03-01,Solapur,Traction/OHE,7.8,High,High,0,1,0,1,0
SEG-065,2024-03-31,Solapur,Traction/OHE,7.8,High,High,0,0,0,1,0
SEG-065,2024-04-30,Solapur,Traction/OHE,7.8,High,High,0,0,0,1,0
SEG-065,2024-05-30,Solapur,Traction/OHE,7.8,High,High,0,0,0,1,0
SEG-065,2024-06-29,Solapur,Traction/OHE,7.8,High,High,0,0,0,1,1
SEG-065,2024-07-29,Solapur,Traction/OHE,7.8,High,High,0,0,0,1,1
SEG-065,2024-08-28,Solapur,Traction/OHE,7.8,High,High,0,0,0,1,1
SEG-065,2024-09-27,Solapur,Traction/OHE,7.8,High,High,0,0,0,1,1
SEG-065,2024-10-27,Solapur,Traction/OHE,7.8,High,High,0,0,0,1,0
SEG-065,2024-11-26,Solapur,Traction/OHE,7.8,High,High,0,1,0,1,0
SEG-065,2024-12-26,Solapur,Traction/OHE,7.8,High,High,1,0,1,1,0
SEG-065,2025-01-25,Solapur,Traction/OHE,7.8,High,High,1,0,0,0,0
SEG-065,2025-02-24,Solapur,Traction/OHE,7.8,High,High,1,0,0,0,0
SEG-065,2025-03-26,Solapur,Traction/OHE,7.8,High,High,0,1,0,0,0
SEG-065,2025-04-25,Solapur,Traction/OHE,7.8,High,High,1,0,0,0,0
SEG-065,2025-05-25,Solapur,Traction/OHE,7.8,High,High,1,0,0,0,0
SEG-065,2025-06-24,Solapur,Traction/OHE,7.8,High,High,1,0,0,0,1
SEG-065,2025-07-24,Solapur,Traction/OHE,7.8,High,High,0,0,0,0,1
SEG-065,2025-08-23,Solapur,Traction/OHE,7.8,High,High,0,0,0,0,1
SEG-065,2025-09-22,Solapur,Traction/OHE,7.8,High,High,0,0,0,0,1
SEG-065,2025-10-22,Solapur,Traction/OHE,7.8,High,High,0,0,0,0,0
SEG-065,2025-11-21,Solapur,Traction/OHE,7.8,High,High,0,1,0,0,0
SEG-066,2024-01-01,Solapur,Track,46.7,Low,Medium,0,0,0,1,0
SEG-066,2024-01-31,Solapur,Track,46.7,Low,Medium,0,0,0,1,0
SEG-066,2024-03-01,Solapur,Track,46.7,Low,Medium,0,0,0,1,0
SEG-066,2024-03-31,Solapur,Track,46.7,Low,Medium,0,1,0,1,0
SEG-066,2024-04-30,Solapur,Track,46.7,Low,Medium,0,0,0,1,0
SEG-066,2024-05-30,Solapur,Track,46.7,Low,Medium,0,0,0,1,0
SEG-066,2024-06-29,Solapur,Track,46.7,Low,Medium,0,0,0,1,1
SEG-066,2024-07-29,Solapur,Track,46.7,Low,Medium,0,0,0,1,1
SEG-066,2024-08-28,Solapur,Track,46.7,Low,Medium,0,0,0,1,1
SEG-066,2024-09-27,Solapur,Track,46.7,Low,Medium,0,0,0,1,1
SEG-066,2024-10-27,Solapur,Track,46.7,Low,Medium,0,1,0,1,0
SEG-066,2024-11-26,Solapur,Track,46.7,Low,Medium,1,0,0,1,0
SEG-066,2024-12-26,Solapur,Track,46.7,Low,Medium,1,0,0,1,0
SEG-066,2025-01-25,Solapur,Track,46.7,Low,Medium,1,1,0,1,0
SEG-066,2025-02-24,Solapur,Track,46.7,Low,Medium,0,0,0,1,0
SEG-066,2025-03-26,Solapur,Track,46.7,Low,Medium,0,0,0,1,0
SEG-066,2025-04-25,Solapur,Track,46.7,Low,Medium,0,0,0,1,0
SEG-066,2025-05-25,Solapur,Track,46.7,Low,Medium,0,0,0,1,0
SEG-066,2025-06-24,Solapur,Track,46.7,Low,Medium,0,0,0,1,1
SEG-066,2025-07-24,Solapur,Track,46.7,Low,Medium,0,1,0,1,1
SEG-066,2025-08-23,Solapur,Track,46.7,Low,Medium,0,0,0,1,1
SEG-066,2025-09-22,Solapur,Track,46.7,Low,Medium,0,0,0,1,1
SEG-066,2025-10-22,Solapur,Track,46.7,Low,Medium,0,0,1,1,0
SEG-066,2025-11-21,Solapur,Track,46.7,Low,Medium,0,0,0,0,0
SEG-067,2024-01-01,Solapur,S&T,46.5,Low,Medium,0,0,0,1,0
SEG-067,2024-01-31,Solapur,S&T,46.5,Low,Medium,0,1,0,1,0
SEG-067,2024-03-01,Solapur,S&T,46.5,Low,Medium,1,0,0,1,0
SEG-067,2024-03-31,Solapur,S&T,46.5,Low,Medium,1,0,0,1,0
SEG-067,2024-04-30,Solapur,S&T,46.5,Low,Medium,1,0,0,1,0
SEG-067,2024-05-30,Solapur,S&T,46.5,Low,Medium,0,0,0,1,0
SEG-067,2024-06-29,Solapur,S&T,46.5,Low,Medium,0,0,0,1,1
SEG-067,2024-07-29,Solapur,S&T,46.5,Low,Medium,0,0,0,1,1
SEG-067,2024-08-28,Solapur,S&T,46.5,Low,Medium,0,0,0,1,1
SEG-067,2024-09-27,Solapur,S&T,46.5,Low,Medium,0,0,0,1,1
SEG-067,2024-10-27,Solapur,S&T,46.5,Low,Medium,0,0,0,1,0
SEG-067,2024-11-26,Solapur,S&T,46.5,Low,Medium,0,0,0,1,0
SEG-067,2024-12-26,Solapur,S&T,46.5,Low,Medium,0,0,0,1,0
SEG-067,2025-01-25,Solapur,S&T,46.5,Low,Medium,0,0,0,1,0
SEG-067,2025-02-24,Solapur,S&T,46.5,Low,Medium,0,0,0,1,0
SEG-067,2025-03-26,Solapur,S&T,46.5,Low,Medium,0,0,0,1,0
SEG-067,2025-04-25,Solapur,S&T,46.5,Low,Medium,0,1,0,1,0
SEG-067,2025-05-25,Solapur,S&T,46.5,Low,Medium,0,0,0,1,0
SEG-067,2025-06-24,Solapur,S&T,46.5,Low,Medium,0,0,0,1,1
SEG-067,2025-07-24,Solapur,S&T,46.5,Low,Medium,0,1,0,1,1
SEG-067,2025-08-23,Solapur,S&T,46.5,Low,Medium,0,0,0,1,1
SEG-067,2025-09-22,Solapur,S&T,46.5,Low,Medium,0,0,0,1,1
SEG-067,2025-10-22,Solapur,S&T,46.5,Low,Medium,0,0,0,1,0
SEG-067,2025-11-21,Solapur,S&T,46.5,Low,Medium,0,0,0,1,0
SEG-068,2024-01-01,Pune,Track,8.1,Low,Low,0,0,0,1,0
SEG-068,2024-01-31,Pune,Track,8.1,Low,Low,0,0,0,1,0
SEG-068,2024-03-01,Pune,Track,8.1,Low,Low,0,0,0,1,0
SEG-068,2024-03-31,Pune,Track,8.1,Low,Low,0,0,0,1,0
SEG-068,2024-04-30,Pune,Track,8.1,Low,Low,0,0,0,1,0
SEG-068,2024-05-30,Pune,Track,8.1,Low,Low,0,0,0,1,0
SEG-068,2024-06-29,Pune,Track,8.1,Low,Low,0,1,0,1,1
SEG-068,2024-07-29,Pune,Track,8.1,Low,Low,0,0,0,1,1
SEG-068,2024-08-28,Pune,Track,8.1,Low,Low,0,0,0,1,1
SEG-068,2024-09-27,Pune,Track,8.1,Low,Low,0,0,0,1,1
SEG-068,2024-10-27,Pune,Track,8.1,Low,Low,0,0,0,1,0
SEG-068,2024-11-26,Pune,Track,8.1,Low,Low,0,0,0,1,0
SEG-068,2024-12-26,Pune,Track,8.1,Low,Low,0,1,0,1,0
SEG-068,2025-01-25,Pune,Track,8.1,Low,Low,0,0,0,1,0
SEG-068,2025-02-24,Pune,Track,8.1,Low,Low,0,0,0,1,0
SEG-068,2025-03-26,Pune,Track,8.1,Low,Low,0,0,0,1,0
SEG-068,2025-04-25,Pune,Track,8.1,Low,Low,0,0,0,1,0
SEG-068,2025-05-25,Pune,Track,8.1,Low,Low,0,0,0,1,0
SEG-068,2025-06-24,Pune,Track,8.1,Low,Low,0,0,0,1,1
SEG-068,2025-07-24,Pune,Track,8.1,Low,Low,0,0,0,1,1
SEG-068,2025-08-23,Pune,Track,8.1,Low,Low,0,0,0,1,1
SEG-068,2025-09-22,Pune,Track,8.1,Low,Low,0,0,0,1,1
SEG-068,2025-10-22,Pune,Track,8.1,Low,Low,0,0,0,1,0
SEG-068,2025-11-21,Pune,Track,8.1,Low,Low,0,0,0,1,0
SEG-069,2024-01-01,Pune,S&T,24.6,Low,Low,0,0,0,1,0
SEG-069,2024-01-31,Pune,S&T,24.6,Low,Low,0,0,0,1,0
SEG-069,2024-03-01,Pune,S&T,24.6,Low,Low,0,0,0,1,0
SEG-069,2024-03-31,Pune,S&T,24.6,Low,Low,0,0,0,1,0
SEG-069,2024-04-30,Pune,S&T,24.6,Low,Low,0,1,0,1,0
SEG-069,2024-05-30,Pune,S&T,24.6,Low,Low,0,0,0,1,0
SEG-069,2024-06-29,Pune,S&T,24.6,Low,Low,0,0,0,1,1
SEG-069,2024-07-29,Pune,S&T,24.6,Low,Low,0,0,0,1,1
SEG-069,2024-08-28,Pune,S&T,24.6,Low,Low,0,0,0,1,1
SEG-069,2024-09-27,Pune,S&T,24.6,Low,Low,0,0,0,1,1
SEG-069,2024-10-27,Pune,S&T,24.6,Low,Low,0,0,0,1,0
SEG-069,2024-11-26,Pune,S&T,24.6,Low,Low,0,0,0,1,0
SEG-069,2024-12-26,Pune,S&T,24.6,Low,Low,0,0,0,1,0
SEG-069,2025-01-25,Pune,S&T,24.6,Low,Low,0,0,0,1,0
SEG-069,2025-02-24,Pune,S&T,24.6,Low,Low,0,0,0,1,0
SEG-069,2025-03-26,Pune,S&T,24.6,Low,Low,0,0,0,1,0
SEG-069,2025-04-25,Pune,S&T,24.6,Low,Low,0,0,0,1,0
SEG-069,2025-05-25,Pune,S&T,24.6,Low,Low,0,0,0,1,0
SEG-069,2025-06-24,Pune,S&T,24.6,Low,Low,0,0,0,1,1
SEG-069,2025-07-24,Pune,S&T,24.6,Low,Low,0,0,0,1,1
SEG-069,2025-08-23,Pune,S&T,24.6,Low,Low,0,0,0,1,1
SEG-069,2025-09-22,Pune,S&T,24.6,Low,Low,0,1,0,1,1
SEG-069,2025-10-22,Pune,S&T,24.6,Low,Low,0,0,0,1,0
SEG-069,2025-11-21,Pune,S&T,24.6,Low,Low,0,0,0,1,0
SEG-070,2024-01-01,Pune,S&T,21.7,Medium,Medium,0,0,0,1,0
SEG-070,2024-01-31,Pune,S&T,21.7,Medium,Medium,0,0,0,1,0
SEG-070,2024-03-01,Pune,S&T,21.7,Medium,Medium,0,0,0,1,0
SEG-070,2024-03-31,Pune,S&T,21.7,Medium,Medium,0,0,0,1,0
SEG-070,2024-04-30,Pune,S&T,21.7,Medium,Medium,0,0,0,1,0
SEG-070,2024-05-30,Pune,S&T,21.7,Medium,Medium,0,0,0,1,0
SEG-070,2024-06-29,Pune,S&T,21.7,Medium,Medium,0,0,0,1,1
SEG-070,2024-07-29,Pune,S&T,21.7,Medium,Medium,0,0,0,1,1
SEG-070,2024-08-28,Pune,S&T,21.7,Medium,Medium,0,0,0,1,1
SEG-070,2024-09-27,Pune,S&T,21.7,Medium,Medium,0,0,0,1,1
SEG-070,2024-10-27,Pune,S&T,21.7,Medium,Medium,0,0,0,1,0
SEG-070,2024-11-26,Pune,S&T,21.7,Medium,Medium,0,0,0,1,0
SEG-070,2024-12-26,Pune,S&T,21.7,Medium,Medium,0,0,0,1,0
SEG-070,2025-01-25,Pune,S&T,21.7,Medium,Medium,0,0,0,1,0
SEG-070,2025-02-24,Pune,S&T,21.7,Medium,Medium,0,0,0,1,0
SEG-070,2025-03-26,Pune,S&T,21.7,Medium,Medium,0,0,0,1,0
SEG-070,2025-04-25,Pune,S&T,21.7,Medium,Medium,0,0,0,1,0
SEG-070,2025-05-25,Pune,S&T,21.7,Medium,Medium,0,0,0,1,0
SEG-070,2025-06-24,Pune,S&T,21.7,Medium,Medium,0,0,0,1,1
SEG-070,2025-07-24,Pune,S&T,21.7,Medium,Medium,0,1,0,1,1
SEG-070,2025-08-23,Pune,S&T,21.7,Medium,Medium,0,0,0,1,1
SEG-070,2025-09-22,Pune,S&T,21.7,Medium,Medium,0,0,0,1,1
SEG-070,2025-10-22,Pune,S&T,21.7,Medium,Medium,0,0,0,1,0
SEG-070,2025-11-21,Pune,S&T,21.7,Medium,Medium,0,0,0,1,0
SEG-071,2024-01-01,Pune,Traction/OHE,21.8,Low,Low,0,0,0,1,0
SEG-071,2024-01-31,Pune,Traction/OHE,21.8,Low,Low,0,0,0,1,0
SEG-071,2024-03-01,Pune,Traction/OHE,21.8,Low,Low,0,0,0,1,0
SEG-071,2024-03-31,Pune,Traction/OHE,21.8,Low,Low,0,0,0,1,0
SEG-071,2024-04-30,Pune,Traction/OHE,21.8,Low,Low,0,0,0,1,0
SEG-071,2024-05-30,Pune,Traction/OHE,21.8,Low,Low,0,0,0,1,0
SEG-071,2024-06-29,Pune,Traction/OHE,21.8,Low,Low,0,0,0,1,1
SEG-071,2024-07-29,Pune,Traction/OHE,21.8,Low,Low,0,0,0,1,1
SEG-071,2024-08-28,Pune,Traction/OHE,21.8,Low,Low,0,0,0,1,1
SEG-071,2024-09-27,Pune,Traction/OHE,21.8,Low,Low,0,0,0,1,1
SEG-071,2024-10-27,Pune,Traction/OHE,21.8,Low,Low,0,0,0,1,0
SEG-071,2024-11-26,Pune,Traction/OHE,21.8,Low,Low,0,0,0,1,0
SEG-071,2024-12-26,Pune,Traction/OHE,21.8,Low,Low,0,0,1,1,0
SEG-071,2025-01-25,Pune,Traction/OHE,21.8,Low,Low,0,0,0,0,0
SEG-071,2025-02-24,Pune,Traction/OHE,21.8,Low,Low,0,0,0,0,0
SEG-071,2025-03-26,Pune,Traction/OHE,21.8,Low,Low,0,0,0,0,0
SEG-071,2025-04-25,Pune,Traction/OHE,21.8,Low,Low,0,0,0,0,0
SEG-071,2025-05-25,Pune,Traction/OHE,21.8,Low,Low,0,0,0,0,0
SEG-071,2025-06-24,Pune,Traction/OHE,21.8,Low,Low,0,0,0,0,1
SEG-071,2025-07-24,Pune,Traction/OHE,21.8,Low,Low,0,0,0,0,1
SEG-071,2025-08-23,Pune,Traction/OHE,21.8,Low,Low,0,0,0,0,1
SEG-071,2025-09-22,Pune,Traction/OHE,21.8,Low,Low,0,0,0,0,1
SEG-071,2025-10-22,Pune,Traction/OHE,21.8,Low,Low,0,0,0,0,0
SEG-071,2025-11-21,Pune,Traction/OHE,21.8,Low,Low,0,0,0,0,0
SEG-072,2024-01-01,Mumbai,Traction/OHE,15.3,Low,Low,0,0,0,1,0
SEG-072,2024-01-31,Mumbai,Traction/OHE,15.3,Low,Low,0,0,0,1,0
SEG-072,2024-03-01,Mumbai,Traction/OHE,15.3,Low,Low,0,0,0,1,0
SEG-072,2024-03-31,Mumbai,Traction/OHE,15.3,Low,Low,0,0,0,1,0
SEG-072,2024-04-30,Mumbai,Traction/OHE,15.3,Low,Low,0,0,0,1,0
SEG-072,2024-05-30,Mumbai,Traction/OHE,15.3,Low,Low,0,0,0,1,0
SEG-072,2024-06-29,Mumbai,Traction/OHE,15.3,Low,Low,0,0,0,1,1
SEG-072,2024-07-29,Mumbai,Traction/OHE,15.3,Low,Low,0,0,0,1,1
SEG-072,2024-08-28,Mumbai,Traction/OHE,15.3,Low,Low,0,0,0,1,1
SEG-072,2024-09-27,Mumbai,Traction/OHE,15.3,Low,Low,0,0,0,1,1
SEG-072,2024-10-27,Mumbai,Traction/OHE,15.3,Low,Low,0,0,0,1,0
SEG-072,2024-11-26,Mumbai,Traction/OHE,15.3,Low,Low,0,0,0,1,0
SEG-072,2024-12-26,Mumbai,Traction/OHE,15.3,Low,Low,0,0,0,1,0
SEG-072,2025-01-25,Mumbai,Traction/OHE,15.3,Low,Low,0,0,0,1,0
SEG-072,2025-02-24,Mumbai,Traction/OHE,15.3,Low,Low,0,1,0,1,0
SEG-072,2025-03-26,Mumbai,Traction/OHE,15.3,Low,Low,0,0,0,1,0
SEG-072,2025-04-25,Mumbai,Traction/OHE,15.3,Low,Low,0,0,0,1,0
SEG-072,2025-05-25,Mumbai,Traction/OHE,15.3,Low,Low,0,0,0,1,0
SEG-072,2025-06-24,Mumbai,Traction/OHE,15.3,Low,Low,0,0,0,1,1
SEG-072,2025-07-24,Mumbai,Traction/OHE,15.3,Low,Low,0,0,0,1,1
SEG-072,2025-08-23,Mumbai,Traction/OHE,15.3,Low,Low,0,0,0,1,1
SEG-072,2025-09-22,Mumbai,Traction/OHE,15.3,Low,Low,0,0,0,1,1
SEG-072,2025-10-22,Mumbai,Traction/OHE,15.3,Low,Low,0,0,0,1,0
SEG-072,2025-11-21,Mumbai,Traction/OHE,15.3,Low,Low,0,0,0,1,0
SEG-073,2024-01-01,Mumbai,S&T,19.2,High,High,0,0,0,1,0
SEG-073,2024-01-31,Mumbai,S&T,19.2,High,High,0,0,0,1,0
SEG-073,2024-03-01,Mumbai,S&T,19.2,High,High,0,0,0,1,0
SEG-073,2024-03-31,Mumbai,S&T,19.2,High,High,0,0,0,1,0
SEG-073,2024-04-30,Mumbai,S&T,19.2,High,High,0,0,0,1,0
SEG-073,2024-05-30,Mumbai,S&T,19.2,High,High,0,0,0,1,0
SEG-073,2024-06-29,Mumbai,S&T,19.2,High,High,0,0,0,1,1
SEG-073,2024-07-29,Mumbai,S&T,19.2,High,High,0,0,0,1,1
SEG-073,2024-08-28,Mumbai,S&T,19.2,High,High,0,1,0,1,1
SEG-073,2024-09-27,Mumbai,S&T,19.2,High,High,1,1,0,1,1
SEG-073,2024-10-27,Mumbai,S&T,19.2,High,High,1,0,0,1,0
SEG-073,2024-11-26,Mumbai,S&T,19.2,High,High,1,0,0,1,0
SEG-073,2024-12-26,Mumbai,S&T,19.2,High,High,0,0,0,1,0
SEG-073,2025-01-25,Mumbai,S&T,19.2,High,High,0,0,0,1,0
SEG-073,2025-02-24,Mumbai,S&T,19.2,High,High,0,0,0,1,0
SEG-073,2025-03-26,Mumbai,S&T,19.2,High,High,0,0,0,1,0
SEG-073,2025-04-25,Mumbai,S&T,19.2,High,High,0,1,0,1,0
SEG-073,2025-05-25,Mumbai,S&T,19.2,High,High,1,0,0,1,0
SEG-073,2025-06-24,Mumbai,S&T,19.2,High,High,1,0,0,1,1
SEG-073,2025-07-24,Mumbai,S&T,19.2,High,High,1,0,0,1,1
SEG-073,2025-08-23,Mumbai,S&T,19.2,High,High,0,0,0,1,1
SEG-073,2025-09-22,Mumbai,S&T,19.2,High,High,0,0,0,1,1
SEG-073,2025-10-22,Mumbai,S&T,19.2,High,High,0,0,0,1,0
SEG-073,2025-11-21,Mumbai,S&T,19.2,High,High,0,0,0,1,0
SEG-074,2024-01-01,Mumbai,Track,45.3,High,Low,0,0,1,1,0
SEG-074,2024-01-31,Mumbai,Track,45.3,High,Low,0,0,0,0,0
SEG-074,2024-03-01,Mumbai,Track,45.3,High,Low,0,0,0,0,0
SEG-074,2024-03-31,Mumbai,Track,45.3,High,Low,0,0,0,0,0
SEG-074,2024-04-30,Mumbai,Track,45.3,High,Low,0,0,0,0,0
SEG-074,2024-05-30,Mumbai,Track,45.3,High,Low,0,0,0,0,0
SEG-074,2024-06-29,Mumbai,Track,45.3,High,Low,0,0,0,0,1
SEG-074,2024-07-29,Mumbai,Track,45.3,High,Low,0,1,0,0,1
SEG-074,2024-08-28,Mumbai,Track,45.3,High,Low,0,0,0,0,1
SEG-074,2024-09-27,Mumbai,Track,45.3,High,Low,0,0,0,0,1
SEG-074,2024-10-27,Mumbai,Track,45.3,High,Low,0,0,0,0,0
SEG-074,2024-11-26,Mumbai,Track,45.3,High,Low,0,0,0,0,0
SEG-074,2024-12-26,Mumbai,Track,45.3,High,Low,0,0,0,0,0
SEG-074,2025-01-25,Mumbai,Track,45.3,High,Low,0,1,0,0,0
SEG-074,2025-02-24,Mumbai,Track,45.3,High,Low,0,0,0,0,0
SEG-074,2025-03-26,Mumbai,Track,45.3,High,Low,0,0,0,0,0
SEG-074,2025-04-25,Mumbai,Track,45.3,High,Low,0,0,0,0,0
SEG-074,2025-05-25,Mumbai,Track,45.3,High,Low,0,0,0,0,0
SEG-074,2025-06-24,Mumbai,Track,45.3,High,Low,0,0,0,0,1
SEG-074,2025-07-24,Mumbai,Track,45.3,High,Low,0,1,0,0,1
SEG-074,2025-08-23,Mumbai,Track,45.3,High,Low,0,0,0,0,1
SEG-074,2025-09-22,Mumbai,Track,45.3,High,Low,0,0,0,0,1
SEG-074,2025-10-22,Mumbai,Track,45.3,High,Low,0,0,0,0,0
SEG-074,2025-11-21,Mumbai,Track,45.3,High,Low,0,1,0,0,0
SEG-075,2024-01-01,Mumbai,Traction/OHE,27.4,Medium,Medium,0,0,0,1,0
SEG-075,2024-01-31,Mumbai,Traction/OHE,27.4,Medium,Medium,0,0,0,1,0
SEG-075,2024-03-01,Mumbai,Traction/OHE,27.4,Medium,Medium,0,0,0,1,0
SEG-075,2024-03-31,Mumbai,Traction/OHE,27.4,Medium,Medium,0,1,0,1,0
SEG-075,2024-04-30,Mumbai,Traction/OHE,27.4,Medium,Medium,0,0,0,1,0
SEG-075,2024-05-30,Mumbai,Traction/OHE,27.4,Medium,Medium,0,0,0,1,0
SEG-075,2024-06-29,Mumbai,Traction/OHE,27.4,Medium,Medium,0,0,0,1,1
SEG-075,2024-07-29,Mumbai,Traction/OHE,27.4,Medium,Medium,0,0,0,1,1
SEG-075,2024-08-28,Mumbai,Traction/OHE,27.4,Medium,Medium,0,0,0,1,1
SEG-075,2024-09-27,Mumbai,Traction/OHE,27.4,Medium,Medium,0,0,0,1,1
SEG-075,2024-10-27,Mumbai,Traction/OHE,27.4,Medium,Medium,0,0,0,1,0
SEG-075,2024-11-26,Mumbai,Traction/OHE,27.4,Medium,Medium,0,0,0,1,0
SEG-075,2024-12-26,Mumbai,Traction/OHE,27.4,Medium,Medium,0,0,0,1,0
SEG-075,2025-01-25,Mumbai,Traction/OHE,27.4,Medium,Medium,0,0,0,1,0
SEG-075,2025-02-24,Mumbai,Traction/OHE,27.4,Medium,Medium,0,0,0,1,0
SEG-075,2025-03-26,Mumbai,Traction/OHE,27.4,Medium,Medium,0,0,0,1,0
SEG-075,2025-04-25,Mumbai,Traction/OHE,27.4,Medium,Medium,0,0,0,1,0
SEG-075,2025-05-25,Mumbai,Traction/OHE,27.4,Medium,Medium,0,0,1,1,0
SEG-075,2025-06-24,Mumbai,Traction/OHE,27.4,Medium,Medium,0,0,0,0,1
SEG-075,2025-07-24,Mumbai,Traction/OHE,27.4,Medium,Medium,0,1,0,0,1
SEG-075,2025-08-23,Mumbai,Traction/OHE,27.4,Medium,Medium,0,0,0,0,1
SEG-075,2025-09-22,Mumbai,Traction/OHE,27.4,Medium,Medium,0,1,0,0,1
SEG-075,2025-10-22,Mumbai,Traction/OHE,27.4,Medium,Medium,1,0,0,0,0
SEG-075,2025-11-21,Mumbai,Traction/OHE,27.4,Medium,Medium,1,0,0,0,0
